anchor_timestamp_utc,status,reason,m_30,m_60,m_90,m_120,m_150,m_180,m_210,m_240,m_270,m_300,m_330,m_360,m_390,m_420,m_450,m_480,m_510,m_540,m_570,m_600,m_630,m_660,m_690,m_720
2026-06-05T07:00:00Z,,,0.0,0.0,0.0,0.0,0.0,0.0,0.0,0.0,0.0,0.0,0.0,0.0,0.0,0.0,0.0,0.0,0.0,0.0,0.0,0.0,0.0,0.0,0.0,0.0
2026-06-05T07:30:00Z,,,0.0,0.0,0.0,0.0,0.0,0.0,0.0,0.0,0.0,0.0,0.0,0.0,0.0,0.0,0.0,0.0,0.0,0.0,0.0,0.0,0.0,0.0,0.0,0.0
2026-06-05T08:00:00Z,,,0.0,0.0,0.0,0.0,0.0,0.0,0.0,0.0,0.0,0.0,0.0,0.0,0.0,0.0,0.0,0.0,0.0,0.0,0.0,0.0,0.0,0.0,0.0,0.0
2026-06-05T08:30:00Z,,,0.0,0.0,0.0,0.0,0.0,0.0,0.0,0.0,0.0,0.0,0.0,0.0,0.0,0.0,0.0,0.0,0.0,0.0,0.0,0.0,0.0,0.0,0.0,0.0
2026-06-05T09:00:00Z,,,0.0,0.0,0.0,0.0,0.0,0.0,0.0,0.0,0.0,0.0,0.0,0.0,0.0,0.0,0.0,0.0,0.0,0.0,0.0,0.0,0.0,0.0,0.0,0.0
2026-06-05T09:30:00Z,,,0.0,0.0,0.0,0.0,0.0,0.0,0.0,0.0,0.0,0.0,0.0,0.0,0.0,0.0,0.0,0.0,0.0,0.0,0.0,0.0,0.0,0.0,0.0,0.0
2026-06-05T10:00:00Z,,,0.0,0.0,0.0,0.0,0.0,0.0,0.0,0.0,0.0,0.0,0.0,0.0,0.0,0.0,0.0,0.0,0.0,0.0,0.0,0.0,0.0,0.0,0.0,0.0
2026-06-05T10:30:00Z,,,0.0,0.0,0.0,0.0,0.0,0.0,0.0,0.0,0.0,0.0,0.0,0.0,0.0,0.0,0.0,0.0,0.0,0.0,0.0,0.0,0.0,0.0,0.0,0.0
2026-06-05T11:00:00Z,,,0.0,0.0,0.0,0.0,0.0,0.0,0.0,0.0,0.0,0.0,0.0,0.0,0.0,0.0,0.0,0.0,0.0,0.0,0.0,0.0,0.0,0.0,0.0,0.0
2026-06-05T11:30:00Z,,,0.0,0.0,0.0,0.0,0.0,0.0,0.0,0.0,0.0,0.0,0.0,0.0,0.0,0.0,0.0,0.0,0.0,0.0,0.0,0.0,0.0,0.0,0.0,0.0
2026-06-05T12:00:00Z,,,0.0,0.0,0.0,0.0,0.0,0.0,0.0,0.0,0.0,0.0,0.0,0.0,0.0,0.0,0.0,0.0,0.0,0.0,0.0,0.0,0.0,0.0,0.0,0.0
2026-06-05T12:30:00Z,,,0.0,0.0,0.0,0.0,0.0,0.0,0.0,0.0,0.0,0.0,0.0,0.0,0.0,0.0,0.0,0.0,0.0,0.0,0.0,0.0,0.0,0.0,0.0,0.0
2026-06-05T13:00:00Z,,,0.0,0.0,0.0,0.0,0.0,0.0,0.0,0.0,0.0,0.0,0.0,0.0,0.0,0.0,0.0,0.0,0.0,0.0,0.0,0.0,0.0,0.0,0.0,0.0
2026-06-05T13:30:00Z,,,0.0,0.0,0.0,0.0,0.0,0.0,0.0,0.0,0.0,0.0,0.0,0.0,0.0,0.0,0.0,0.0,0.0,0.0,0.0,0.0,0.0,0.0,0.0,0.0
2026-06-05T14:00:00Z,,,0.0,0.0,0.0,0.0,0.0,0.0,0.0,0.0,0.0,0.0,0.0,0.0,0.0,0.0,0.0,0.0,0.0,0.0,0.0,0.0,0.0,0.0,0.0,0.0
2026-06-05T14:30:00Z,,,0.0,0.0,0.0,0.0,0.0,0.0,0.0,0.0,0.0,0.0,0.0,0.0,0.0,0.0,0.0,0.0,0.0,0.0,0.0,0.0,0.0,0.0,0.0,0.0
2026-06-05T15:00:00Z,,,0.0,0.0,0.0,0.0,0.0,0.0,0.0,0.0,0.0,0.0,0.0,0.0,0.0,0.0,0.0,0.0,0.0,0.0,0.0,0.0,0.0,0.0,0.0,0.0
2026-06-05T15:30:00Z,,,0.0,0.0,0.0,0.0,0.0,0.0,0.0,0.0,0.0,0.0,0.0,0.0,0.0,0.0,0.0,0.0,0.0,0.0,0.0,0.0,0.0,0.0,0.0,0.0
2026-06-05T16:00:00Z,,,0.0,0.0,0.0,0.0,0.0,0.0,0.0,0.0,0.0,0.0,0.0,0.0,0.0,0.0,0.0,0.0,0.0,0.0,0.0,0.0,0.0,0.0,0.0,0.0
2026-06-05T16:30:00Z,,,0.0,0.0,0.0,0.0,0.0,0.0,0.0,0.0,0.0,0.0,0.0,0.0,0.0,0.0,0.0,0.0,0.0,0.0,0.0,0.0,0.0,0.0,0.0,0.0
2026-06-05T17:00:00Z,,,0.0,0.0,0.0,0.0,0.0,0.0,0.0,0.0,0.0,0.0,0.0,0.0,0.0,0.0,0.0,0.0,0.0,0.0,0.0,0.0,0.0,0.0,0.0,0.0
2026-06-05T17:30:00Z,,,0.0,0.0,0.0,0.0,0.0,0.0,0.0,0.0,0.0,0.0,0.0,0.0,0.0,0.0,0.0,0.0,0.0,0.0,0.0,0.0,0.0,0.0,0.0,0.0
2026-06-05T18:00:00Z,,,0.0,0.0,0.0,0.0,0.0,0.0,0.0,0.0,0.0,0.0,0.0,0.0,0.0,0.0,0.0,0.0,0.0,0.0,0.0,0.0,0.0,0.0,0.0,0.0
2026-06-05T18:30:00Z,,,0.0,0.0,0.0,0.0,0.0,0.0,0.0,0.0,0.0,0.0,0.0,0.0,0.0,0.0,0.0,0.0,0.0,0.0,0.0,0.0,0.0,0.0,0.0,0.0
2026-06-05T19:00:00Z,,,0.0,0.0,0.0,0.0,0.0,0.0,0.0,0.0,0.0,0.0,0.0,0.0,0.0,0.0,0.0,0.0,0.0,0.0,0.0,0.0,0.0,0.0,0.0,0.0
2026-06-05T19:30:00Z,,,0.0,0.0,0.0,0.0,0.0,0.0,0.0,0.0,0.0,0.0,0.0,0.0,0.0,0.0,0.0,0.0,0.0,0.0,0.0,0.0,0.0,0.0,0.0,0.0
2026-06-05T20:00:00Z,,,0.0,0.0,0.0,0.0,0.0,0.0,0.0,0.0,0.0,0.0,0.0,0.0,0.0,0.0,0.0,0.0,0.0,0.0,0.0,0.0,0.0,0.0,0.0,0.0
2026-06-05T20:30:00Z,,,0.0,0.0,0.0,0.0,0.0,0.0,0.0,0.0,0.0,0.0,0.0,0.0,0.0,0.0,0.0,0.0,0.0,0.0,0.0,0.0,0.0,0.0,0.0,0.0
2026-06-05T21:00:00Z,,,0.0,0.0,0.0,0.0,0.0,0.0,0.0,0.0,0.0,0.0,0.0,0.0,0.0,0.0,0.0,0.0,0.0,0.0,0.0,0.0,0.0,0.0,0.0,0.0
2026-06-05T21:30:00Z,,,0.0,0.0,0.0,0.0,0.0,0.0,0.0,0.0,0.0,0.0,0.0,0.0,0.0,0.0,0.0,0.0,0.0,0.0,0.0,0.0,0.0,0.0,0.0,0.0
2026-06-05T22:00:00Z,,,0.0,0.0,0.0,0.0,0.0,0.0,0.0,0.0,0.0,0.0,0.0,0.0,0.0,0.0,0.0,0.0,0.0,0.0,0.0,0.0,0.0,0.0,0.0,0.0
2026-06-05T22:30:00Z,,,0.0,0.0,0.0,0.0,0.0,0.0,0.0,0.0,0.0,0.0,0.0,0.0,0.0,0.0,0.0,0.0,0.0,0.0,0.0,0.0,0.0,0.0,0.0,0.0
2026-06-05T23:00:00Z,,,0.0,0.0,0.0,0.0,0.0,0.0,0.0,0.0,0.0,0.0,0.0,0.0,0.0,0.0,0.0,0.0,0.0,0.0,0.0,0.0,0.0,0.0,0.0,0.0
2026-06-05T23:30:00Z,,,0.0,0.0,0.0,0.0,0.0,0.0,0.0,0.0,0.0,0.0,0.0,0.0,0.0,0.0,0.0,0.0,0.0,0.0,0.0,0.0,0.0,0.0,0.0,0.0
2026-06-06T00:00:00Z,,,0.0,0.0,0.0,0.0,0.0,0.0,0.0,0.0,0.0,0.0,0.0,0.0,0.0,0.0,0.0,0.0,0.0,0.0,0.0,0.0,0.0,0.0,0.0,0.0
2026-06-06T00:30:00Z,,,0.0,0.0,0.0,0.0,0.0,0.0,0.0,0.0,0.0,0.0,0.0,0.0,0.0,0.0,0.0,0.0,0.0,0.0,0.0,0.0,0.0,0.0,0.0,0.0
2026-06-06T01:00:00Z,,,0.0,0.0,0.0,0.0,0.0,0.0,0.0,0.0,0.0,0.0,0.0,0.0,0.0,0.0,0.0,0.0,0.0,0.0,0.0,0.0,0.0,0.0,0.0,0.0
2026-06-06T01:30:00Z,,,0.0,0.0,0.0,0.0,0.0,0.0,0.0,0.0,0.0,0.0,0.0,0.0,0.0,0.0,0.0,0.0,0.0,0.0,0.0,0.0,0.0,0.0,0.0,0.0
2026-06-06T02:00:00Z,,,0.0,0.0,0.0,0.0,0.0,0.0,0.0,0.0,0.0,0.0,0.0,0.0,0.0,0.0,0.0,0.0,0.0,0.0,0.0,0.0,0.0,0.0,0.0,0.0
2026-06-06T02:30:00Z,,,0.0,0.0,0.0,0.0,0.0,0.0,0.0,0.0,0.0,0.0,0.0,0.0,0.0,0.0,0.0,0.0,0.0,0.0,0.0,0.0,0.0,0.0,0.0,0.0
2026-06-06T03:00:00Z,,,0.0,0.0,0.0,0.0,0.0,0.0,0.0,0.0,0.0,0.0,0.0,0.0,0.0,0.0,0.0,0.0,0.0,0.0,0.0,0.0,0.0,0.0,0.0,0.0
2026-06-06T03:30:00Z,,,0.0,0.0,0.0,0.0,0.0,0.0,0.0,0.0,0.0,0.0,0.0,0.0,0.0,0.0,0.0,0.0,0.0,0.0,0.0,0.0,0.0,0.0,0.0,0.0
2026-06-06T04:00:00Z,,,0.0,0.0,0.0,0.0,0.0,0.0,0.0,0.0,0.0,0.0,0.0,0.0,0.0,0.0,0.0,0.0,0.0,0.0,0.0,0.0,0.0,0.0,0.0,0.0
2026-06-06T04:30:00Z,,,0.0,0.0,0.0,0.0,0.0,0.0,0.0,0.0,0.0,0.0,0.0,0.0,0.0,0.0,0.0,0.0,0.0,0.0,0.0,0.0,0.0,0.0,0.0,0.0
2026-06-06T05:00:00Z,,,0.0,0.0,0.0,0.0,0.0,0.0,0.0,0.0,0.0,0.0,0.0,0.0,0.0,0.0,0.0,0.0,0.0,0.0,0.0,0.0,0.0,0.0,0.0,0.0
2026-06-06T05:30:00Z,,,0.0,0.0,0.0,0.0,0.0,0.0,0.0,0.0,0.0,0.0,0.0,0.0,0.0,0.0,0.0,0.0,0.0,0.0,0.0,0.0,0.0,0.0,0.0,0.0
2026-06-06T06:00:00Z,,,0.0,0.0,0.0,0.0,0.0,0.0,0.0,0.0,0.0,0.0,0.0,0.0,0.0,0.0,0.0,0.0,0.0,0.0,0.0,0.0,0.0,0.0,0.0,0.0
2026-06-06T06:30:00Z,,,0.0,0.0,0.0,0.0,0.0,0.0,0.0,0.0,0.0,0.0,0.0,0.0,0.0,0.0,0.0,0.0,0.0,0.0,0.0,0.0,0.0,0.0,0.0,0.0
2026-06-06T07:00:00Z,,,0.0,0.0,0.0,0.0,0.0,0.0,0.0,0.0,0.0,0.0,0.0,0.0,0.0,0.0,0.0,0.0,0.0,0.0,0.0,0.0,0.0,0.0,0.0,0.0
2026-06-06T07:30:00Z,,,0.0,0.0,0.0,0.0,0.0,0.0,0.0,0.0,0.0,0.0,0.0,0.0,0.0,0.0,0.0,0.0,0.0,0.0,0.0,0.0,0.0,0.0,0.0,0.0
2026-06-06T08:00:00Z,,,0.0,0.0,0.0,0.0,0.0,0.0,0.0,0.0,0.0,0.0,0.0,0.0,0.0,0.0,0.0,0.0,0.0,0.0,0.0,0.0,0.0,0.0,0.0,0.0
2026-06-06T08:30:00Z,,,0.0,0.0,0.0,0.0,0.0,0.0,0.0,0.0,0.0,0.0,0.0,0.0,0.0,0.0,0.0,0.0,0.0,0.0,0.0,0.0,0.0,0.0,0.0,0.0
2026-06-06T09:00:00Z,,,0.0,0.0,0.0,0.0,0.0,0.0,0.0,0.0,0.0,0.0,0.0,0.0,0.0,0.0,0.0,0.0,0.0,0.0,0.0,0.0,0.0,0.0,0.0,0.0
2026-06-06T09:30:00Z,,,0.0,0.0,0.0,0.0,0.0,0.0,0.0,0.0,0.0,0.0,0.0,0.0,0.0,0.0,0.0,0.0,0.0,0.0,0.0,0.0,0.0,0.0,0.0,0.0
2026-06-06T10:00:00Z,,,0.0,0.0,0.0,0.0,0.0,0.0,0.0,0.0,0.0,0.0,0.0,0.0,0.0,0.0,0.0,0.0,0.0,0.0,0.0,0.0,0.0,0.0,0.0,0.0
2026-06-06T10:30:00Z,,,0.0,0.0,0.0,0.0,0.0,0.0,0.0,0.0,0.0,0.0,0.0,0.0,0.0,0.0,0.0,0.0,0.0,0.0,0.0,0.0,0.0,0.0,0.0,0.0
2026-06-06T11:00:00Z,,,0.0,0.0,0.0,0.0,0.0,0.0,0.0,0.0,0.0,0.0,0.0,0.0,0.0,0.0,0.0,0.0,0.0,0.0,0.0,0.0,0.0,0.0,0.0,0.0
2026-06-06T11:30:00Z,,,0.0,0.0,0.0,0.0,0.0,0.0,0.0,0.0,0.0,0.0,0.0,0.0,0.0,0.0,0.0,0.0,0.0,0.0,0.0,0.0,0.0,0.0,0.0,0.0
2026-06-06T12:00:00Z,,,0.0,0.0,0.0,0.0,0.0,0.0,0.0,0.0,0.0,0.0,0.0,0.0,0.0,0.0,0.0,0.0,0.0,0.0,0.0,0.0,0.0,0.0,0.0,0.0
2026-06-06T12:30:00Z,,,0.0,0.0,0.0,0.0,0.0,0.0,0.0,0.0,0.0,0.0,0.0,0.0,0.0,0.0,0.0,0.0,0.0,0.0,0.0,0.0,0.0,0.0,0.0,0.0
2026-06-06T13:00:00Z,,,0.0,0.0,0.0,0.0,0.0,0.0,0.0,0.0,0.0,0.0,0.0,0.0,0.0,0.0,0.0,0.0,0.0,0.0,0.0,0.0,0.0,0.0,0.0,0.0
2026-06-06T13:30:00Z,,,0.0,0.0,0.0,0.0,0.0,0.0,0.0,0.0,0.0,0.0,0.0,0.0,0.0,0.0,0.0,0.0,0.0,0.0,0.0,0.0,0.0,0.0,0.0,0.0
2026-06-06T14:00:00Z,,,0.0,0.0,0.0,0.0,0.0,0.0,0.0,0.0,0.0,0.0,0.0,0.0,0.0,0.0,0.0,0.0,0.0,0.0,0.0,0.0,0.0,0.0,0.0,0.0
2026-06-06T14:30:00Z,,,0.0,0.0,0.0,0.0,0.0,0.0,0.0,0.0,0.0,0.0,0.0,0.0,0.0,0.0,0.0,0.0,0.0,0.0,0.0,0.0,0.0,0.0,0.0,0.0
2026-06-06T15:00:00Z,,,0.0,0.0,0.0,0.0,0.0,0.0,0.0,0.0,0.0,0.0,0.0,0.0,0.0,0.0,0.0,0.0,0.0,0.0,0.0,0.0,0.0,0.0,0.0,0.0
2026-06-06T15:30:00Z,,,0.0,0.0,0.0,0.0,0.0,0.0,0.0,0.0,0.0,0.0,0.0,0.0,0.0,0.0,0.0,0.0,0.0,0.0,0.0,0.0,0.0,0.0,0.0,0.0
2026-06-06T16:00:00Z,,,0.0,0.0,0.0,0.0,0.0,0.0,0.0,0.0,0.0,0.0,0.0,0.0,0.0,0.0,0.0,0.0,0.0,0.0,0.0,0.0,0.0,0.0,0.0,0.0
2026-06-06T16:30:00Z,,,0.0,0.0,0.0,0.0,0.0,0.0,0.0,0.0,0.0,0.0,0.0,0.0,0.0,0.0,0.0,0.0,0.0,0.0,0.0,0.0,0.0,0.0,0.0,0.0
2026-06-06T17:00:00Z,,,0.0,0.0,0.0,0.0,0.0,0.0,0.0,0.0,0.0,0.0,0.0,0.0,0.0,0.0,0.0,0.0,0.0,0.0,0.0,0.0,0.0,0.0,0.0,0.0
2026-06-06T17:30:00Z,,,0.0,0.0,0.0,0.0,0.0,0.0,0.0,0.0,0.0,0.0,0.0,0.0,0.0,0.0,0.0,0.0,0.0,0.0,0.0,0.0,0.0,0.0,0.0,0.0
2026-06-06T18:00:00Z,,,0.0,0.0,0.0,0.0,0.0,0.0,0.0,0.0,0.0,0.0,0.0,0.0,0.0,0.0,0.0,0.0,0.0,0.0,0.0,0.0,0.0,0.0,0.0,0.0
2026-06-06T18:30:00Z,,,0.0,0.0,0.0,0.0,0.0,0.0,0.0,0.0,0.0,0.0,0.0,0.0,0.0,0.0,0.0,0.0,0.0,0.0,0.0,0.0,0.0,0.0,0.0,0.0
2026-06-06T19:00:00Z,,,0.0,0.0,0.0,0.0,0.0,0.0,0.0,0.0,0.0,0.0,0.0,0.0,0.0,0.0,0.0,0.0,0.0,0.0,0.0,0.0,0.0,0.0,0.0,0.0
2026-06-06T19:30:00Z,,,0.0,0.0,0.0,0.0,0.0,0.0,0.0,0.0,0.0,0.0,0.0,0.0,0.0,0.0,0.0,0.0,0.0,0.0,0.0,0.0,0.0,0.0,0.0,0.0
2026-06-06T20:00:00Z,,,0.0,0.0,0.0,0.0,0.0,0.0,0.0,0.0,0.0,0.0,0.0,0.0,0.0,0.0,0.0,0.0,0.0,0.0,0.0,0.0,0.0,0.0,0.0,0.0
2026-06-06T20:30:00Z,,,0.0,0.0,0.0,0.0,0.0,0.0,0.0,0.0,0.0,0.0,0.0,0.0,0.0,0.0,0.0,0.0,0.0,0.0,0.0,0.0,0.0,0.0,0.0,0.0
2026-06-06T21:00:00Z,,,0.0,0.0,0.0,0.0,0.0,0.0,0.0,0.0,0.0,0.0,0.0,0.0,0.0,0.0,0.0,0.0,0.0,0.0,0.0,0.0,0.0,0.0,0.0,0.0
2026-06-06T21:30:00Z,,,0.0,0.0,0.0,0.0,0.0,0.0,0.0,0.0,0.0,0.0,0.0,0.0,0.0,0.0,0.0,0.0,0.0,0.0,0.0,0.0,0.0,0.0,0.0,0.0
2026-06-06T22:00:00Z,,,0.0,0.0,0.0,0.0,0.0,0.0,0.0,0.0,0.0,0.0,0.0,0.0,0.0,0.0,0.0,0.0,0.0,0.0,0.0,0.0,0.0,0.0,0.0,0.0
2026-06-06T22:30:00Z,,,0.0,0.0,0.0,0.0,0.0,0.0,0.0,0.0,0.0,0.0,0.0,0.0,0.0,0.0,0.0,0.0,0.0,0.0,0.0,0.0,0.0,0.0,0.0,0.0
2026-06-06T23:00:00Z,,,0.0,0.0,0.0,0.0,0.0,0.0,0.0,0.0,0.0,0.0,0.0,0.0,0.0,0.0,0.0,0.0,0.0,0.0,0.0,0.0,0.0,0.0,0.0,0.0
2026-06-06T23:30:00Z,,,0.0,0.0,0.0,0.0,0.0,0.0,0.0,0.0,0.0,0.0,0.0,0.0,0.0,0.0,0.0,0.0,0.0,0.0,0.0,0.0,0.0,0.0,0.0,0.0
2026-06-07T00:00:00Z,,,0.0,0.0,0.0,0.0,0.0,0.0,0.0,0.0,0.0,0.0,0.0,0.0,0.0,0.0,0.0,0.0,0.0,0.0,0.0,0.0,0.0,0.0,0.0,0.0
2026-06-07T00:30:00Z,,,0.0,0.0,0.0,0.0,0.0,0.0,0.0,0.0,0.0,0.0,0.0,0.0,0.0,0.0,0.0,0.0,0.0,0.0,0.0,0.0,0.0,0.0,0.0,0.0
2026-06-07T01:00:00Z,,,0.0,0.0,0.0,0.0,0.0,0.0,0.0,0.0,0.0,0.0,0.0,0.0,0.0,0.0,0.0,0.0,0.0,0.0,0.0,0.0,0.0,0.0,0.0,0.0
2026-06-07T01:30:00Z,,,0.0,0.0,0.0,0.0,0.0,0.0,0.0,0.0,0.0,0.0,0.0,0.0,0.0,0.0,0.0,0.0,0.0,0.0,0.0,0.0,0.0,0.0,0.0,0.0
2026-06-07T02:00:00Z,,,0.0,0.0,0.0,0.0,0.0,0.0,0.0,0.0,0.0,0.0,0.0,0.0,0.0,0.0,0.0,0.0,0.0,0.0,0.0,0.0,0.0,0.0,0.0,0.0
2026-06-07T02:30:00Z,,,0.0,0.0,0.0,0.0,0.0,0.0,0.0,0.0,0.0,0.0,0.0,0.0,0.0,0.0,0.0,0.0,0.0,0.0,0.0,0.0,0.0,0.0,0.0,0.0
2026-06-07T03:00:00Z,,,0.0,0.0,0.0,0.0,0.0,0.0,0.0,0.0,0.0,0.0,0.0,0.0,0.0,0.0,0.0,0.0,0.0,0.0,0.0,0.0,0.0,0.0,0.0,0.0
2026-06-07T03:30:00Z,,,0.0,0.0,0.0,0.0,0.0,0.0,0.0,0.0,0.0,0.0,0.0,0.0,0.0,0.0,0.0,0.0,0.0,0.0,0.0,0.0,0.0,0.0,0.0,0.0
2026-06-07T04:00:00Z,,,0.0,0.0,0.0,0.0,0.0,0.0,0.0,0.0,0.0,0.0,0.0,0.0,0.0,0.0,0.0,0.0,0.0,0.0,0.0,0.0,0.0,0.0,0.0,0.0
2026-06-07T04:30:00Z,,,0.0,0.0,0.0,0.0,0.0,0.0,0.0,0.0,0.0,0.0,0.0,0.0,0.0,0.0,0.0,0.0,0.0,0.0,0.0,0.0,0.0,0.0,0.0,0.0
2026-06-07T05:00:00Z,,,0.0,0.0,0.0,0.0,0.0,0.0,0.0,0.0,0.0,0.0,0.0,0.0,0.0,0.0,0.0,0.0,0.0,0.0,0.0,0.0,0.0,0.0,0.0,0.0
2026-06-07T05:30:00Z,,,0.0,0.0,0.0,0.0,0.0,0.0,0.0,0.0,0.0,0.0,0.0,0.0,0.0,0.0,0.0,0.0,0.0,0.0,0.0,0.0,0.0,0.0,0.0,0.0
2026-06-07T06:00:00Z,,,0.0,0.0,0.0,0.0,0.0,0.0,0.0,0.0,0.0,0.0,0.0,0.0,0.0,0.0,0.0,0.0,0.0,0.0,0.0,0.0,0.0,0.0,0.0,0.0
2026-06-07T06:30:00Z,,,0.0,0.0,0.0,0.0,0.0,0.0,0.0,0.0,0.0,0.0,0.0,0.0,0.0,0.0,0.0,0.0,0.0,0.0,0.0,0.0,0.0,0.0,0.0,0.0
2026-06-07T07:00:00Z,,,0.0,0.0,0.0,0.0,0.0,0.0,0.0,0.0,0.0,0.0,0.0,0.0,0.0,0.0,0.0,0.0,0.0,0.0,0.0,0.0,0.0,0.0,0.0,0.0
2026-06-07T07:30:00Z,,,0.0,0.0,0.0,0.0,0.0,0.0,0.0,0.0,0.0,0.0,0.0,0.0,0.0,0.0,0.0,0.0,0.0,0.0,0.0,0.0,0.0,0.0,0.0,0.0
2026-06-07T08:00:00Z,,,0.0,0.0,0.0,0.0,0.0,0.0,0.0,0.0,0.0,0.0,0.0,0.0,0.0,0.0,0.0,0.0,0.0,0.0,0.0,0.0,0.0,0.0,0.0,0.0
2026-06-07T08:30:00Z,,,0.0,0.0,0.0,0.0,0.0,0.0,0.0,0.0,0.0,0.0,0.0,0.0,0.0,0.0,0.0,0.0,0.0,0.0,0.0,0.0,0.0,0.0,0.0,0.0
2026-06-07T09:00:00Z,,,0.0,0.0,0.0,0.0,0.0,0.0,0.0,0.0,0.0,0.0,0.0,0.0,0.0,0.0,0.0,0.0,0.0,0.0,0.0,0.0,0.0,0.0,0.0,0.0
2026-06-07T09:30:00Z,,,0.0,0.0,0.0,0.0,0.0,0.0,0.0,0.0,0.0,0.0,0.0,0.0,0.0,0.0,0.0,0.0,0.0,0.0,0.0,0.0,0.0,0.0,0.0,0.0
2026-06-07T10:00:00Z,,,0.0,0.0,0.0,0.0,0.0,0.0,0.0,0.0,0.0,0.0,0.0,0.0,0.0,0.0,0.0,0.0,0.0,0.0,0.0,0.0,0.0,0.0,0.0,0.0
2026-06-07T10:30:00Z,,,0.0,0.0,0.0,0.0,0.0,0.0,0.0,0.0,0.0,0.0,0.0,0.0,0.0,0.0,0.0,0.0,0.0,0.0,0.0,0.0,0.0,0.0,0.0,0.0
2026-06-07T11:00:00Z,,,0.0,0.0,0.0,0.0,0.0,0.0,0.0,0.0,0.0,0.0,0.0,0.0,0.0,0.0,0.0,0.0,0.0,0.0,0.0,0.0,0.0,0.0,0.0,0.0
2026-06-07T11:30:00Z,,,0.0,0.0,0.0,0.0,0.0,0.0,0.0,0.0,0.0,0.0,0.0,0.0,0.0,0.0,0.0,0.0,0.0,0.0,0.0,0.0,0.0,0.0,0.0,0.0
2026-06-07T12:00:00Z,,,0.0,0.0,0.0,0.0,0.0,0.0,0.0,0.0,0.0,0.0,0.0,0.0,0.0,0.0,0.0,0.0,0.0,0.0,0.0,0.0,0.0,0.0,0.0,0.0
2026-06-07T12:30:00Z,,,0.0,0.0,0.0,0.0,0.0,0.0,0.0,0.0,0.0,0.0,0.0,0.0,0.0,0.0,0.0,0.0,0.0,0.0,0.0,0.0,0.0,0.0,0.0,0.0
2026-06-07T13:00:00Z,,,0.0,0.0,0.0,0.0,0.0,0.0,0.0,0.0,0.0,0.0,0.0,0.0,0.0,0.0,0.0,0.0,0.0,0.0,0.0,0.0,0.0,0.0,0.0,0.0
2026-06-07T13:30:00Z,,,0.0,0.0,0.0,0.0,0.0,0.0,0.0,0.0,0.0,0.0,0.0,0.0,0.0,0.0,0.0,0.0,0.0,0.0,0.0,0.0,0.0,0.0,0.0,0.0
2026-06-07T14:00:00Z,,,0.0,0.0,0.0,0.0,0.0,0.0,0.0,0.0,0.0,0.0,0.0,0.0,0.0,0.0,0.0,0.0,0.0,0.0,0.0,0.0,0.0,0.0,0.0,0.0
2026-06-07T14:30:00Z,,,0.0,0.0,0.0,0.0,0.0,0.0,0.0,0.0,0.0,0.0,0.0,0.0,0.0,0.0,0.0,0.0,0.0,0.0,0.0,0.0,0.0,0.0,0.0,0.0
2026-06-07T15:00:00Z,,,0.0,0.0,0.0,0.0,0.0,0.0,0.0,0.0,0.0,0.0,0.0,0.0,0.0,0.0,0.0,0.0,0.0,0.0,0.0,0.0,0.0,0.0,0.0,0.0
2026-06-07T15:30:00Z,,,0.0,0.0,0.0,0.0,0.0,0.0,0.0,0.0,0.0,0.0,0.0,0.0,0.0,0.0,0.0,0.0,0.0,0.0,0.0,0.0,0.0,0.0,0.0,0.0
2026-06-07T16:00:00Z,,,0.0,0.0,0.0,0.0,0.0,0.0,0.0,0.0,0.0,0.0,0.0,0.0,0.0,0.0,0.0,0.0,0.0,0.0,0.0,0.0,0.0,0.0,0.0,0.0
2026-06-07T16:30:00Z,,,0.0,0.0,0.0,0.0,0.0,0.0,0.0,0.0,0.0,0.0,0.0,0.0,0.0,0.0,0.0,0.0,0.0,0.0,0.0,0.0,0.0,0.0,0.0,0.0
2026-06-07T17:00:00Z,,,0.0,0.0,0.0,0.0,0.0,0.0,0.0,0.0,0.0,0.0,0.0,0.0,0.0,0.0,0.0,0.0,0.0,0.0,0.0,0.0,0.0,0.0,0.0,0.0
2026-06-07T17:30:00Z,,,0.0,0.0,0.0,0.0,0.0,0.0,0.0,0.0,0.0,0.0,0.0,0.0,0.0,0.0,0.0,0.0,0.0,0.0,0.0,0.0,0.0,0.0,0.0,0.0
2026-06-07T18:00:00Z,,,0.0,0.0,0.0,0.0,0.0,0.0,0.0,0.0,0.0,0.0,0.0,0.0,0.0,0.0,0.0,0.0,0.0,0.0,0.0,0.0,0.0,0.0,0.0,0.0
2026-06-07T18:30:00Z,,,0.0,0.0,0.0,0.0,0.0,0.0,0.0,0.0,0.0,0.0,0.0,0.0,0.0,0.0,0.0,0.0,0.0,0.0,0.0,0.0,0.0,0.0,0.0,0.0
2026-06-07T19:00:00Z,,,0.0,0.0,0.0,0.0,0.0,0.0,0.0,0.0,0.0,0.0,0.0,0.0,0.0,0.0,0.0,0.0,0.0,0.0,0.0,0.0,0.0,0.0,0.0,0.0
2026-06-07T19:30:00Z,,,0.0,0.0,0.0,0.0,0.0,0.0,0.0,0.0,0.0,0.0,0.0,0.0,0.0,0.0,0.0,0.0,0.0,0.0,0.0,0.0,0.0,0.0,0.0,0.0
2026-06-07T20:00:00Z,,,0.0,0.0,0.0,0.0,0.0,0.0,0.0,0.0,0.0,0.0,0.0,0.0,0.0,0.0,0.0,0.0,0.0,0.0,0.0,0.0,0.0,0.0,0.0,0.0
2026-06-07T20:30:00Z,,,0.0,0.0,0.0,0.0,0.0,0.0,0.0,0.0,0.0,0.0,0.0,0.0,0.0,0.0,0.0,0.0,0.0,0.0,0.0,0.0,0.0,0.0,0.0,0.0
2026-06-07T21:00:00Z,,,0.0,0.0,0.0,0.0,0.0,0.0,0.0,0.0,0.0,0.0,0.0,0.0,0.0,0.0,0.0,0.0,0.0,0.0,0.0,0.0,0.0,0.0,0.0,0.0
2026-06-07T21:30:00Z,,,0.0,0.0,0.0,0.0,0.0,0.0,0.0,0.0,0.0,0.0,0.0,0.0,0.0,0.0,0.0,0.0,0.0,0.0,0.0,0.0,0.0,0.0,0.0,0.0
2026-06-07T22:00:00Z,,,0.0,0.0,0.0,0.0,0.0,0.0,0.0,0.0,0.0,0.0,0.0,0.0,0.0,0.0,0.0,0.0,0.0,0.0,0.0,0.0,0.0,0.0,0.0,0.0
2026-06-07T22:30:00Z,,,0.0,0.0,0.0,0.0,0.0,0.0,0.0,0.0,0.0,0.0,0.0,0.0,0.0,0.0,0.0,0.0,0.0,0.0,0.0,0.0,0.0,0.0,0.0,0.0
2026-06-07T23:00:00Z,,,0.0,0.0,0.0,0.0,0.0,0.0,0.0,0.0,0.0,0.0,0.0,0.0,0.0,0.0,0.0,0.0,0.0,0.0,0.0,0.0,0.0,0.0,0.0,0.0
2026-06-07T23:30:00Z,,,0.0,0.0,0.0,0.0,0.0,0.0,0.0,0.0,0.0,0.0,0.0,0.0,0.0,0.0,0.0,0.0,0.0,0.0,0.0,0.0,0.0,0.0,0.0,0.0
2026-06-08T00:00:00Z,,,0.0,0.0,0.0,0.0,0.0,0.0,0.0,0.0,0.0,0.0,0.0,0.0,0.0,0.0,0.0,0.0,0.0,0.0,0.0,0.0,0.0,0.0,0.0,0.0
2026-06-08T00:30:00Z,,,0.0,0.0,0.0,0.0,0.0,0.0,0.0,0.0,0.0,0.0,0.0,0.0,0.0,0.0,0.0,0.0,0.0,0.0,0.0,0.0,0.0,0.0,0.0,0.0
2026-06-08T01:00:00Z,,,0.0,0.0,0.0,0.0,0.0,0.0,0.0,0.0,0.0,0.0,0.0,0.0,0.0,0.0,0.0,0.0,0.0,0.0,0.0,0.0,0.0,0.0,0.0,0.0
2026-06-08T01:30:00Z,,,0.0,0.0,0.0,0.0,0.0,0.0,0.0,0.0,0.0,0.0,0.0,0.0,0.0,0.0,0.0,0.0,0.0,0.0,0.0,0.0,0.0,0.0,0.0,0.0
2026-06-08T02:00:00Z,,,0.0,0.0,0.0,0.0,0.0,0.0,0.0,0.0,0.0,0.0,0.0,0.0,0.0,0.0,0.0,0.0,0.0,0.0,0.0,0.0,0.0,0.0,0.0,0.0
2026-06-08T02:30:00Z,,,0.0,0.0,0.0,0.0,0.0,0.0,0.0,0.0,0.0,0.0,0.0,0.0,0.0,0.0,0.0,0.0,0.0,0.0,0.0,0.0,0.0,0.0,0.0,0.0
2026-06-08T03:00:00Z,,,0.0,0.0,0.0,0.0,0.0,0.0,0.0,0.0,0.0,0.0,0.0,0.0,0.0,0.0,0.0,0.0,0.0,0.0,0.0,0.0,0.0,0.0,0.0,0.0
2026-06-08T03:30:00Z,,,0.0,0.0,0.0,0.0,0.0,0.0,0.0,0.0,0.0,0.0,0.0,0.0,0.0,0.0,0.0,0.0,0.0,0.0,0.0,0.0,0.0,0.0,0.0,0.0
2026-06-08T04:00:00Z,,,11.4,10.8,10.7,11.1,12.2,11.7,10.8,8.3,6.3,5.4,5.3,5.5,5.3,5.0,4.9,5.0,6.7,8.0,8.0,7.5,7.5,6.9,6.5,6.5
2026-06-08T04:30:00Z,,,0.0,0.0,0.0,0.0,0.0,0.0,0.0,0.0,0.0,0.0,0.0,0.0,0.0,0.0,0.0,0.0,0.0,0.0,0.0,0.0,0.0,0.0,0.0,0.0
2026-06-08T05:00:00Z,,,0.0,0.0,0.0,0.0,0.0,0.0,0.0,0.0,0.0,0.0,0.0,0.0,0.0,0.0,0.0,0.0,0.0,0.0,0.0,0.0,0.0,0.0,0.0,0.0
2026-06-08T05:30:00Z,,,0.0,0.0,0.0,0.0,0.0,0.0,0.0,0.0,0.0,0.0,0.0,0.0,0.0,0.0,0.0,0.0,0.0,0.0,0.0,0.0,0.0,0.0,0.0,0.0
2026-06-08T06:00:00Z,,,0.0,0.0,0.0,0.0,0.0,0.0,0.0,0.0,0.0,0.0,0.0,0.0,0.0,0.0,0.0,0.0,0.0,0.0,0.0,0.0,0.0,0.0,0.0,0.0
2026-06-08T06:30:00Z,,,0.0,0.0,0.0,0.0,0.0,0.0,0.0,0.0,0.0,0.0,0.0,0.0,0.0,0.0,0.0,0.0,0.0,0.0,0.0,0.0,0.0,0.0,0.0,0.0
2026-06-08T07:00:00Z,,,0.0,0.0,0.0,0.0,0.0,0.0,0.0,0.0,0.0,0.0,0.0,0.0,0.0,0.0,0.0,0.0,0.0,0.0,0.0,0.0,0.0,0.0,0.0,0.0
2026-06-08T07:30:00Z,,,0.0,0.0,0.0,0.0,0.0,0.0,0.0,0.0,0.0,0.0,0.0,0.0,0.0,0.0,0.0,0.0,0.0,0.0,0.0,0.0,0.0,0.0,0.0,0.0
2026-06-08T08:00:00Z,,,5.9,5.4,5.2,5.2,5.3,5.6,5.7,6.3,7.7,8.5,8.1,8.2,7.9,8.0,8.6,9.0,9.8,9.6,8.4,7.2,6.6,6.2,5.8,5.5
2026-06-08T08:30:00Z,,,0.0,0.0,0.0,0.0,0.0,0.0,0.0,0.0,0.0,0.0,0.0,0.0,0.0,0.0,0.0,0.0,0.0,0.0,0.0,0.0,0.0,0.0,0.0,0.0
2026-06-08T09:00:00Z,,,0.0,0.0,0.0,0.0,0.0,0.0,0.0,0.0,0.0,0.0,0.0,0.0,0.0,0.0,0.0,0.0,0.0,0.0,0.0,0.0,0.0,0.0,0.0,0.0
2026-06-08T09:30:00Z,,,0.0,0.0,0.0,0.0,0.0,0.0,0.0,0.0,0.0,0.0,0.0,0.0,0.0,0.0,0.0,0.0,0.0,0.0,0.0,0.0,0.0,0.0,0.0,0.0
2026-06-08T10:00:00Z,,,0.0,0.0,0.0,0.0,0.0,0.0,0.0,0.0,0.0,0.0,0.0,0.0,0.0,0.0,0.0,0.0,0.0,0.0,0.0,0.0,0.0,0.0,0.0,0.0
2026-06-08T10:30:00Z,,,0.0,0.0,0.0,0.0,0.0,0.0,0.0,0.0,0.0,0.0,0.0,0.0,0.0,0.0,0.0,0.0,0.0,0.0,0.0,0.0,0.0,0.0,0.0,0.0
2026-06-08T11:00:00Z,,,7.0,7.5,8.2,9.0,9.6,9.9,9.8,10.2,11.4,12.5,11.2,11.3,11.1,11.4,11.8,11.5,11.3,10.2,9.0,7.9,7.5,7.4,6.8,6.5
2026-06-08T11:30:00Z,,,0.0,0.0,0.0,0.0,0.0,0.0,0.0,0.0,0.0,0.0,0.0,0.0,0.0,0.0,0.0,0.0,0.0,0.0,0.0,0.0,0.0,0.0,0.0,0.0
2026-06-08T12:00:00Z,,,0.0,0.0,0.0,0.0,0.0,0.0,0.0,0.0,0.0,0.0,0.0,0.0,0.0,0.0,0.0,0.0,0.0,0.0,0.0,0.0,0.0,0.0,0.0,0.0
2026-06-08T12:30:00Z,,,9.9,10.0,10.3,10.2,11.0,11.9,12.0,12.4,12.3,12.5,11.8,12.7,12.9,12.3,11.5,9.9,9.1,8.2,7.6,7.0,6.8,6.6,6.3,6.1
2026-06-08T13:00:00Z,,,0.0,0.0,0.0,0.0,0.0,0.0,0.0,0.0,0.0,0.0,0.0,0.0,0.0,0.0,0.0,0.0,0.0,0.0,0.0,0.0,0.0,0.0,0.0,0.0
2026-06-08T13:30:00Z,,,0.0,0.0,0.0,0.0,0.0,0.0,0.0,0.0,0.0,0.0,0.0,0.0,0.0,0.0,0.0,0.0,0.0,0.0,0.0,0.0,0.0,0.0,0.0,0.0
2026-06-08T14:00:00Z,,,0.0,0.0,0.0,0.0,0.0,0.0,0.0,0.0,0.0,0.0,0.0,0.0,0.0,0.0,0.0,0.0,0.0,0.0,0.0,0.0,0.0,0.0,0.0,0.0
2026-06-08T14:30:00Z,,,0.0,0.0,0.0,0.0,0.0,0.0,0.0,0.0,0.0,0.0,0.0,0.0,0.0,0.0,0.0,0.0,0.0,0.0,0.0,0.0,0.0,0.0,0.0,0.0
2026-06-08T15:00:00Z,,,0.0,0.0,0.0,0.0,0.0,0.0,0.0,0.0,0.0,0.0,0.0,0.0,0.0,0.0,0.0,0.0,0.0,0.0,0.0,0.0,0.0,0.0,0.0,0.0
2026-06-08T15:30:00Z,,,10.5,10.4,10.6,10.3,10.8,11.2,10.9,10.8,10.6,10.3,8.5,8.2,8.2,8.7,9.8,9.5,9.4,7.9,7.0,6.4,6.4,6.4,6.3,6.0
2026-06-08T16:00:00Z,,,0.0,0.0,0.0,0.0,0.0,0.0,0.0,0.0,0.0,0.0,0.0,0.0,0.0,0.0,0.0,0.0,0.0,0.0,0.0,0.0,0.0,0.0,0.0,0.0
2026-06-08T16:30:00Z,,,0.0,0.0,0.0,0.0,0.0,0.0,0.0,0.0,0.0,0.0,0.0,0.0,0.0,0.0,0.0,0.0,0.0,0.0,0.0,0.0,0.0,0.0,0.0,0.0
2026-06-08T17:00:00Z,,,10.9,11.3,12.0,11.8,11.8,11.1,10.1,9.6,8.7,9.3,9.7,11.5,12.8,12.1,10.2,8.2,7.3,8.3,10.0,11.0,11.6,11.6,11.1,10.7
2026-06-08T17:30:00Z,,,0.0,0.0,0.0,0.0,0.0,0.0,0.0,0.0,0.0,0.0,0.0,0.0,0.0,0.0,0.0,0.0,0.0,0.0,0.0,0.0,0.0,0.0,0.0,0.0
2026-06-08T18:00:00Z,,,11.9,11.7,11.6,11.3,9.7,9.2,9.1,8.9,9.0,10.4,11.4,12.3,10.9,8.7,8.2,8.7,10.8,12.4,13.2,12.0,11.9,10.7,10.4,9.8
2026-06-08T18:30:00Z,,,0.0,0.0,0.0,0.0,0.0,0.0,0.0,0.0,0.0,0.0,0.0,0.0,0.0,0.0,0.0,0.0,0.0,0.0,0.0,0.0,0.0,0.0,0.0,0.0
2026-06-08T19:00:00Z,,,8.8,8.8,8.7,8.4,8.1,7.6,8.1,9.2,10.2,10.7,8.5,7.6,7.3,8.2,10.2,11.1,11.4,10.3,8.8,7.8,7.9,7.6,7.4,7.1
2026-06-08T19:30:00Z,,,0.0,0.0,0.0,0.0,0.0,0.0,0.0,0.0,0.0,0.0,0.0,0.0,0.0,0.0,0.0,0.0,0.0,0.0,0.0,0.0,0.0,0.0,0.0,0.0
2026-06-08T20:00:00Z,,,0.0,0.0,0.0,0.0,0.0,0.0,0.0,0.0,0.0,0.0,0.0,0.0,0.0,0.0,0.0,0.0,0.0,0.0,0.0,0.0,0.0,0.0,0.0,0.0
2026-06-08T20:30:00Z,,,0.0,0.0,0.0,0.0,0.0,0.0,0.0,0.0,0.0,0.0,0.0,0.0,0.0,0.0,0.0,0.0,0.0,0.0,0.0,0.0,0.0,0.0,0.0,0.0
2026-06-08T21:00:00Z,,,7.2,7.5,7.7,8.8,9.2,10.0,10.0,9.7,8.2,7.5,9.9,12.9,18.8,22.8,21.4,16.0,11.2,8.5,8.3,7.9,8.5,8.1,8.2,7.9
2026-06-08T21:30:00Z,,,7.4,8.0,8.6,9.6,10.0,10.6,9.4,9.0,8.4,9.5,13.7,18.4,22.3,20.4,15.9,11.8,9.3,8.5,9.2,8.7,8.0,7.7,7.7,7.0
2026-06-08T22:00:00Z,,,8.5,8.9,9.4,9.8,9.8,9.5,9.1,9.3,10.4,13.8,19.1,23.9,22.6,16.6,13.1,10.9,10.1,10.9,10.7,10.1,9.2,9.5,9.1,8.4
2026-06-08T22:30:00Z,,,7.7,8.4,8.7,9.2,9.4,9.4,9.2,10.1,13.6,17.2,21.3,20.4,15.7,10.4,9.0,8.7,9.0,9.2,7.9,6.6,6.7,6.9,6.1,5.9
2026-06-08T23:00:00Z,,,0.0,0.0,0.0,0.0,0.0,0.0,0.0,0.0,0.0,0.0,0.0,0.0,0.0,0.0,0.0,0.0,0.0,0.0,0.0,0.0,0.0,0.0,0.0,0.0
2026-06-08T23:30:00Z,,,9.4,9.4,8.9,8.4,9.0,9.1,11.2,15.7,21.4,22.4,15.7,11.1,9.4,9.6,10.3,9.2,7.9,6.5,5.5,5.0,5.4,6.1,5.4,5.9
2026-06-09T00:00:00Z,,,7.8,7.3,7.6,8.8,10.4,13.8,18.0,20.6,19.3,16.1,12.2,10.4,9.6,10.2,10.4,8.7,7.8,6.4,5.7,5.3,5.3,5.4,5.0,5.3
2026-06-09T00:30:00Z,,,0.0,0.0,0.0,0.0,0.0,0.0,0.0,0.0,0.0,0.0,0.0,0.0,0.0,0.0,0.0,0.0,0.0,0.0,0.0,0.0,0.0,0.0,0.0,0.0
2026-06-09T01:00:00Z,,,7.9,8.0,9.5,11.8,17.7,24.0,25.2,19.6,13.2,9.7,9.8,11.5,12.3,10.5,9.2,6.8,6.9,7.4,8.1,8.7,9.4,9.2,9.5,9.4
2026-06-09T01:30:00Z,,,0.0,0.0,0.0,0.0,0.0,0.0,0.0,0.0,0.0,0.0,0.0,0.0,0.0,0.0,0.0,0.0,0.0,0.0,0.0,0.0,0.0,0.0,0.0,0.0
2026-06-09T02:00:00Z,,,9.1,12.4,20.0,27.2,30.2,20.3,13.9,11.5,11.5,12.6,12.4,10.6,9.6,8.4,8.4,9.0,8.8,8.5,8.7,9.0,10.3,10.7,10.2,11.7
2026-06-09T02:30:00Z,,,0.0,0.0,0.0,0.0,0.0,0.0,0.0,0.0,0.0,0.0,0.0,0.0,0.0,0.0,0.0,0.0,0.0,0.0,0.0,0.0,0.0,0.0,0.0,0.0
2026-06-09T03:00:00Z,,,0.0,0.0,0.0,0.0,0.0,0.0,0.0,0.0,0.0,0.0,0.0,0.0,0.0,0.0,0.0,0.0,0.0,0.0,0.0,0.0,0.0,0.0,0.0,0.0
2026-06-09T03:30:00Z,,,0.0,0.0,0.0,0.0,0.0,0.0,0.0,0.0,0.0,0.0,0.0,0.0,0.0,0.0,0.0,0.0,0.0,0.0,0.0,0.0,0.0,0.0,0.0,0.0
2026-06-09T04:00:00Z,,,0.0,0.0,0.0,0.0,0.0,0.0,0.0,0.0,0.0,0.0,0.0,0.0,0.0,0.0,0.0,0.0,0.0,0.0,0.0,0.0,0.0,0.0,0.0,0.0
2026-06-09T04:30:00Z,,,0.0,0.0,0.0,0.0,0.0,0.0,0.0,0.0,0.0,0.0,0.0,0.0,0.0,0.0,0.0,0.0,0.0,0.0,0.0,0.0,0.0,0.0,0.0,0.0
2026-06-09T05:00:00Z,,,0.0,0.0,0.0,0.0,0.0,0.0,0.0,0.0,0.0,0.0,0.0,0.0,0.0,0.0,0.0,0.0,0.0,0.0,0.0,0.0,0.0,0.0,0.0,0.0
2026-06-09T05:30:00Z,,,0.0,0.0,0.0,0.0,0.0,0.0,0.0,0.0,0.0,0.0,0.0,0.0,0.0,0.0,0.0,0.0,0.0,0.0,0.0,0.0,0.0,0.0,0.0,0.0
2026-06-09T06:00:00Z,,,8.8,8.6,9.1,9.3,8.6,8.0,7.5,7.7,8.9,11.8,13.8,16.0,17.3,17.4,18.7,20.1,20.9,20.9,20.1,18.9,16.7,17.0,16.6,16.2
2026-06-09T06:30:00Z,,,0.0,0.0,0.0,0.0,0.0,0.0,0.0,0.0,0.0,0.0,0.0,0.0,0.0,0.0,0.0,0.0,0.0,0.0,0.0,0.0,0.0,0.0,0.0,0.0
2026-06-09T07:00:00Z,,,0.0,0.0,0.0,0.0,0.0,0.0,0.0,0.0,0.0,0.0,0.0,0.0,0.0,0.0,0.0,0.0,0.0,0.0,0.0,0.0,0.0,0.0,0.0,0.0
2026-06-09T07:30:00Z,,,0.0,0.0,0.0,0.0,0.0,0.0,0.0,0.0,0.0,0.0,0.0,0.0,0.0,0.0,0.0,0.0,0.0,0.0,0.0,0.0,0.0,0.0,0.0,0.0
2026-06-09T08:00:00Z,,,0.0,0.0,0.0,0.0,0.0,0.0,0.0,0.0,0.0,0.0,0.0,0.0,0.0,0.0,0.0,0.0,0.0,0.0,0.0,0.0,0.0,0.0,0.0,0.0
2026-06-09T08:30:00Z,,,0.0,0.0,0.0,0.0,0.0,0.0,0.0,0.0,0.0,0.0,0.0,0.0,0.0,0.0,0.0,0.0,0.0,0.0,0.0,0.0,0.0,0.0,0.0,0.0
2026-06-09T09:00:00Z,,,6.4,6.6,7.3,8.1,10.4,12.7,13.9,14.6,13.4,13.4,14.3,14.9,14.0,11.4,9.8,8.7,9.2,9.6,9.7,8.7,8.7,7.9,7.6,7.6
2026-06-09T09:30:00Z,,,0.0,0.0,0.0,0.0,0.0,0.0,0.0,0.0,0.0,0.0,0.0,0.0,0.0,0.0,0.0,0.0,0.0,0.0,0.0,0.0,0.0,0.0,0.0,0.0
2026-06-09T10:00:00Z,,,0.0,0.0,0.0,0.0,0.0,0.0,0.0,0.0,0.0,0.0,0.0,0.0,0.0,0.0,0.0,0.0,0.0,0.0,0.0,0.0,0.0,0.0,0.0,0.0
2026-06-09T10:30:00Z,,,6.5,8.1,10.1,12.1,13.1,13.4,13.1,14.3,13.6,13.3,10.6,9.5,8.8,9.6,10.9,11.8,12.2,11.3,12.0,11.6,12.3,12.4,11.8,12.2
2026-06-09T11:00:00Z,,,0.0,0.0,0.0,0.0,0.0,0.0,0.0,0.0,0.0,0.0,0.0,0.0,0.0,0.0,0.0,0.0,0.0,0.0,0.0,0.0,0.0,0.0,0.0,0.0
2026-06-09T11:30:00Z,,,11.7,12.6,12.9,13.0,13.8,14.5,13.5,12.3,10.2,9.6,8.5,9.6,10.5,12.6,14.5,14.9,16.2,15.9,15.6,14.9,15.1,14.4,13.9,13.5
2026-06-09T12:00:00Z,,,0.0,0.0,0.0,0.0,0.0,0.0,0.0,0.0,0.0,0.0,0.0,0.0,0.0,0.0,0.0,0.0,0.0,0.0,0.0,0.0,0.0,0.0,0.0,0.0
2026-06-09T12:30:00Z,,,9.0,10.5,12.1,13.4,13.0,11.3,9.7,8.5,7.8,9.0,9.9,11.9,13.5,15.1,16.9,17.4,16.4,14.8,13.5,12.8,12.6,12.6,12.8,12.5
2026-06-09T13:00:00Z,,,0.0,0.0,0.0,0.0,0.0,0.0,0.0,0.0,0.0,0.0,0.0,0.0,0.0,0.0,0.0,0.0,0.0,0.0,0.0,0.0,0.0,0.0,0.0,0.0
2026-06-09T13:30:00Z,,,12.5,12.8,12.3,10.9,9.8,8.3,8.0,9.2,10.4,13.6,14.7,16.1,17.7,18.0,18.3,17.0,15.9,14.9,14.7,14.5,14.0,14.7,14.1,13.8
2026-06-09T14:00:00Z,,,0.0,0.0,0.0,0.0,0.0,0.0,0.0,0.0,0.0,0.0,0.0,0.0,0.0,0.0,0.0,0.0,0.0,0.0,0.0,0.0,0.0,0.0,0.0,0.0
2026-06-09T14:30:00Z,,,12.3,11.5,10.0,9.2,9.5,10.4,12.1,13.7,14.3,15.6,17.0,18.9,18.5,16.7,15.5,14.5,14.9,16.3,16.3,14.4,13.6,12.9,12.1,11.6
2026-06-09T15:00:00Z,,,0.0,0.0,0.0,0.0,0.0,0.0,0.0,0.0,0.0,0.0,0.0,0.0,0.0,0.0,0.0,0.0,0.0,0.0,0.0,0.0,0.0,0.0,0.0,0.0
2026-06-09T15:30:00Z,,,9.6,9.9,9.9,10.4,11.7,12.6,14.7,16.8,19.8,20.5,18.8,16.8,15.5,15.4,16.3,15.6,13.6,11.2,9.7,8.5,8.5,9.3,8.7,8.6
2026-06-09T16:00:00Z,,,0.0,0.0,0.0,0.0,0.0,0.0,0.0,0.0,0.0,0.0,0.0,0.0,0.0,0.0,0.0,0.0,0.0,0.0,0.0,0.0,0.0,0.0,0.0,0.0
2026-06-09T16:30:00Z,,,0.0,0.0,0.0,0.0,0.0,0.0,0.0,0.0,0.0,0.0,0.0,0.0,0.0,0.0,0.0,0.0,0.0,0.0,0.0,0.0,0.0,0.0,0.0,0.0
2026-06-09T17:00:00Z,,,0.0,0.0,0.0,0.0,0.0,0.0,0.0,0.0,0.0,0.0,0.0,0.0,0.0,0.0,0.0,0.0,0.0,0.0,0.0,0.0,0.0,0.0,0.0,0.0
2026-06-09T17:30:00Z,,,11.0,11.5,13.9,15.8,17.4,18.8,18.2,17.4,15.7,14.8,15.2,15.1,13.1,10.8,9.3,10.1,13.0,18.7,22.7,23.2,22.5,20.3,19.5,18.5
2026-06-09T18:00:00Z,,,0.0,0.0,0.0,0.0,0.0,0.0,0.0,0.0,0.0,0.0,0.0,0.0,0.0,0.0,0.0,0.0,0.0,0.0,0.0,0.0,0.0,0.0,0.0,0.0
2026-06-09T18:30:00Z,,,0.0,0.0,0.0,0.0,0.0,0.0,0.0,0.0,0.0,0.0,0.0,0.0,0.0,0.0,0.0,0.0,0.0,0.0,0.0,0.0,0.0,0.0,0.0,0.0
2026-06-09T19:00:00Z,,,14.6,13.8,13.2,12.5,12.5,12.5,14.1,15.1,14.8,13.2,11.0,9.9,9.9,12.8,18.5,24.9,29.8,28.5,22.8,20.4,18.7,17.7,18.1,17.0
2026-06-09T19:30:00Z,,,0.0,0.0,0.0,0.0,0.0,0.0,0.0,0.0,0.0,0.0,0.0,0.0,0.0,0.0,0.0,0.0,0.0,0.0,0.0,0.0,0.0,0.0,0.0,0.0
2026-06-09T20:00:00Z,,,0.0,0.0,0.0,0.0,0.0,0.0,0.0,0.0,0.0,0.0,0.0,0.0,0.0,0.0,0.0,0.0,0.0,0.0,0.0,0.0,0.0,0.0,0.0,0.0
2026-06-09T20:30:00Z,,,0.0,0.0,0.0,0.0,0.0,0.0,0.0,0.0,0.0,0.0,0.0,0.0,0.0,0.0,0.0,0.0,0.0,0.0,0.0,0.0,0.0,0.0,0.0,0.0
2026-06-09T21:00:00Z,,,11.1,12.0,13.4,15.0,15.0,13.7,12.6,11.6,11.8,13.4,21.4,26.4,32.7,32.5,27.8,20.4,14.5,11.3,9.8,10.6,10.6,11.7,13.1,12.4
2026-06-09T21:30:00Z,,,0.0,0.0,0.0,0.0,0.0,0.0,0.0,0.0,0.0,0.0,0.0,0.0,0.0,0.0,0.0,0.0,0.0,0.0,0.0,0.0,0.0,0.0,0.0,0.0
2026-06-09T22:00:00Z,,,12.6,12.9,12.1,10.8,10.8,9.7,9.9,13.0,18.2,24.4,28.5,28.5,23.8,18.1,15.0,12.5,12.3,12.1,12.9,13.2,15.2,15.8,15.5,15.3
2026-06-09T22:30:00Z,,,17.5,16.2,13.5,11.4,11.8,11.0,12.9,16.9,24.9,30.1,29.8,23.7,18.3,14.2,12.9,12.0,11.3,10.0,8.6,7.8,8.8,9.4,9.0,9.0
2026-06-09T23:00:00Z,failed,,0.0,0.0,0.0,0.0,0.0,0.0,0.0,0.0,0.0,0.0,0.0,0.0,0.0,0.0,0.0,0.0,0.0,0.0,0.0,0.0,0.0,0.0,0.0,0.0
2026-06-09T23:30:00Z,ok,,12.3,11.3,11.0,11.3,13.0,17.0,23.2,27.6,27.8,23.5,18.0,14.8,13.1,12.7,12.7,10.5,8.4,6.4,6.2,6.3,7.6,8.3,8.3,9.2
2026-06-10T00:00:00Z,failed,,0.0,0.0,0.0,0.0,0.0,0.0,0.0,0.0,0.0,0.0,0.0,0.0,0.0,0.0,0.0,0.0,0.0,0.0,0.0,0.0,0.0,0.0,0.0,0.0
2026-06-10T00:30:00Z,,,0.0,0.0,0.0,0.0,0.0,0.0,0.0,0.0,0.0,0.0,0.0,0.0,0.0,0.0,0.0,0.0,0.0,0.0,0.0,0.0,0.0,0.0,0.0,0.0
2026-06-10T01:00:00Z,failed,,0.0,0.0,0.0,0.0,0.0,0.0,0.0,0.0,0.0,0.0,0.0,0.0,0.0,0.0,0.0,0.0,0.0,0.0,0.0,0.0,0.0,0.0,0.0,0.0
2026-06-10T01:30:00Z,,,0.0,0.0,0.0,0.0,0.0,0.0,0.0,0.0,0.0,0.0,0.0,0.0,0.0,0.0,0.0,0.0,0.0,0.0,0.0,0.0,0.0,0.0,0.0,0.0
2026-06-10T02:00:00Z,ok,,18.4,23.5,27.9,26.7,23.0,17.8,12.4,11.5,11.9,11.5,10.3,7.9,6.1,5.2,4.5,4.5,4.5,4.2,4.7,5.3,5.9,6.5,6.7,6.9
2026-06-10T02:30:00Z,failed,,0.0,0.0,0.0,0.0,0.0,0.0,0.0,0.0,0.0,0.0,0.0,0.0,0.0,0.0,0.0,0.0,0.0,0.0,0.0,0.0,0.0,0.0,0.0,0.0
2026-06-10T03:00:00Z,,,0.0,0.0,0.0,0.0,0.0,0.0,0.0,0.0,0.0,0.0,0.0,0.0,0.0,0.0,0.0,0.0,0.0,0.0,0.0,0.0,0.0,0.0,0.0,0.0
2026-06-10T03:30:00Z,ok,,18.3,15.6,12.8,10.8,9.4,9.9,10.1,8.8,6.5,5.3,4.8,4.6,4.5,4.4,3.9,3.7,3.9,4.2,4.9,5.3,5.4,5.5,5.6,5.5
2026-06-10T04:00:00Z,,,0.0,0.0,0.0,0.0,0.0,0.0,0.0,0.0,0.0,0.0,0.0,0.0,0.0,0.0,0.0,0.0,0.0,0.0,0.0,0.0,0.0,0.0,0.0,0.0
2026-06-10T04:30:00Z,,,0.0,0.0,0.0,0.0,0.0,0.0,0.0,0.0,0.0,0.0,0.0,0.0,0.0,0.0,0.0,0.0,0.0,0.0,0.0,0.0,0.0,0.0,0.0,0.0
2026-06-10T05:00:00Z,ok,,8.7,9.0,9.5,9.6,8.1,6.6,4.9,4.2,4.2,4.3,4.5,4.4,4.0,3.8,3.7,4.1,4.4,4.8,5.1,5.5,5.7,5.9,5.8,5.9
2026-06-10T05:30:00Z,,,0.0,0.0,0.0,0.0,0.0,0.0,0.0,0.0,0.0,0.0,0.0,0.0,0.0,0.0,0.0,0.0,0.0,0.0,0.0,0.0,0.0,0.0,0.0,0.0
2026-06-10T06:00:00Z,,,0.0,0.0,0.0,0.0,0.0,0.0,0.0,0.0,0.0,0.0,0.0,0.0,0.0,0.0,0.0,0.0,0.0,0.0,0.0,0.0,0.0,0.0,0.0,0.0
2026-06-10T06:30:00Z,failed,,0.0,0.0,0.0,0.0,0.0,0.0,0.0,0.0,0.0,0.0,0.0,0.0,0.0,0.0,0.0,0.0,0.0,0.0,0.0,0.0,0.0,0.0,0.0,0.0
2026-06-10T07:00:00Z,,,0.0,0.0,0.0,0.0,0.0,0.0,0.0,0.0,0.0,0.0,0.0,0.0,0.0,0.0,0.0,0.0,0.0,0.0,0.0,0.0,0.0,0.0,0.0,0.0
2026-06-10T07:30:00Z,,,0.0,0.0,0.0,0.0,0.0,0.0,0.0,0.0,0.0,0.0,0.0,0.0,0.0,0.0,0.0,0.0,0.0,0.0,0.0,0.0,0.0,0.0,0.0,0.0
2026-06-10T08:00:00Z,ok,,3.6,3.5,3.5,3.4,3.4,3.4,3.2,3.3,3.4,3.8,3.9,4.3,4.7,5.1,5.7,6.4,7.9,9.1,9.3,9.2,8.7,8.4,8.0,7.8
2026-06-10T08:30:00Z,,,0.0,0.0,0.0,0.0,0.0,0.0,0.0,0.0,0.0,0.0,0.0,0.0,0.0,0.0,0.0,0.0,0.0,0.0,0.0,0.0,0.0,0.0,0.0,0.0
2026-06-10T09:00:00Z,,,0.0,0.0,0.0,0.0,0.0,0.0,0.0,0.0,0.0,0.0,0.0,0.0,0.0,0.0,0.0,0.0,0.0,0.0,0.0,0.0,0.0,0.0,0.0,0.0
2026-06-10T09:30:00Z,failed,,0.0,0.0,0.0,0.0,0.0,0.0,0.0,0.0,0.0,0.0,0.0,0.0,0.0,0.0,0.0,0.0,0.0,0.0,0.0,0.0,0.0,0.0,0.0,0.0
2026-06-10T10:00:00Z,,,0.0,0.0,0.0,0.0,0.0,0.0,0.0,0.0,0.0,0.0,0.0,0.0,0.0,0.0,0.0,0.0,0.0,0.0,0.0,0.0,0.0,0.0,0.0,0.0
2026-06-10T10:30:00Z,ok,,4.0,3.8,3.5,3.4,3.7,4.0,4.4,5.2,5.8,6.8,7.0,8.0,9.1,9.9,9.5,9.0,8.9,9.2,9.7,9.9,9.8,9.2,9.4,9.1
2026-06-10T11:00:00Z,,,0.0,0.0,0.0,0.0,0.0,0.0,0.0,0.0,0.0,0.0,0.0,0.0,0.0,0.0,0.0,0.0,0.0,0.0,0.0,0.0,0.0,0.0,0.0,0.0
2026-06-10T11:30:00Z,,,0.0,0.0,0.0,0.0,0.0,0.0,0.0,0.0,0.0,0.0,0.0,0.0,0.0,0.0,0.0,0.0,0.0,0.0,0.0,0.0,0.0,0.0,0.0,0.0
2026-06-10T12:00:00Z,failed,,0.0,0.0,0.0,0.0,0.0,0.0,0.0,0.0,0.0,0.0,0.0,0.0,0.0,0.0,0.0,0.0,0.0,0.0,0.0,0.0,0.0,0.0,0.0,0.0
2026-06-10T12:30:00Z,,,0.0,0.0,0.0,0.0,0.0,0.0,0.0,0.0,0.0,0.0,0.0,0.0,0.0,0.0,0.0,0.0,0.0,0.0,0.0,0.0,0.0,0.0,0.0,0.0
2026-06-10T13:00:00Z,ok,,6.0,6.2,6.4,6.8,7.1,7.8,9.1,10.5,11.7,11.8,9.9,9.0,9.0,10.0,11.5,11.3,10.2,8.3,6.8,6.3,6.5,6.8,6.7,6.8
2026-06-10T13:30:00Z,,,0.0,0.0,0.0,0.0,0.0,0.0,0.0,0.0,0.0,0.0,0.0,0.0,0.0,0.0,0.0,0.0,0.0,0.0,0.0,0.0,0.0,0.0,0.0,0.0
2026-06-10T14:00:00Z,,,0.0,0.0,0.0,0.0,0.0,0.0,0.0,0.0,0.0,0.0,0.0,0.0,0.0,0.0,0.0,0.0,0.0,0.0,0.0,0.0,0.0,0.0,0.0,0.0
2026-06-10T14:30:00Z,ok,,6.7,7.1,7.9,8.6,10.0,11.1,10.8,10.2,9.3,9.4,9.7,10.9,10.9,9.5,7.8,6.4,6.1,5.7,5.8,6.1,6.3,6.1,6.6,6.3
2026-06-10T15:00:00Z,,,0.0,0.0,0.0,0.0,0.0,0.0,0.0,0.0,0.0,0.0,0.0,0.0,0.0,0.0,0.0,0.0,0.0,0.0,0.0,0.0,0.0,0.0,0.0,0.0
2026-06-10T15:30:00Z,,,0.0,0.0,0.0,0.0,0.0,0.0,0.0,0.0,0.0,0.0,0.0,0.0,0.0,0.0,0.0,0.0,0.0,0.0,0.0,0.0,0.0,0.0,0.0,0.0
2026-06-10T16:00:00Z,ok,,8.6,9.3,9.9,9.4,9.3,8.7,8.2,9.2,10.5,11.3,9.6,7.8,6.6,6.0,6.1,6.0,5.3,4.3,4.2,4.4,4.8,5.1,5.5,5.6
2026-06-10T16:30:00Z,,,0.0,0.0,0.0,0.0,0.0,0.0,0.0,0.0,0.0,0.0,0.0,0.0,0.0,0.0,0.0,0.0,0.0,0.0,0.0,0.0,0.0,0.0,0.0,0.0
2026-06-10T17:00:00Z,failed,,0.0,0.0,0.0,0.0,0.0,0.0,0.0,0.0,0.0,0.0,0.0,0.0,0.0,0.0,0.0,0.0,0.0,0.0,0.0,0.0,0.0,0.0,0.0,0.0
2026-06-10T17:30:00Z,,,0.0,0.0,0.0,0.0,0.0,0.0,0.0,0.0,0.0,0.0,0.0,0.0,0.0,0.0,0.0,0.0,0.0,0.0,0.0,0.0,0.0,0.0,0.0,0.0
2026-06-10T18:00:00Z,failed,,0.0,0.0,0.0,0.0,0.0,0.0,0.0,0.0,0.0,0.0,0.0,0.0,0.0,0.0,0.0,0.0,0.0,0.0,0.0,0.0,0.0,0.0,0.0,0.0
2026-06-10T18:30:00Z,,,0.0,0.0,0.0,0.0,0.0,0.0,0.0,0.0,0.0,0.0,0.0,0.0,0.0,0.0,0.0,0.0,0.0,0.0,0.0,0.0,0.0,0.0,0.0,0.0
2026-06-10T19:00:00Z,ok,,9.1,9.7,10.3,10.6,9.2,7.9,6.7,6.1,6.3,6.6,6.8,6.5,5.5,4.8,4.4,4.7,5.4,6.4,6.9,7.3,7.7,7.8,7.8,7.7
2026-06-10T19:30:00Z,,,0.0,0.0,0.0,0.0,0.0,0.0,0.0,0.0,0.0,0.0,0.0,0.0,0.0,0.0,0.0,0.0,0.0,0.0,0.0,0.0,0.0,0.0,0.0,0.0
2026-06-10T20:00:00Z,ok,,12.4,11.2,9.9,7.7,6.6,6.1,6.0,6.6,6.7,6.6,5.4,4.7,4.6,5.2,6.1,6.5,6.2,4.9,5.0,5.1,5.5,5.8,6.3,6.5
2026-06-10T20:30:00Z,,,0.0,0.0,0.0,0.0,0.0,0.0,0.0,0.0,0.0,0.0,0.0,0.0,0.0,0.0,0.0,0.0,0.0,0.0,0.0,0.0,0.0,0.0,0.0,0.0
2026-06-10T21:00:00Z,ok,,6.7,6.1,5.8,5.4,5.4,6.2,6.4,5.9,5.0,4.4,4.1,4.9,5.5,6.1,5.5,4.7,4.0,3.6,4.0,4.7,5.2,5.6,5.9,6.2
2026-06-10T21:30:00Z,ok,,6.9,6.5,5.8,5.7,5.6,6.0,6.0,5.2,4.7,4.8,5.0,5.9,6.3,5.7,4.9,4.1,4.1,4.9,5.6,6.4,6.7,7.1,7.3,7.2
2026-06-10T22:00:00Z,,,0.0,0.0,0.0,0.0,0.0,0.0,0.0,0.0,0.0,0.0,0.0,0.0,0.0,0.0,0.0,0.0,0.0,0.0,0.0,0.0,0.0,0.0,0.0,0.0
2026-06-10T22:30:00Z,ok,,6.2,6.1,6.3,6.3,5.8,5.0,4.4,4.5,5.2,6.4,6.8,6.5,5.4,4.7,4.4,4.5,4.4,4.1,4.0,4.3,4.6,4.8,5.4,5.6
2026-06-10T23:00:00Z,failed,,0.0,0.0,0.0,0.0,0.0,0.0,0.0,0.0,0.0,0.0,0.0,0.0,0.0,0.0,0.0,0.0,0.0,0.0,0.0,0.0,0.0,0.0,0.0,0.0
2026-06-10T23:30:00Z,failed,,0.0,0.0,0.0,0.0,0.0,0.0,0.0,0.0,0.0,0.0,0.0,0.0,0.0,0.0,0.0,0.0,0.0,0.0,0.0,0.0,0.0,0.0,0.0,0.0
2026-06-11T00:00:00Z,ok,,6.9,6.0,5.3,4.8,4.7,5.7,6.4,6.4,5.9,5.3,4.5,4.4,4.3,4.3,3.7,3.3,3.0,2.8,3.4,4.1,4.4,5.0,5.3,5.6
2026-06-11T00:30:00Z,,,0.0,0.0,0.0,0.0,0.0,0.0,0.0,0.0,0.0,0.0,0.0,0.0,0.0,0.0,0.0,0.0,0.0,0.0,0.0,0.0,0.0,0.0,0.0,0.0
2026-06-11T01:00:00Z,ok,,5.1,4.8,4.7,4.9,5.2,5.7,5.6,4.9,4.6,4.4,4.3,4.4,4.1,3.5,3.1,2.9,2.9,3.5,4.1,5.1,5.7,6.4,7.0,7.2
2026-06-11T01:30:00Z,,,0.0,0.0,0.0,0.0,0.0,0.0,0.0,0.0,0.0,0.0,0.0,0.0,0.0,0.0,0.0,0.0,0.0,0.0,0.0,0.0,0.0,0.0,0.0,0.0
2026-06-11T02:00:00Z,ok,,5.9,6.0,6.5,6.5,5.9,5.5,4.7,4.6,4.7,4.6,4.3,3.7,3.1,3.0,2.9,3.3,3.4,3.7,4.2,4.9,5.1,5.8,6.1,6.6
2026-06-11T02:30:00Z,,,0.0,0.0,0.0,0.0,0.0,0.0,0.0,0.0,0.0,0.0,0.0,0.0,0.0,0.0,0.0,0.0,0.0,0.0,0.0,0.0,0.0,0.0,0.0,0.0
2026-06-11T03:00:00Z,,,0.0,0.0,0.0,0.0,0.0,0.0,0.0,0.0,0.0,0.0,0.0,0.0,0.0,0.0,0.0,0.0,0.0,0.0,0.0,0.0,0.0,0.0,0.0,0.0
2026-06-11T03:30:00Z,ok,,7.2,6.4,5.6,4.9,4.5,4.6,4.7,4.1,3.5,3.0,2.9,2.6,2.8,3.1,3.4,4.3,5.5,7.1,8.0,8.8,8.5,8.9,8.9,9.1
2026-06-11T04:00:00Z,,,0.0,0.0,0.0,0.0,0.0,0.0,0.0,0.0,0.0,0.0,0.0,0.0,0.0,0.0,0.0,0.0,0.0,0.0,0.0,0.0,0.0,0.0,0.0,0.0
2026-06-11T04:30:00Z,,,0.0,0.0,0.0,0.0,0.0,0.0,0.0,0.0,0.0,0.0,0.0,0.0,0.0,0.0,0.0,0.0,0.0,0.0,0.0,0.0,0.0,0.0,0.0,0.0
2026-06-11T05:00:00Z,,,0.0,0.0,0.0,0.0,0.0,0.0,0.0,0.0,0.0,0.0,0.0,0.0,0.0,0.0,0.0,0.0,0.0,0.0,0.0,0.0,0.0,0.0,0.0,0.0
2026-06-11T05:30:00Z,failed,,0.0,0.0,0.0,0.0,0.0,0.0,0.0,0.0,0.0,0.0,0.0,0.0,0.0,0.0,0.0,0.0,0.0,0.0,0.0,0.0,0.0,0.0,0.0,0.0
2026-06-11T06:00:00Z,,,0.0,0.0,0.0,0.0,0.0,0.0,0.0,0.0,0.0,0.0,0.0,0.0,0.0,0.0,0.0,0.0,0.0,0.0,0.0,0.0,0.0,0.0,0.0,0.0
2026-06-11T06:30:00Z,,,0.0,0.0,0.0,0.0,0.0,0.0,0.0,0.0,0.0,0.0,0.0,0.0,0.0,0.0,0.0,0.0,0.0,0.0,0.0,0.0,0.0,0.0,0.0,0.0
2026-06-11T07:00:00Z,ok,,5.5,4.9,4.5,3.9,3.7,4.1,4.3,4.5,5.6,6.8,9.3,11.6,13.7,16.4,18.5,21.5,21.7,18.7,14.7,13.6,11.9,11.9,12.4,12.9
2026-06-11T07:30:00Z,,,0.0,0.0,0.0,0.0,0.0,0.0,0.0,0.0,0.0,0.0,0.0,0.0,0.0,0.0,0.0,0.0,0.0,0.0,0.0,0.0,0.0,0.0,0.0,0.0
2026-06-11T08:00:00Z,,,0.0,0.0,0.0,0.0,0.0,0.0,0.0,0.0,0.0,0.0,0.0,0.0,0.0,0.0,0.0,0.0,0.0,0.0,0.0,0.0,0.0,0.0,0.0,0.0
2026-06-11T08:30:00Z,ok,,5.0,4.6,4.4,4.4,5.2,6.0,7.6,10.0,12.9,15.6,17.2,18.3,18.9,19.1,16.7,15.2,15.1,16.1,16.4,15.5,14.7,14.0,13.7,13.7
2026-06-11T09:00:00Z,,,0.0,0.0,0.0,0.0,0.0,0.0,0.0,0.0,0.0,0.0,0.0,0.0,0.0,0.0,0.0,0.0,0.0,0.0,0.0,0.0,0.0,0.0,0.0,0.0
2026-06-11T09:30:00Z,,,0.0,0.0,0.0,0.0,0.0,0.0,0.0,0.0,0.0,0.0,0.0,0.0,0.0,0.0,0.0,0.0,0.0,0.0,0.0,0.0,0.0,0.0,0.0,0.0
2026-06-11T10:00:00Z,,,0.0,0.0,0.0,0.0,0.0,0.0,0.0,0.0,0.0,0.0,0.0,0.0,0.0,0.0,0.0,0.0,0.0,0.0,0.0,0.0,0.0,0.0,0.0,0.0
2026-06-11T10:30:00Z,ok,,4.7,5.6,6.7,9.7,11.8,14.3,16.4,17.5,19.7,19.2,16.3,14.2,13.4,14.6,16.6,17.2,15.3,12.3,9.3,7.8,7.3,8.0,7.5,7.3
2026-06-11T11:00:00Z,,,0.0,0.0,0.0,0.0,0.0,0.0,0.0,0.0,0.0,0.0,0.0,0.0,0.0,0.0,0.0,0.0,0.0,0.0,0.0,0.0,0.0,0.0,0.0,0.0
2026-06-11T11:30:00Z,,,0.0,0.0,0.0,0.0,0.0,0.0,0.0,0.0,0.0,0.0,0.0,0.0,0.0,0.0,0.0,0.0,0.0,0.0,0.0,0.0,0.0,0.0,0.0,0.0
2026-06-11T12:00:00Z,ok,,13.2,15.4,16.7,18.8,19.9,22.4,22.0,20.2,18.1,15.9,16.5,18.7,19.4,17.8,14.5,10.6,7.8,6.3,6.1,6.5,7.0,7.5,8.0,7.9
2026-06-11T12:30:00Z,,,0.0,0.0,0.0,0.0,0.0,0.0,0.0,0.0,0.0,0.0,0.0,0.0,0.0,0.0,0.0,0.0,0.0,0.0,0.0,0.0,0.0,0.0,0.0,0.0
2026-06-11T13:00:00Z,,,0.0,0.0,0.0,0.0,0.0,0.0,0.0,0.0,0.0,0.0,0.0,0.0,0.0,0.0,0.0,0.0,0.0,0.0,0.0,0.0,0.0,0.0,0.0,0.0
2026-06-11T13:30:00Z,ok,,15.8,18.1,19.8,19.0,18.1,15.0,12.8,13.8,16.7,18.1,16.4,13.2,9.9,7.8,6.8,6.6,6.1,5.5,5.9,6.6,7.5,8.3,8.7,8.9
2026-06-11T14:00:00Z,,,0.0,0.0,0.0,0.0,0.0,0.0,0.0,0.0,0.0,0.0,0.0,0.0,0.0,0.0,0.0,0.0,0.0,0.0,0.0,0.0,0.0,0.0,0.0,0.0
2026-06-11T14:30:00Z,,,0.0,0.0,0.0,0.0,0.0,0.0,0.0,0.0,0.0,0.0,0.0,0.0,0.0,0.0,0.0,0.0,0.0,0.0,0.0,0.0,0.0,0.0,0.0,0.0
2026-06-11T15:00:00Z,failed,,0.0,0.0,0.0,0.0,0.0,0.0,0.0,0.0,0.0,0.0,0.0,0.0,0.0,0.0,0.0,0.0,0.0,0.0,0.0,0.0,0.0,0.0,0.0,0.0
2026-06-11T15:30:00Z,,,0.0,0.0,0.0,0.0,0.0,0.0,0.0,0.0,0.0,0.0,0.0,0.0,0.0,0.0,0.0,0.0,0.0,0.0,0.0,0.0,0.0,0.0,0.0,0.0
2026-06-11T16:00:00Z,,,0.0,0.0,0.0,0.0,0.0,0.0,0.0,0.0,0.0,0.0,0.0,0.0,0.0,0.0,0.0,0.0,0.0,0.0,0.0,0.0,0.0,0.0,0.0,0.0
2026-06-11T16:30:00Z,ok,,8.9,10.5,12.3,14.0,12.5,10.5,7.8,5.8,5.4,5.8,7.0,7.4,7.7,7.9,8.5,8.9,8.7,9.3,10.1,11.0,12.4,13.8,14.6,14.7
2026-06-11T17:00:00Z,,,0.0,0.0,0.0,0.0,0.0,0.0,0.0,0.0,0.0,0.0,0.0,0.0,0.0,0.0,0.0,0.0,0.0,0.0,0.0,0.0,0.0,0.0,0.0,0.0
2026-06-11T17:30:00Z,failed,,0.0,0.0,0.0,0.0,0.0,0.0,0.0,0.0,0.0,0.0,0.0,0.0,0.0,0.0,0.0,0.0,0.0,0.0,0.0,0.0,0.0,0.0,0.0,0.0
2026-06-11T18:00:00Z,,,0.0,0.0,0.0,0.0,0.0,0.0,0.0,0.0,0.0,0.0,0.0,0.0,0.0,0.0,0.0,0.0,0.0,0.0,0.0,0.0,0.0,0.0,0.0,0.0
2026-06-11T18:30:00Z,ok,,19.5,15.3,10.7,7.6,6.1,6.1,7.4,7.8,8.6,7.9,7.7,9.3,10.5,12.9,14.8,15.5,16.8,17.2,19.5,19.4,21.8,21.8,23.8,22.9
2026-06-11T19:00:00Z,,,0.0,0.0,0.0,0.0,0.0,0.0,0.0,0.0,0.0,0.0,0.0,0.0,0.0,0.0,0.0,0.0,0.0,0.0,0.0,0.0,0.0,0.0,0.0,0.0
2026-06-11T19:30:00Z,failed,,0.0,0.0,0.0,0.0,0.0,0.0,0.0,0.0,0.0,0.0,0.0,0.0,0.0,0.0,0.0,0.0,0.0,0.0,0.0,0.0,0.0,0.0,0.0,0.0
2026-06-11T20:00:00Z,,,0.0,0.0,0.0,0.0,0.0,0.0,0.0,0.0,0.0,0.0,0.0,0.0,0.0,0.0,0.0,0.0,0.0,0.0,0.0,0.0,0.0,0.0,0.0,0.0
2026-06-11T20:30:00Z,failed,,0.0,0.0,0.0,0.0,0.0,0.0,0.0,0.0,0.0,0.0,0.0,0.0,0.0,0.0,0.0,0.0,0.0,0.0,0.0,0.0,0.0,0.0,0.0,0.0
2026-06-11T21:00:00Z,,,0.0,0.0,0.0,0.0,0.0,0.0,0.0,0.0,0.0,0.0,0.0,0.0,0.0,0.0,0.0,0.0,0.0,0.0,0.0,0.0,0.0,0.0,0.0,0.0
2026-06-11T21:30:00Z,ok,,10.0,9.5,9.6,9.7,9.5,10.1,13.5,16.9,20.5,21.3,22.7,26.3,35.9,51.8,72.7,75.5,62.8,45.1,33.8,31.1,34.9,36.7,40.3,40.2
2026-06-11T22:00:00Z,failed,,0.0,0.0,0.0,0.0,0.0,0.0,0.0,0.0,0.0,0.0,0.0,0.0,0.0,0.0,0.0,0.0,0.0,0.0,0.0,0.0,0.0,0.0,0.0,0.0
2026-06-11T22:30:00Z,failed,,0.0,0.0,0.0,0.0,0.0,0.0,0.0,0.0,0.0,0.0,0.0,0.0,0.0,0.0,0.0,0.0,0.0,0.0,0.0,0.0,0.0,0.0,0.0,0.0
2026-06-11T23:00:00Z,,,0.0,0.0,0.0,0.0,0.0,0.0,0.0,0.0,0.0,0.0,0.0,0.0,0.0,0.0,0.0,0.0,0.0,0.0,0.0,0.0,0.0,0.0,0.0,0.0
2026-06-11T23:30:00Z,failed,,0.0,0.0,0.0,0.0,0.0,0.0,0.0,0.0,0.0,0.0,0.0,0.0,0.0,0.0,0.0,0.0,0.0,0.0,0.0,0.0,0.0,0.0,0.0,0.0
2026-06-12T00:00:00Z,ok,,12.8,14.0,16.8,21.2,25.1,25.0,28.7,38.1,59.5,73.9,76.4,62.4,42.1,30.9,26.2,23.6,20.8,17.8,17.3,18.3,22.8,25.5,25.7,26.5
2026-06-12T00:30:00Z,,,0.0,0.0,0.0,0.0,0.0,0.0,0.0,0.0,0.0,0.0,0.0,0.0,0.0,0.0,0.0,0.0,0.0,0.0,0.0,0.0,0.0,0.0,0.0,0.0
2026-06-12T01:00:00Z,ok,,18.6,19.7,21.0,22.9,28.1,36.2,48.3,68.8,73.7,60.0,40.5,29.6,23.1,23.2,24.2,23.6,24.6,26.6,36.1,40.4,47.0,48.9,49.1,48.5
2026-06-12T01:30:00Z,,,0.0,0.0,0.0,0.0,0.0,0.0,0.0,0.0,0.0,0.0,0.0,0.0,0.0,0.0,0.0,0.0,0.0,0.0,0.0,0.0,0.0,0.0,0.0,0.0
2026-06-12T02:00:00Z,ok,,17.2,19.9,24.7,35.6,49.5,63.4,65.5,51.2,37.5,27.3,22.7,21.3,19.5,19.9,22.0,24.8,29.2,31.7,33.4,33.9,33.6,33.6,35.4,34.9
2026-06-12T02:30:00Z,,,0.0,0.0,0.0,0.0,0.0,0.0,0.0,0.0,0.0,0.0,0.0,0.0,0.0,0.0,0.0,0.0,0.0,0.0,0.0,0.0,0.0,0.0,0.0,0.0
2026-06-12T03:00:00Z,,,0.0,0.0,0.0,0.0,0.0,0.0,0.0,0.0,0.0,0.0,0.0,0.0,0.0,0.0,0.0,0.0,0.0,0.0,0.0,0.0,0.0,0.0,0.0,0.0
2026-06-12T03:30:00Z,failed,,0.0,0.0,0.0,0.0,0.0,0.0,0.0,0.0,0.0,0.0,0.0,0.0,0.0,0.0,0.0,0.0,0.0,0.0,0.0,0.0,0.0,0.0,0.0,0.0
2026-06-12T04:00:00Z,,,0.0,0.0,0.0,0.0,0.0,0.0,0.0,0.0,0.0,0.0,0.0,0.0,0.0,0.0,0.0,0.0,0.0,0.0,0.0,0.0,0.0,0.0,0.0,0.0
2026-06-12T04:30:00Z,,,0.0,0.0,0.0,0.0,0.0,0.0,0.0,0.0,0.0,0.0,0.0,0.0,0.0,0.0,0.0,0.0,0.0,0.0,0.0,0.0,0.0,0.0,0.0,0.0
2026-06-12T05:00:00Z,,,0.0,0.0,0.0,0.0,0.0,0.0,0.0,0.0,0.0,0.0,0.0,0.0,0.0,0.0,0.0,0.0,0.0,0.0,0.0,0.0,0.0,0.0,0.0,0.0
2026-06-12T05:30:00Z,failed,,0.0,0.0,0.0,0.0,0.0,0.0,0.0,0.0,0.0,0.0,0.0,0.0,0.0,0.0,0.0,0.0,0.0,0.0,0.0,0.0,0.0,0.0,0.0,0.0
2026-06-12T06:00:00Z,,,0.0,0.0,0.0,0.0,0.0,0.0,0.0,0.0,0.0,0.0,0.0,0.0,0.0,0.0,0.0,0.0,0.0,0.0,0.0,0.0,0.0,0.0,0.0,0.0
2026-06-12T06:30:00Z,,,0.0,0.0,0.0,0.0,0.0,0.0,0.0,0.0,0.0,0.0,0.0,0.0,0.0,0.0,0.0,0.0,0.0,0.0,0.0,0.0,0.0,0.0,0.0,0.0
2026-06-12T07:00:00Z,imputed,,11.5,11.1,11.9,13.3,15.1,17.4,19.4,21.9,27.0,31.1,28.7,24.4,20.4,18.6,18.9,20.9,22.8,22.4,18.6,15.3,12.9,12.9,11.7,11.1
2026-06-12T07:30:00Z,,,0.0,0.0,0.0,0.0,0.0,0.0,0.0,0.0,0.0,0.0,0.0,0.0,0.0,0.0,0.0,0.0,0.0,0.0,0.0,0.0,0.0,0.0,0.0,0.0
2026-06-12T08:00:00Z,,,0.0,0.0,0.0,0.0,0.0,0.0,0.0,0.0,0.0,0.0,0.0,0.0,0.0,0.0,0.0,0.0,0.0,0.0,0.0,0.0,0.0,0.0,0.0,0.0
2026-06-12T08:30:00Z,imputed,,14.2,13.7,15.0,17.0,21.0,25.1,26.5,25.2,21.2,19.5,18.2,19.4,19.2,19.8,18.9,18.0,19.1,17.9,15.5,14.2,12.5,11.2,11.3,10.7
2026-06-12T09:00:00Z,,,0.0,0.0,0.0,0.0,0.0,0.0,0.0,0.0,0.0,0.0,0.0,0.0,0.0,0.0,0.0,0.0,0.0,0.0,0.0,0.0,0.0,0.0,0.0,0.0
2026-06-12T09:30:00Z,,,0.0,0.0,0.0,0.0,0.0,0.0,0.0,0.0,0.0,0.0,0.0,0.0,0.0,0.0,0.0,0.0,0.0,0.0,0.0,0.0,0.0,0.0,0.0,0.0
2026-06-12T10:00:00Z,failed,,0.0,0.0,0.0,0.0,0.0,0.0,0.0,0.0,0.0,0.0,0.0,0.0,0.0,0.0,0.0,0.0,0.0,0.0,0.0,0.0,0.0,0.0,0.0,0.0
2026-06-12T10:30:00Z,,,0.0,0.0,0.0,0.0,0.0,0.0,0.0,0.0,0.0,0.0,0.0,0.0,0.0,0.0,0.0,0.0,0.0,0.0,0.0,0.0,0.0,0.0,0.0,0.0
2026-06-12T11:00:00Z,,,0.0,0.0,0.0,0.0,0.0,0.0,0.0,0.0,0.0,0.0,0.0,0.0,0.0,0.0,0.0,0.0,0.0,0.0,0.0,0.0,0.0,0.0,0.0,0.0
2026-06-12T11:30:00Z,failed,,0.0,0.0,0.0,0.0,0.0,0.0,0.0,0.0,0.0,0.0,0.0,0.0,0.0,0.0,0.0,0.0,0.0,0.0,0.0,0.0,0.0,0.0,0.0,0.0
2026-06-12T12:00:00Z,,,0.0,0.0,0.0,0.0,0.0,0.0,0.0,0.0,0.0,0.0,0.0,0.0,0.0,0.0,0.0,0.0,0.0,0.0,0.0,0.0,0.0,0.0,0.0,0.0
2026-06-12T12:30:00Z,failed,,0.0,0.0,0.0,0.0,0.0,0.0,0.0,0.0,0.0,0.0,0.0,0.0,0.0,0.0,0.0,0.0,0.0,0.0,0.0,0.0,0.0,0.0,0.0,0.0
2026-06-12T13:00:00Z,,,0.0,0.0,0.0,0.0,0.0,0.0,0.0,0.0,0.0,0.0,0.0,0.0,0.0,0.0,0.0,0.0,0.0,0.0,0.0,0.0,0.0,0.0,0.0,0.0
2026-06-12T13:30:00Z,failed,,0.0,0.0,0.0,0.0,0.0,0.0,0.0,0.0,0.0,0.0,0.0,0.0,0.0,0.0,0.0,0.0,0.0,0.0,0.0,0.0,0.0,0.0,0.0,0.0
2026-06-12T14:00:00Z,,,0.0,0.0,0.0,0.0,0.0,0.0,0.0,0.0,0.0,0.0,0.0,0.0,0.0,0.0,0.0,0.0,0.0,0.0,0.0,0.0,0.0,0.0,0.0,0.0
2026-06-12T14:30:00Z,failed,,0.0,0.0,0.0,0.0,0.0,0.0,0.0,0.0,0.0,0.0,0.0,0.0,0.0,0.0,0.0,0.0,0.0,0.0,0.0,0.0,0.0,0.0,0.0,0.0
2026-06-12T15:00:00Z,,,0.0,0.0,0.0,0.0,0.0,0.0,0.0,0.0,0.0,0.0,0.0,0.0,0.0,0.0,0.0,0.0,0.0,0.0,0.0,0.0,0.0,0.0,0.0,0.0
2026-06-12T15:30:00Z,,,0.0,0.0,0.0,0.0,0.0,0.0,0.0,0.0,0.0,0.0,0.0,0.0,0.0,0.0,0.0,0.0,0.0,0.0,0.0,0.0,0.0,0.0,0.0,0.0
2026-06-12T16:00:00Z,imputed,,8.2,8.1,9.3,10.3,11.0,11.0,12.7,13.5,14.2,13.9,14.3,13.9,14.6,16.2,22.4,28.9,30.8,33.3,38.1,37.6,42.9,44.1,43.2,45.0
2026-06-12T16:30:00Z,,,0.0,0.0,0.0,0.0,0.0,0.0,0.0,0.0,0.0,0.0,0.0,0.0,0.0,0.0,0.0,0.0,0.0,0.0,0.0,0.0,0.0,0.0,0.0,0.0
2026-06-12T17:00:00Z,imputed,,9.1,9.3,10.3,11.6,12.8,13.5,14.9,13.9,12.7,11.9,12.5,14.1,17.0,20.5,30.2,34.6,31.3,27.0,24.8,22.4,25.0,26.5,27.1,27.9
2026-06-12T17:30:00Z,imputed,,12.0,11.9,12.5,13.3,14.3,16.0,16.3,14.9,13.8,12.5,13.5,15.8,19.4,22.1,26.8,25.1,20.2,15.2,12.8,11.0,10.7,11.4,11.7,11.2
2026-06-12T18:00:00Z,,,0.0,0.0,0.0,0.0,0.0,0.0,0.0,0.0,0.0,0.0,0.0,0.0,0.0,0.0,0.0,0.0,0.0,0.0,0.0,0.0,0.0,0.0,0.0,0.0
2026-06-12T18:30:00Z,imputed,,12.0,12.9,15.1,16.6,17.1,17.1,14.9,13.4,13.9,17.6,22.9,29.3,30.0,26.3,23.9,23.7,24.2,25.2,25.2,24.5,22.3,22.1,21.8,21.5
2026-06-12T19:00:00Z,,,0.0,0.0,0.0,0.0,0.0,0.0,0.0,0.0,0.0,0.0,0.0,0.0,0.0,0.0,0.0,0.0,0.0,0.0,0.0,0.0,0.0,0.0,0.0,0.0
2026-06-12T19:30:00Z,imputed,,10.8,12.0,14.0,15.3,14.3,14.1,14.1,15.6,21.6,28.8,30.9,29.0,23.6,21.3,24.7,30.2,31.5,27.1,22.4,19.8,19.0,20.7,19.6,19.6
2026-06-12T20:00:00Z,imputed,,15.1,15.0,14.9,14.8,15.0,16.1,19.3,23.9,31.8,34.5,29.1,25.3,22.5,22.6,27.7,30.7,28.5,23.3,18.4,15.2,14.2,15.8,14.9,14.3
2026-06-12T20:30:00Z,,,0.0,0.0,0.0,0.0,0.0,0.0,0.0,0.0,0.0,0.0,0.0,0.0,0.0,0.0,0.0,0.0,0.0,0.0,0.0,0.0,0.0,0.0,0.0,0.0
2026-06-12T21:00:00Z,ok,,10.9,10.7,11.6,13.3,15.8,20.6,25.0,25.5,22.3,20.3,21.0,23.6,25.0,25.1,24.3,20.5,17.5,15.0,13.9,12.2,11.8,11.9,11.5,11.5
2026-06-12T21:30:00Z,failed,,0.0,0.0,0.0,0.0,0.0,0.0,0.0,0.0,0.0,0.0,0.0,0.0,0.0,0.0,0.0,0.0,0.0,0.0,0.0,0.0,0.0,0.0,0.0,0.0
2026-06-12T22:00:00Z,ok,,10.0,11.4,15.0,19.2,23.9,25.3,22.4,18.8,17.3,18.8,21.1,24.1,22.6,18.9,16.8,16.6,17.6,17.2,16.0,14.3,13.9,13.0,12.5,12.4
2026-06-12T22:30:00Z,failed,,0.0,0.0,0.0,0.0,0.0,0.0,0.0,0.0,0.0,0.0,0.0,0.0,0.0,0.0,0.0,0.0,0.0,0.0,0.0,0.0,0.0,0.0,0.0,0.0
2026-06-12T23:00:00Z,ok,,14.9,18.6,22.3,26.2,25.0,21.6,18.8,19.0,23.2,27.1,22.8,20.2,16.6,16.3,18.1,21.3,22.2,18.8,15.1,12.6,12.0,12.5,11.7,11.2
2026-06-12T23:30:00Z,ok,,21.9,24.3,24.6,22.4,21.1,18.7,18.2,20.9,23.7,24.7,19.4,17.1,16.7,18.1,21.2,20.7,17.9,14.2,11.4,10.0,9.7,10.6,10.2,9.6
2026-06-13T00:00:00Z,,,0.0,0.0,0.0,0.0,0.0,0.0,0.0,0.0,0.0,0.0,0.0,0.0,0.0,0.0,0.0,0.0,0.0,0.0,0.0,0.0,0.0,0.0,0.0,0.0
2026-06-13T00:30:00Z,,,0.0,0.0,0.0,0.0,0.0,0.0,0.0,0.0,0.0,0.0,0.0,0.0,0.0,0.0,0.0,0.0,0.0,0.0,0.0,0.0,0.0,0.0,0.0,0.0
2026-06-13T01:00:00Z,ok,,16.8,15.8,16.7,17.9,20.5,22.5,22.0,19.2,15.8,15.3,17.3,21.3,21.4,17.7,14.1,11.7,11.9,12.9,13.2,12.8,12.7,11.5,11.4,11.0
2026-06-13T01:30:00Z,,,0.0,0.0,0.0,0.0,0.0,0.0,0.0,0.0,0.0,0.0,0.0,0.0,0.0,0.0,0.0,0.0,0.0,0.0,0.0,0.0,0.0,0.0,0.0,0.0
2026-06-13T02:00:00Z,ok,,12.1,14.0,17.0,19.5,19.9,17.5,14.5,14.1,17.2,19.7,18.5,16.7,13.1,11.0,10.8,11.6,12.8,11.5,9.7,8.1,8.1,8.2,7.5,7.4
2026-06-13T02:30:00Z,,,0.0,0.0,0.0,0.0,0.0,0.0,0.0,0.0,0.0,0.0,0.0,0.0,0.0,0.0,0.0,0.0,0.0,0.0,0.0,0.0,0.0,0.0,0.0,0.0
2026-06-13T03:00:00Z,ok,,20.0,19.5,18.6,15.7,15.3,14.3,14.9,17.3,18.3,17.2,12.4,10.6,10.6,12.1,14.9,13.8,12.5,10.0,8.5,7.7,7.6,8.1,7.6,7.3
2026-06-13T03:30:00Z,,,0.0,0.0,0.0,0.0,0.0,0.0,0.0,0.0,0.0,0.0,0.0,0.0,0.0,0.0,0.0,0.0,0.0,0.0,0.0,0.0,0.0,0.0,0.0,0.0
2026-06-13T04:00:00Z,,,0.0,0.0,0.0,0.0,0.0,0.0,0.0,0.0,0.0,0.0,0.0,0.0,0.0,0.0,0.0,0.0,0.0,0.0,0.0,0.0,0.0,0.0,0.0,0.0
2026-06-13T04:30:00Z,,,0.0,0.0,0.0,0.0,0.0,0.0,0.0,0.0,0.0,0.0,0.0,0.0,0.0,0.0,0.0,0.0,0.0,0.0,0.0,0.0,0.0,0.0,0.0,0.0
2026-06-13T05:00:00Z,failed,,0.0,0.0,0.0,0.0,0.0,0.0,0.0,0.0,0.0,0.0,0.0,0.0,0.0,0.0,0.0,0.0,0.0,0.0,0.0,0.0,0.0,0.0,0.0,0.0
2026-06-13T05:30:00Z,,,0.0,0.0,0.0,0.0,0.0,0.0,0.0,0.0,0.0,0.0,0.0,0.0,0.0,0.0,0.0,0.0,0.0,0.0,0.0,0.0,0.0,0.0,0.0,0.0
2026-06-13T06:00:00Z,,,0.0,0.0,0.0,0.0,0.0,0.0,0.0,0.0,0.0,0.0,0.0,0.0,0.0,0.0,0.0,0.0,0.0,0.0,0.0,0.0,0.0,0.0,0.0,0.0
2026-06-13T06:30:00Z,failed,,0.0,0.0,0.0,0.0,0.0,0.0,0.0,0.0,0.0,0.0,0.0,0.0,0.0,0.0,0.0,0.0,0.0,0.0,0.0,0.0,0.0,0.0,0.0,0.0
2026-06-13T07:00:00Z,,,0.0,0.0,0.0,0.0,0.0,0.0,0.0,0.0,0.0,0.0,0.0,0.0,0.0,0.0,0.0,0.0,0.0,0.0,0.0,0.0,0.0,0.0,0.0,0.0
2026-06-13T07:30:00Z,failed,,0.0,0.0,0.0,0.0,0.0,0.0,0.0,0.0,0.0,0.0,0.0,0.0,0.0,0.0,0.0,0.0,0.0,0.0,0.0,0.0,0.0,0.0,0.0,0.0
2026-06-13T08:00:00Z,,,0.0,0.0,0.0,0.0,0.0,0.0,0.0,0.0,0.0,0.0,0.0,0.0,0.0,0.0,0.0,0.0,0.0,0.0,0.0,0.0,0.0,0.0,0.0,0.0
2026-06-13T08:30:00Z,imputed,,10.6,12.0,14.1,15.7,16.6,14.6,11.6,10.5,10.7,10.6,9.5,9.4,8.3,7.3,7.5,7.2,7.5,6.6,6.3,5.9,6.6,6.4,6.0,6.1
2026-06-13T09:00:00Z,,,0.0,0.0,0.0,0.0,0.0,0.0,0.0,0.0,0.0,0.0,0.0,0.0,0.0,0.0,0.0,0.0,0.0,0.0,0.0,0.0,0.0,0.0,0.0,0.0
2026-06-13T09:30:00Z,,,0.0,0.0,0.0,0.0,0.0,0.0,0.0,0.0,0.0,0.0,0.0,0.0,0.0,0.0,0.0,0.0,0.0,0.0,0.0,0.0,0.0,0.0,0.0,0.0
2026-06-13T10:00:00Z,failed,,0.0,0.0,0.0,0.0,0.0,0.0,0.0,0.0,0.0,0.0,0.0,0.0,0.0,0.0,0.0,0.0,0.0,0.0,0.0,0.0,0.0,0.0,0.0,0.0
2026-06-13T10:30:00Z,failed,,0.0,0.0,0.0,0.0,0.0,0.0,0.0,0.0,0.0,0.0,0.0,0.0,0.0,0.0,0.0,0.0,0.0,0.0,0.0,0.0,0.0,0.0,0.0,0.0
2026-06-13T11:00:00Z,,,0.0,0.0,0.0,0.0,0.0,0.0,0.0,0.0,0.0,0.0,0.0,0.0,0.0,0.0,0.0,0.0,0.0,0.0,0.0,0.0,0.0,0.0,0.0,0.0
2026-06-13T11:30:00Z,failed,,0.0,0.0,0.0,0.0,0.0,0.0,0.0,0.0,0.0,0.0,0.0,0.0,0.0,0.0,0.0,0.0,0.0,0.0,0.0,0.0,0.0,0.0,0.0,0.0
2026-06-13T12:00:00Z,imputed,,14.4,12.9,11.7,10.6,10.0,9.3,9.1,8.8,9.1,9.2,8.3,8.7,9.4,11.0,16.3,19.4,21.2,18.1,15.0,12.2,11.8,11.9,11.7,11.3
2026-06-13T12:30:00Z,imputed,,13.9,12.4,11.3,10.2,9.7,8.7,8.5,8.5,8.4,8.7,8.5,9.4,11.8,14.4,19.6,20.9,20.1,17.3,15.7,14.1,14.1,14.2,14.0,13.8
2026-06-13T13:00:00Z,,,0.0,0.0,0.0,0.0,0.0,0.0,0.0,0.0,0.0,0.0,0.0,0.0,0.0,0.0,0.0,0.0,0.0,0.0,0.0,0.0,0.0,0.0,0.0,0.0
2026-06-13T13:30:00Z,failed,,0.0,0.0,0.0,0.0,0.0,0.0,0.0,0.0,0.0,0.0,0.0,0.0,0.0,0.0,0.0,0.0,0.0,0.0,0.0,0.0,0.0,0.0,0.0,0.0
2026-06-13T14:00:00Z,,,0.0,0.0,0.0,0.0,0.0,0.0,0.0,0.0,0.0,0.0,0.0,0.0,0.0,0.0,0.0,0.0,0.0,0.0,0.0,0.0,0.0,0.0,0.0,0.0
2026-06-13T14:30:00Z,imputed,,7.3,7.6,8.7,9.4,9.4,9.2,9.3,10.7,13.4,18.2,21.0,22.2,21.3,19.3,19.8,20.7,20.6,20.3,20.8,19.7,18.3,19.0,18.0,18.0
2026-06-13T15:00:00Z,imputed,,7.4,7.7,8.5,9.2,9.5,9.3,10.3,13.2,16.5,20.8,20.9,20.4,18.9,18.1,18.5,19.0,18.3,17.5,17.9,17.1,17.0,17.3,16.6,16.6
2026-06-13T15:30:00Z,failed,,0.0,0.0,0.0,0.0,0.0,0.0,0.0,0.0,0.0,0.0,0.0,0.0,0.0,0.0,0.0,0.0,0.0,0.0,0.0,0.0,0.0,0.0,0.0,0.0
2026-06-13T16:00:00Z,failed,,0.0,0.0,0.0,0.0,0.0,0.0,0.0,0.0,0.0,0.0,0.0,0.0,0.0,0.0,0.0,0.0,0.0,0.0,0.0,0.0,0.0,0.0,0.0,0.0
2026-06-13T16:30:00Z,imputed,,10.2,9.6,9.9,9.9,11.1,12.9,14.0,14.4,14.2,14.4,13.6,13.6,13.6,13.6,13.7,12.9,12.6,11.5,10.2,9.0,8.3,8.1,7.6,7.4
2026-06-13T17:00:00Z,,,0.0,0.0,0.0,0.0,0.0,0.0,0.0,0.0,0.0,0.0,0.0,0.0,0.0,0.0,0.0,0.0,0.0,0.0,0.0,0.0,0.0,0.0,0.0,0.0
2026-06-13T17:30:00Z,imputed,,8.6,9.1,10.7,12.1,13.9,14.2,13.7,13.4,13.1,14.0,12.9,13.3,13.0,12.9,12.5,12.0,12.2,11.6,11.0,10.3,9.7,9.2,8.9,8.8
2026-06-13T18:00:00Z,,,0.0,0.0,0.0,0.0,0.0,0.0,0.0,0.0,0.0,0.0,0.0,0.0,0.0,0.0,0.0,0.0,0.0,0.0,0.0,0.0,0.0,0.0,0.0,0.0
2026-06-13T18:30:00Z,failed,,0.0,0.0,0.0,0.0,0.0,0.0,0.0,0.0,0.0,0.0,0.0,0.0,0.0,0.0,0.0,0.0,0.0,0.0,0.0,0.0,0.0,0.0,0.0,0.0
2026-06-13T19:00:00Z,imputed,,15.0,15.7,16.0,15.2,15.4,14.8,14.0,14.2,14.9,15.3,13.8,13.6,13.5,13.2,13.5,11.8,10.4,8.4,7.3,6.6,6.6,6.9,6.6,6.4
2026-06-13T19:30:00Z,imputed,,14.5,14.8,15.6,14.7,15.1,14.2,13.9,14.3,14.5,15.5,13.4,13.4,13.1,13.0,13.0,12.3,12.3,11.5,11.2,10.8,10.4,10.6,9.9,9.9
2026-06-13T20:00:00Z,imputed,,14.9,14.6,15.2,14.5,14.8,14.3,14.2,14.3,14.7,15.2,13.4,13.3,12.5,12.0,12.2,12.0,12.5,11.7,10.4,9.4,8.9,8.7,8.3,8.0
2026-06-13T20:30:00Z,imputed,,14.4,13.7,14.0,13.5,13.8,13.9,13.7,13.4,13.9,13.8,12.5,12.2,11.7,11.5,12.2,11.8,11.7,10.0,8.3,7.1,6.8,6.8,6.5,6.1
2026-06-13T21:00:00Z,ok,,16.2,15.3,15.2,14.1,14.5,14.6,14.2,14.1,14.3,13.9,12.8,12.6,12.4,12.1,12.9,11.8,11.3,9.4,8.0,6.8,6.7,6.7,6.4,6.1
2026-06-13T21:30:00Z,ok,,16.0,15.8,15.8,14.7,15.3,14.8,13.9,14.0,14.4,13.9,12.8,12.9,13.1,12.8,13.1,11.3,10.1,8.1,7.0,6.1,6.2,6.3,5.9,5.7
2026-06-13T22:00:00Z,ok,,14.9,14.9,15.1,14.7,15.4,15.2,14.0,13.6,13.7,12.9,12.3,13.0,13.4,12.6,12.1,10.2,9.0,7.2,6.4,5.5,5.6,5.6,5.3,5.1
2026-06-13T22:30:00Z,ok,,13.3,13.4,13.8,13.9,14.7,14.8,13.8,13.1,13.0,13.0,13.0,14.1,13.6,11.7,10.7,9.1,8.7,7.6,6.9,6.1,6.2,6.1,5.7,5.5
2026-06-13T23:00:00Z,failed,,0.0,0.0,0.0,0.0,0.0,0.0,0.0,0.0,0.0,0.0,0.0,0.0,0.0,0.0,0.0,0.0,0.0,0.0,0.0,0.0,0.0,0.0,0.0,0.0
2026-06-13T23:30:00Z,ok,,13.3,13.9,14.3,13.5,14.1,13.5,12.4,13.2,14.2,14.8,13.8,12.8,11.7,10.2,9.8,8.3,7.5,6.2,5.7,5.3,5.6,5.9,5.4,5.4
2026-06-14T00:00:00Z,ok,,14.6,14.8,14.8,14.1,14.7,14.1,13.0,13.4,14.2,13.6,12.1,10.9,10.2,9.0,8.9,7.5,6.9,5.5,5.0,4.5,4.7,4.9,4.4,4.4
2026-06-14T00:30:00Z,,,0.0,0.0,0.0,0.0,0.0,0.0,0.0,0.0,0.0,0.0,0.0,0.0,0.0,0.0,0.0,0.0,0.0,0.0,0.0,0.0,0.0,0.0,0.0,0.0
2026-06-14T01:00:00Z,ok,,12.0,12.1,13.5,14.3,14.8,14.3,15.5,15.2,13.6,11.9,11.8,11.5,13.0,16.3,24.9,31.8,33.5,36.3,43.9,43.0,49.6,51.8,50.6,53.0
2026-06-14T01:30:00Z,,,0.0,0.0,0.0,0.0,0.0,0.0,0.0,0.0,0.0,0.0,0.0,0.0,0.0,0.0,0.0,0.0,0.0,0.0,0.0,0.0,0.0,0.0,0.0,0.0
2026-06-14T02:00:00Z,failed,,0.0,0.0,0.0,0.0,0.0,0.0,0.0,0.0,0.0,0.0,0.0,0.0,0.0,0.0,0.0,0.0,0.0,0.0,0.0,0.0,0.0,0.0,0.0,0.0
2026-06-14T02:30:00Z,,,0.0,0.0,0.0,0.0,0.0,0.0,0.0,0.0,0.0,0.0,0.0,0.0,0.0,0.0,0.0,0.0,0.0,0.0,0.0,0.0,0.0,0.0,0.0,0.0
2026-06-14T03:00:00Z,,,0.0,0.0,0.0,0.0,0.0,0.0,0.0,0.0,0.0,0.0,0.0,0.0,0.0,0.0,0.0,0.0,0.0,0.0,0.0,0.0,0.0,0.0,0.0,0.0
2026-06-14T03:30:00Z,ok,,12.5,13.4,14.9,14.6,12.2,10.8,10.0,10.4,12.7,18.4,26.3,30.3,28.2,23.3,23.6,25.6,30.6,38.8,44.3,46.4,47.4,47.9,46.6,46.5
2026-06-14T04:00:00Z,,,0.0,0.0,0.0,0.0,0.0,0.0,0.0,0.0,0.0,0.0,0.0,0.0,0.0,0.0,0.0,0.0,0.0,0.0,0.0,0.0,0.0,0.0,0.0,0.0
2026-06-14T04:30:00Z,,,0.0,0.0,0.0,0.0,0.0,0.0,0.0,0.0,0.0,0.0,0.0,0.0,0.0,0.0,0.0,0.0,0.0,0.0,0.0,0.0,0.0,0.0,0.0,0.0
2026-06-14T05:00:00Z,,,0.0,0.0,0.0,0.0,0.0,0.0,0.0,0.0,0.0,0.0,0.0,0.0,0.0,0.0,0.0,0.0,0.0,0.0,0.0,0.0,0.0,0.0,0.0,0.0
2026-06-14T05:30:00Z,imputed,,8.2,8.0,8.4,10.0,12.9,17.4,25.2,27.6,26.1,22.0,19.5,22.2,24.7,28.4,33.5,28.5,24.0,23.3,31.1,32.4,41.5,47.1,50.5,53.5
2026-06-14T06:00:00Z,,,0.0,0.0,0.0,0.0,0.0,0.0,0.0,0.0,0.0,0.0,0.0,0.0,0.0,0.0,0.0,0.0,0.0,0.0,0.0,0.0,0.0,0.0,0.0,0.0
2026-06-14T06:30:00Z,,,0.0,0.0,0.0,0.0,0.0,0.0,0.0,0.0,0.0,0.0,0.0,0.0,0.0,0.0,0.0,0.0,0.0,0.0,0.0,0.0,0.0,0.0,0.0,0.0
2026-06-14T07:00:00Z,failed,,0.0,0.0,0.0,0.0,0.0,0.0,0.0,0.0,0.0,0.0,0.0,0.0,0.0,0.0,0.0,0.0,0.0,0.0,0.0,0.0,0.0,0.0,0.0,0.0
2026-06-14T07:30:00Z,,,0.0,0.0,0.0,0.0,0.0,0.0,0.0,0.0,0.0,0.0,0.0,0.0,0.0,0.0,0.0,0.0,0.0,0.0,0.0,0.0,0.0,0.0,0.0,0.0
2026-06-14T08:00:00Z,,,0.0,0.0,0.0,0.0,0.0,0.0,0.0,0.0,0.0,0.0,0.0,0.0,0.0,0.0,0.0,0.0,0.0,0.0,0.0,0.0,0.0,0.0,0.0,0.0
2026-06-14T08:30:00Z,failed,,0.0,0.0,0.0,0.0,0.0,0.0,0.0,0.0,0.0,0.0,0.0,0.0,0.0,0.0,0.0,0.0,0.0,0.0,0.0,0.0,0.0,0.0,0.0,0.0
2026-06-14T09:00:00Z,,,0.0,0.0,0.0,0.0,0.0,0.0,0.0,0.0,0.0,0.0,0.0,0.0,0.0,0.0,0.0,0.0,0.0,0.0,0.0,0.0,0.0,0.0,0.0,0.0
2026-06-14T09:30:00Z,failed,,0.0,0.0,0.0,0.0,0.0,0.0,0.0,0.0,0.0,0.0,0.0,0.0,0.0,0.0,0.0,0.0,0.0,0.0,0.0,0.0,0.0,0.0,0.0,0.0
2026-06-14T10:00:00Z,,,0.0,0.0,0.0,0.0,0.0,0.0,0.0,0.0,0.0,0.0,0.0,0.0,0.0,0.0,0.0,0.0,0.0,0.0,0.0,0.0,0.0,0.0,0.0,0.0
2026-06-14T10:30:00Z,failed,,0.0,0.0,0.0,0.0,0.0,0.0,0.0,0.0,0.0,0.0,0.0,0.0,0.0,0.0,0.0,0.0,0.0,0.0,0.0,0.0,0.0,0.0,0.0,0.0
2026-06-14T11:00:00Z,,,0.0,0.0,0.0,0.0,0.0,0.0,0.0,0.0,0.0,0.0,0.0,0.0,0.0,0.0,0.0,0.0,0.0,0.0,0.0,0.0,0.0,0.0,0.0,0.0
2026-06-14T11:30:00Z,failed,,0.0,0.0,0.0,0.0,0.0,0.0,0.0,0.0,0.0,0.0,0.0,0.0,0.0,0.0,0.0,0.0,0.0,0.0,0.0,0.0,0.0,0.0,0.0,0.0
2026-06-14T12:00:00Z,failed,,0.0,0.0,0.0,0.0,0.0,0.0,0.0,0.0,0.0,0.0,0.0,0.0,0.0,0.0,0.0,0.0,0.0,0.0,0.0,0.0,0.0,0.0,0.0,0.0
2026-06-14T12:30:00Z,,,0.0,0.0,0.0,0.0,0.0,0.0,0.0,0.0,0.0,0.0,0.0,0.0,0.0,0.0,0.0,0.0,0.0,0.0,0.0,0.0,0.0,0.0,0.0,0.0
2026-06-14T13:00:00Z,imputed,,8.4,8.2,8.2,9.4,11.0,13.8,16.1,16.9,15.4,14.2,12.1,10.6,9.5,8.8,8.4,8.7,9.3,9.3,9.1,9.6,9.4,9.1,9.7,9.2
2026-06-14T13:30:00Z,imputed,,8.3,8.7,9.7,11.5,14.0,15.7,15.7,15.0,13.9,12.9,10.3,8.9,8.6,9.1,10.3,12.0,13.2,12.2,11.1,10.9,9.6,10.2,10.9,10.0
2026-06-14T14:00:00Z,,,0.0,0.0,0.0,0.0,0.0,0.0,0.0,0.0,0.0,0.0,0.0,0.0,0.0,0.0,0.0,0.0,0.0,0.0,0.0,0.0,0.0,0.0,0.0,0.0
2026-06-14T14:30:00Z,imputed,,8.3,9.9,12.3,15.2,16.8,17.0,15.5,13.1,11.2,9.6,8.8,9.7,10.8,12.2,12.5,11.6,9.7,8.1,7.5,8.0,9.3,9.3,10.2,10.3
2026-06-14T15:00:00Z,failed,,0.0,0.0,0.0,0.0,0.0,0.0,0.0,0.0,0.0,0.0,0.0,0.0,0.0,0.0,0.0,0.0,0.0,0.0,0.0,0.0,0.0,0.0,0.0,0.0
2026-06-14T15:30:00Z,imputed,,13.5,16.1,17.2,16.6,15.3,13.1,10.2,8.8,8.9,9.7,10.7,12.3,12.4,11.7,10.5,9.4,9.0,8.6,8.1,8.8,9.0,9.5,10.1,9.6
2026-06-14T16:00:00Z,,,0.0,0.0,0.0,0.0,0.0,0.0,0.0,0.0,0.0,0.0,0.0,0.0,0.0,0.0,0.0,0.0,0.0,0.0,0.0,0.0,0.0,0.0,0.0,0.0
2026-06-14T16:30:00Z,failed,,0.0,0.0,0.0,0.0,0.0,0.0,0.0,0.0,0.0,0.0,0.0,0.0,0.0,0.0,0.0,0.0,0.0,0.0,0.0,0.0,0.0,0.0,0.0,0.0
2026-06-14T17:00:00Z,failed,,0.0,0.0,0.0,0.0,0.0,0.0,0.0,0.0,0.0,0.0,0.0,0.0,0.0,0.0,0.0,0.0,0.0,0.0,0.0,0.0,0.0,0.0,0.0,0.0
2026-06-14T17:30:00Z,failed,,0.0,0.0,0.0,0.0,0.0,0.0,0.0,0.0,0.0,0.0,0.0,0.0,0.0,0.0,0.0,0.0,0.0,0.0,0.0,0.0,0.0,0.0,0.0,0.0
2026-06-14T18:00:00Z,imputed,,10.8,9.6,8.6,7.9,8.5,9.4,10.5,10.7,10.1,9.6,8.5,7.8,7.2,6.8,6.3,6.6,7.2,7.7,7.8,8.7,8.4,8.0,8.6,8.2
2026-06-14T18:30:00Z,imputed,,9.4,8.8,8.6,8.4,9.6,10.3,11.1,10.5,9.4,9.0,7.8,7.3,7.1,6.8,6.9,7.3,7.7,7.9,7.7,8.6,8.2,8.1,8.7,8.4
2026-06-14T19:00:00Z,imputed,,7.2,7.8,8.7,9.2,10.4,10.6,10.0,9.2,8.7,8.5,6.9,6.8,6.7,6.9,7.3,8.1,8.1,7.7,7.5,8.1,8.0,8.3,8.7,8.6
2026-06-14T19:30:00Z,,,0.0,0.0,0.0,0.0,0.0,0.0,0.0,0.0,0.0,0.0,0.0,0.0,0.0,0.0,0.0,0.0,0.0,0.0,0.0,0.0,0.0,0.0,0.0,0.0
2026-06-14T20:00:00Z,failed,,0.0,0.0,0.0,0.0,0.0,0.0,0.0,0.0,0.0,0.0,0.0,0.0,0.0,0.0,0.0,0.0,0.0,0.0,0.0,0.0,0.0,0.0,0.0,0.0
2026-06-14T20:30:00Z,imputed,,11.2,12.1,12.5,11.6,10.5,9.8,8.4,7.8,7.4,7.5,7.0,7.7,8.0,8.5,7.9,7.7,7.3,7.3,7.3,8.0,7.7,8.1,8.7,8.2
2026-06-14T21:00:00Z,failed,,0.0,0.0,0.0,0.0,0.0,0.0,0.0,0.0,0.0,0.0,0.0,0.0,0.0,0.0,0.0,0.0,0.0,0.0,0.0,0.0,0.0,0.0,0.0,0.0
2026-06-14T21:30:00Z,ok,,12.5,12.0,11.2,9.3,8.4,7.4,6.7,7.0,7.7,8.4,8.1,8.1,8.1,8.2,8.2,8.0,7.1,6.0,5.7,5.9,5.9,6.4,6.9,6.8
2026-06-14T22:00:00Z,ok,,10.8,10.2,9.7,8.2,7.6,7.3,6.9,7.4,8.0,8.5,8.1,8.1,8.0,8.1,7.6,7.1,6.2,5.5,5.6,6.1,6.1,6.7,7.0,7.0
2026-06-14T22:30:00Z,failed,,0.0,0.0,0.0,0.0,0.0,0.0,0.0,0.0,0.0,0.0,0.0,0.0,0.0,0.0,0.0,0.0,0.0,0.0,0.0,0.0,0.0,0.0,0.0,0.0
2026-06-14T23:00:00Z,failed,,0.0,0.0,0.0,0.0,0.0,0.0,0.0,0.0,0.0,0.0,0.0,0.0,0.0,0.0,0.0,0.0,0.0,0.0,0.0,0.0,0.0,0.0,0.0,0.0
2026-06-14T23:30:00Z,ok,,5.9,5.5,5.7,6.1,6.5,6.8,7.0,7.1,7.2,7.1,7.0,6.9,6.7,7.1,8.2,10.4,12.4,11.8,10.3,9.2,8.6,8.1,8.1,7.9
2026-06-15T00:00:00Z,failed,,0.0,0.0,0.0,0.0,0.0,0.0,0.0,0.0,0.0,0.0,0.0,0.0,0.0,0.0,0.0,0.0,0.0,0.0,0.0,0.0,0.0,0.0,0.0,0.0
2026-06-15T00:30:00Z,,,0.0,0.0,0.0,0.0,0.0,0.0,0.0,0.0,0.0,0.0,0.0,0.0,0.0,0.0,0.0,0.0,0.0,0.0,0.0,0.0,0.0,0.0,0.0,0.0
2026-06-15T01:00:00Z,,,0.0,0.0,0.0,0.0,0.0,0.0,0.0,0.0,0.0,0.0,0.0,0.0,0.0,0.0,0.0,0.0,0.0,0.0,0.0,0.0,0.0,0.0,0.0,0.0
2026-06-15T01:30:00Z,ok,,8.5,8.8,8.4,7.8,7.8,8.0,7.1,7.1,6.8,7.3,7.4,9.0,10.4,11.5,10.6,9.9,9.5,9.5,9.6,9.9,9.8,9.6,9.9,9.4
2026-06-15T02:00:00Z,ok,,7.8,8.2,8.1,7.6,7.5,7.7,7.0,7.0,6.9,8.3,9.5,11.2,11.7,10.9,10.0,9.1,9.0,9.1,8.8,9.1,8.6,8.5,8.8,8.2
2026-06-15T02:30:00Z,,,0.0,0.0,0.0,0.0,0.0,0.0,0.0,0.0,0.0,0.0,0.0,0.0,0.0,0.0,0.0,0.0,0.0,0.0,0.0,0.0,0.0,0.0,0.0,0.0
2026-06-15T03:00:00Z,,,0.0,0.0,0.0,0.0,0.0,0.0,0.0,0.0,0.0,0.0,0.0,0.0,0.0,0.0,0.0,0.0,0.0,0.0,0.0,0.0,0.0,0.0,0.0,0.0
2026-06-15T03:30:00Z,failed,,0.0,0.0,0.0,0.0,0.0,0.0,0.0,0.0,0.0,0.0,0.0,0.0,0.0,0.0,0.0,0.0,0.0,0.0,0.0,0.0,0.0,0.0,0.0,0.0
2026-06-15T04:00:00Z,,,0.0,0.0,0.0,0.0,0.0,0.0,0.0,0.0,0.0,0.0,0.0,0.0,0.0,0.0,0.0,0.0,0.0,0.0,0.0,0.0,0.0,0.0,0.0,0.0
2026-06-15T04:30:00Z,,,0.0,0.0,0.0,0.0,0.0,0.0,0.0,0.0,0.0,0.0,0.0,0.0,0.0,0.0,0.0,0.0,0.0,0.0,0.0,0.0,0.0,0.0,0.0,0.0
2026-06-15T05:00:00Z,,,0.0,0.0,0.0,0.0,0.0,0.0,0.0,0.0,0.0,0.0,0.0,0.0,0.0,0.0,0.0,0.0,0.0,0.0,0.0,0.0,0.0,0.0,0.0,0.0
2026-06-15T05:30:00Z,imputed,,5.6,6.3,7.4,8.4,10.0,10.6,9.9,9.3,8.9,9.0,8.0,7.9,7.3,6.7,6.2,5.9,6.1,5.8,5.7,5.9,6.0,6.1,6.2,6.1
2026-06-15T06:00:00Z,,,0.0,0.0,0.0,0.0,0.0,0.0,0.0,0.0,0.0,0.0,0.0,0.0,0.0,0.0,0.0,0.0,0.0,0.0,0.0,0.0,0.0,0.0,0.0,0.0
2026-06-15T06:30:00Z,,,0.0,0.0,0.0,0.0,0.0,0.0,0.0,0.0,0.0,0.0,0.0,0.0,0.0,0.0,0.0,0.0,0.0,0.0,0.0,0.0,0.0,0.0,0.0,0.0
2026-06-15T07:00:00Z,,,0.0,0.0,0.0,0.0,0.0,0.0,0.0,0.0,0.0,0.0,0.0,0.0,0.0,0.0,0.0,0.0,0.0,0.0,0.0,0.0,0.0,0.0,0.0,0.0
2026-06-15T07:30:00Z,imputed,,10.1,10.2,9.9,9.3,8.7,8.4,7.9,7.3,6.8,6.5,5.8,5.6,5.3,5.0,4.8,5.1,5.7,6.2,6.2,6.2,6.3,6.0,6.1,5.9
2026-06-15T08:00:00Z,,,0.0,0.0,0.0,0.0,0.0,0.0,0.0,0.0,0.0,0.0,0.0,0.0,0.0,0.0,0.0,0.0,0.0,0.0,0.0,0.0,0.0,0.0,0.0,0.0
2026-06-15T08:30:00Z,,,0.0,0.0,0.0,0.0,0.0,0.0,0.0,0.0,0.0,0.0,0.0,0.0,0.0,0.0,0.0,0.0,0.0,0.0,0.0,0.0,0.0,0.0,0.0,0.0
2026-06-15T09:00:00Z,,,0.0,0.0,0.0,0.0,0.0,0.0,0.0,0.0,0.0,0.0,0.0,0.0,0.0,0.0,0.0,0.0,0.0,0.0,0.0,0.0,0.0,0.0,0.0,0.0
2026-06-15T09:30:00Z,imputed,,7.1,6.7,6.4,5.9,5.9,5.8,5.5,5.2,4.9,4.7,4.4,4.7,5.0,5.4,5.7,5.8,6.1,5.8,5.5,5.4,5.3,5.1,5.0,4.8
2026-06-15T10:00:00Z,,,0.0,0.0,0.0,0.0,0.0,0.0,0.0,0.0,0.0,0.0,0.0,0.0,0.0,0.0,0.0,0.0,0.0,0.0,0.0,0.0,0.0,0.0,0.0,0.0
2026-06-15T10:30:00Z,,,0.0,0.0,0.0,0.0,0.0,0.0,0.0,0.0,0.0,0.0,0.0,0.0,0.0,0.0,0.0,0.0,0.0,0.0,0.0,0.0,0.0,0.0,0.0,0.0
2026-06-15T11:00:00Z,,,0.0,0.0,0.0,0.0,0.0,0.0,0.0,0.0,0.0,0.0,0.0,0.0,0.0,0.0,0.0,0.0,0.0,0.0,0.0,0.0,0.0,0.0,0.0,0.0
2026-06-15T11:30:00Z,failed,,0.0,0.0,0.0,0.0,0.0,0.0,0.0,0.0,0.0,0.0,0.0,0.0,0.0,0.0,0.0,0.0,0.0,0.0,0.0,0.0,0.0,0.0,0.0,0.0
2026-06-15T12:00:00Z,,,0.0,0.0,0.0,0.0,0.0,0.0,0.0,0.0,0.0,0.0,0.0,0.0,0.0,0.0,0.0,0.0,0.0,0.0,0.0,0.0,0.0,0.0,0.0,0.0
2026-06-15T12:30:00Z,,,0.0,0.0,0.0,0.0,0.0,0.0,0.0,0.0,0.0,0.0,0.0,0.0,0.0,0.0,0.0,0.0,0.0,0.0,0.0,0.0,0.0,0.0,0.0,0.0
2026-06-15T13:00:00Z,,,0.0,0.0,0.0,0.0,0.0,0.0,0.0,0.0,0.0,0.0,0.0,0.0,0.0,0.0,0.0,0.0,0.0,0.0,0.0,0.0,0.0,0.0,0.0,0.0
2026-06-15T13:30:00Z,imputed,,4.7,4.8,5.0,5.2,5.5,5.8,5.9,6.1,6.4,6.9,6.6,6.1,5.3,4.3,3.6,3.0,2.8,2.7,2.8,3.0,3.3,3.5,3.6,3.7
2026-06-15T14:00:00Z,,,0.0,0.0,0.0,0.0,0.0,0.0,0.0,0.0,0.0,0.0,0.0,0.0,0.0,0.0,0.0,0.0,0.0,0.0,0.0,0.0,0.0,0.0,0.0,0.0
2026-06-15T14:30:00Z,,,0.0,0.0,0.0,0.0,0.0,0.0,0.0,0.0,0.0,0.0,0.0,0.0,0.0,0.0,0.0,0.0,0.0,0.0,0.0,0.0,0.0,0.0,0.0,0.0
2026-06-15T15:00:00Z,,,0.0,0.0,0.0,0.0,0.0,0.0,0.0,0.0,0.0,0.0,0.0,0.0,0.0,0.0,0.0,0.0,0.0,0.0,0.0,0.0,0.0,0.0,0.0,0.0
2026-06-15T15:30:00Z,,,0.0,0.0,0.0,0.0,0.0,0.0,0.0,0.0,0.0,0.0,0.0,0.0,0.0,0.0,0.0,0.0,0.0,0.0,0.0,0.0,0.0,0.0,0.0,0.0
2026-06-15T16:00:00Z,failed,,0.0,0.0,0.0,0.0,0.0,0.0,0.0,0.0,0.0,0.0,0.0,0.0,0.0,0.0,0.0,0.0,0.0,0.0,0.0,0.0,0.0,0.0,0.0,0.0
2026-06-15T16:30:00Z,,,0.0,0.0,0.0,0.0,0.0,0.0,0.0,0.0,0.0,0.0,0.0,0.0,0.0,0.0,0.0,0.0,0.0,0.0,0.0,0.0,0.0,0.0,0.0,0.0
2026-06-15T17:00:00Z,,,0.0,0.0,0.0,0.0,0.0,0.0,0.0,0.0,0.0,0.0,0.0,0.0,0.0,0.0,0.0,0.0,0.0,0.0,0.0,0.0,0.0,0.0,0.0,0.0
2026-06-15T17:30:00Z,failed,,0.0,0.0,0.0,0.0,0.0,0.0,0.0,0.0,0.0,0.0,0.0,0.0,0.0,0.0,0.0,0.0,0.0,0.0,0.0,0.0,0.0,0.0,0.0,0.0
2026-06-15T18:00:00Z,,,0.0,0.0,0.0,0.0,0.0,0.0,0.0,0.0,0.0,0.0,0.0,0.0,0.0,0.0,0.0,0.0,0.0,0.0,0.0,0.0,0.0,0.0,0.0,0.0
2026-06-15T18:30:00Z,,,0.0,0.0,0.0,0.0,0.0,0.0,0.0,0.0,0.0,0.0,0.0,0.0,0.0,0.0,0.0,0.0,0.0,0.0,0.0,0.0,0.0,0.0,0.0,0.0
2026-06-15T19:00:00Z,ok,,4.8,4.3,3.8,3.2,2.6,2.4,2.1,2.0,1.9,2.0,2.1,2.3,2.6,2.9,3.0,3.4,4.2,5.4,6.3,6.8,6.7,6.8,6.3,6.3
2026-06-15T19:30:00Z,,,0.0,0.0,0.0,0.0,0.0,0.0,0.0,0.0,0.0,0.0,0.0,0.0,0.0,0.0,0.0,0.0,0.0,0.0,0.0,0.0,0.0,0.0,0.0,0.0
2026-06-15T20:00:00Z,failed,,0.0,0.0,0.0,0.0,0.0,0.0,0.0,0.0,0.0,0.0,0.0,0.0,0.0,0.0,0.0,0.0,0.0,0.0,0.0,0.0,0.0,0.0,0.0,0.0
2026-06-15T20:30:00Z,,,0.0,0.0,0.0,0.0,0.0,0.0,0.0,0.0,0.0,0.0,0.0,0.0,0.0,0.0,0.0,0.0,0.0,0.0,0.0,0.0,0.0,0.0,0.0,0.0
2026-06-15T21:00:00Z,,,0.0,0.0,0.0,0.0,0.0,0.0,0.0,0.0,0.0,0.0,0.0,0.0,0.0,0.0,0.0,0.0,0.0,0.0,0.0,0.0,0.0,0.0,0.0,0.0
2026-06-15T21:30:00Z,ok,,3.7,3.2,2.6,2.2,2.2,2.3,2.5,2.8,3.2,3.6,3.8,4.3,5.1,5.9,6.4,6.8,6.7,6.5,5.9,5.9,5.8,5.8,5.8,6.2
2026-06-15T22:00:00Z,ok,,4.2,3.7,3.2,2.8,2.7,2.8,3.1,3.5,3.9,4.3,4.6,5.3,6.2,7.0,7.2,6.8,5.9,5.1,4.7,4.9,5.3,5.4,5.6,6.2
2026-06-15T22:30:00Z,,,0.0,0.0,0.0,0.0,0.0,0.0,0.0,0.0,0.0,0.0,0.0,0.0,0.0,0.0,0.0,0.0,0.0,0.0,0.0,0.0,0.0,0.0,0.0,0.0
2026-06-15T23:00:00Z,failed,,0.0,0.0,0.0,0.0,0.0,0.0,0.0,0.0,0.0,0.0,0.0,0.0,0.0,0.0,0.0,0.0,0.0,0.0,0.0,0.0,0.0,0.0,0.0,0.0
2026-06-15T23:30:00Z,ok,,4.0,4.0,4.0,4.0,4.0,4.3,4.7,5.2,5.8,6.8,7.1,7.4,6.6,5.5,4.3,3.6,3.5,3.9,4.3,5.0,5.6,5.7,6.2,6.2
2026-06-16T00:00:00Z,failed,,0.0,0.0,0.0,0.0,0.0,0.0,0.0,0.0,0.0,0.0,0.0,0.0,0.0,0.0,0.0,0.0,0.0,0.0,0.0,0.0,0.0,0.0,0.0,0.0
2026-06-16T00:30:00Z,,,0.0,0.0,0.0,0.0,0.0,0.0,0.0,0.0,0.0,0.0,0.0,0.0,0.0,0.0,0.0,0.0,0.0,0.0,0.0,0.0,0.0,0.0,0.0,0.0
2026-06-16T01:00:00Z,,,0.0,0.0,0.0,0.0,0.0,0.0,0.0,0.0,0.0,0.0,0.0,0.0,0.0,0.0,0.0,0.0,0.0,0.0,0.0,0.0,0.0,0.0,0.0,0.0
2026-06-16T01:30:00Z,ok,,5.1,5.1,5.1,5.4,6.1,7.0,7.5,7.8,6.9,5.8,5.2,4.4,4.3,4.7,5.4,7.2,9.9,11.2,12.2,12.0,11.0,10.7,10.9,9.9
2026-06-16T02:00:00Z,,,0.0,0.0,0.0,0.0,0.0,0.0,0.0,0.0,0.0,0.0,0.0,0.0,0.0,0.0,0.0,0.0,0.0,0.0,0.0,0.0,0.0,0.0,0.0,0.0
2026-06-16T02:30:00Z,ok,,6.1,6.9,7.1,7.4,7.9,7.8,7.1,6.4,5.1,4.7,4.3,4.9,6.1,8.1,10.8,12.5,12.5,10.1,8.8,8.1,8.7,8.8,9.2,9.4
2026-06-16T03:00:00Z,,,0.0,0.0,0.0,0.0,0.0,0.0,0.0,0.0,0.0,0.0,0.0,0.0,0.0,0.0,0.0,0.0,0.0,0.0,0.0,0.0,0.0,0.0,0.0,0.0
2026-06-16T03:30:00Z,,,0.0,0.0,0.0,0.0,0.0,0.0,0.0,0.0,0.0,0.0,0.0,0.0,0.0,0.0,0.0,0.0,0.0,0.0,0.0,0.0,0.0,0.0,0.0,0.0
2026-06-16T04:00:00Z,ok,,8.4,8.7,8.1,7.4,6.3,5.3,4.4,4.6,5.1,6.7,9.1,11.4,13.1,13.0,10.8,9.0,7.1,6.2,6.2,7.0,6.4,7.1,8.0,7.4
2026-06-16T04:30:00Z,,,0.0,0.0,0.0,0.0,0.0,0.0,0.0,0.0,0.0,0.0,0.0,0.0,0.0,0.0,0.0,0.0,0.0,0.0,0.0,0.0,0.0,0.0,0.0,0.0
2026-06-16T05:00:00Z,,,0.0,0.0,0.0,0.0,0.0,0.0,0.0,0.0,0.0,0.0,0.0,0.0,0.0,0.0,0.0,0.0,0.0,0.0,0.0,0.0,0.0,0.0,0.0,0.0
2026-06-16T05:30:00Z,,,0.0,0.0,0.0,0.0,0.0,0.0,0.0,0.0,0.0,0.0,0.0,0.0,0.0,0.0,0.0,0.0,0.0,0.0,0.0,0.0,0.0,0.0,0.0,0.0
2026-06-16T06:00:00Z,ok,,5.3,4.9,4.6,4.7,4.8,6.4,8.2,10.2,12.0,12.5,10.3,8.3,6.6,5.5,4.6,3.9,3.3,3.0,3.3,3.5,4.2,4.7,4.6,5.6
2026-06-16T06:30:00Z,,,0.0,0.0,0.0,0.0,0.0,0.0,0.0,0.0,0.0,0.0,0.0,0.0,0.0,0.0,0.0,0.0,0.0,0.0,0.0,0.0,0.0,0.0,0.0,0.0
2026-06-16T07:00:00Z,,,0.0,0.0,0.0,0.0,0.0,0.0,0.0,0.0,0.0,0.0,0.0,0.0,0.0,0.0,0.0,0.0,0.0,0.0,0.0,0.0,0.0,0.0,0.0,0.0
2026-06-16T07:30:00Z,,,0.0,0.0,0.0,0.0,0.0,0.0,0.0,0.0,0.0,0.0,0.0,0.0,0.0,0.0,0.0,0.0,0.0,0.0,0.0,0.0,0.0,0.0,0.0,0.0
2026-06-16T08:00:00Z,ok,,5.5,6.9,9.4,11.4,12.9,12.2,10.2,8.5,7.2,6.3,5.5,4.8,4.3,4.2,4.5,5.9,7.6,8.2,8.7,8.7,8.5,8.6,8.5,8.4
2026-06-16T08:30:00Z,,,0.0,0.0,0.0,0.0,0.0,0.0,0.0,0.0,0.0,0.0,0.0,0.0,0.0,0.0,0.0,0.0,0.0,0.0,0.0,0.0,0.0,0.0,0.0,0.0
2026-06-16T09:00:00Z,,,0.0,0.0,0.0,0.0,0.0,0.0,0.0,0.0,0.0,0.0,0.0,0.0,0.0,0.0,0.0,0.0,0.0,0.0,0.0,0.0,0.0,0.0,0.0,0.0
2026-06-16T09:30:00Z,,,0.0,0.0,0.0,0.0,0.0,0.0,0.0,0.0,0.0,0.0,0.0,0.0,0.0,0.0,0.0,0.0,0.0,0.0,0.0,0.0,0.0,0.0,0.0,0.0
2026-06-16T10:00:00Z,failed,,0.0,0.0,0.0,0.0,0.0,0.0,0.0,0.0,0.0,0.0,0.0,0.0,0.0,0.0,0.0,0.0,0.0,0.0,0.0,0.0,0.0,0.0,0.0,0.0
2026-06-16T10:30:00Z,,,0.0,0.0,0.0,0.0,0.0,0.0,0.0,0.0,0.0,0.0,0.0,0.0,0.0,0.0,0.0,0.0,0.0,0.0,0.0,0.0,0.0,0.0,0.0,0.0
2026-06-16T11:00:00Z,,,0.0,0.0,0.0,0.0,0.0,0.0,0.0,0.0,0.0,0.0,0.0,0.0,0.0,0.0,0.0,0.0,0.0,0.0,0.0,0.0,0.0,0.0,0.0,0.0
2026-06-16T11:30:00Z,ok,,6.1,5.7,5.0,4.4,3.9,3.4,3.4,3.7,4.6,6.5,8.5,9.7,9.2,7.4,5.6,4.5,4.0,3.9,3.9,4.3,4.5,4.6,5.2,5.3
2026-06-16T12:00:00Z,,,0.0,0.0,0.0,0.0,0.0,0.0,0.0,0.0,0.0,0.0,0.0,0.0,0.0,0.0,0.0,0.0,0.0,0.0,0.0,0.0,0.0,0.0,0.0,0.0
2026-06-16T12:30:00Z,,,0.0,0.0,0.0,0.0,0.0,0.0,0.0,0.0,0.0,0.0,0.0,0.0,0.0,0.0,0.0,0.0,0.0,0.0,0.0,0.0,0.0,0.0,0.0,0.0
2026-06-16T13:00:00Z,,,0.0,0.0,0.0,0.0,0.0,0.0,0.0,0.0,0.0,0.0,0.0,0.0,0.0,0.0,0.0,0.0,0.0,0.0,0.0,0.0,0.0,0.0,0.0,0.0
2026-06-16T13:30:00Z,,,0.0,0.0,0.0,0.0,0.0,0.0,0.0,0.0,0.0,0.0,0.0,0.0,0.0,0.0,0.0,0.0,0.0,0.0,0.0,0.0,0.0,0.0,0.0,0.0
2026-06-16T14:00:00Z,ok,,4.3,4.2,4.6,5.4,6.8,7.9,8.4,8.0,6.8,5.9,4.8,4.2,4.1,4.3,5.2,6.3,7.8,7.2,6.7,6.3,5.6,5.7,5.9,5.7
2026-06-16T14:30:00Z,,,0.0,0.0,0.0,0.0,0.0,0.0,0.0,0.0,0.0,0.0,0.0,0.0,0.0,0.0,0.0,0.0,0.0,0.0,0.0,0.0,0.0,0.0,0.0,0.0
2026-06-16T15:00:00Z,,,0.0,0.0,0.0,0.0,0.0,0.0,0.0,0.0,0.0,0.0,0.0,0.0,0.0,0.0,0.0,0.0,0.0,0.0,0.0,0.0,0.0,0.0,0.0,0.0
2026-06-16T15:30:00Z,ok,,10.7,11.9,11.9,12.1,11.3,9.6,7.5,6.3,5.1,4.9,4.8,5.7,7.1,8.8,8.4,8.1,7.2,7.6,7.7,8.2,8.6,8.4,8.7,8.6
2026-06-16T16:00:00Z,,,0.0,0.0,0.0,0.0,0.0,0.0,0.0,0.0,0.0,0.0,0.0,0.0,0.0,0.0,0.0,0.0,0.0,0.0,0.0,0.0,0.0,0.0,0.0,0.0
2026-06-16T16:30:00Z,,,0.0,0.0,0.0,0.0,0.0,0.0,0.0,0.0,0.0,0.0,0.0,0.0,0.0,0.0,0.0,0.0,0.0,0.0,0.0,0.0,0.0,0.0,0.0,0.0
2026-06-16T17:00:00Z,,,0.0,0.0,0.0,0.0,0.0,0.0,0.0,0.0,0.0,0.0,0.0,0.0,0.0,0.0,0.0,0.0,0.0,0.0,0.0,0.0,0.0,0.0,0.0,0.0
2026-06-16T17:30:00Z,failed,,0.0,0.0,0.0,0.0,0.0,0.0,0.0,0.0,0.0,0.0,0.0,0.0,0.0,0.0,0.0,0.0,0.0,0.0,0.0,0.0,0.0,0.0,0.0,0.0
2026-06-16T18:00:00Z,,,0.0,0.0,0.0,0.0,0.0,0.0,0.0,0.0,0.0,0.0,0.0,0.0,0.0,0.0,0.0,0.0,0.0,0.0,0.0,0.0,0.0,0.0,0.0,0.0
2026-06-16T18:30:00Z,imputed,,7.9,6.8,5.9,5.0,4.9,6.3,8.7,10.3,10.7,9.4,7.5,7.5,8.1,9.1,9.2,7.7,6.1,4.6,4.6,4.7,5.6,6.3,5.9,6.9
2026-06-16T19:00:00Z,,,0.0,0.0,0.0,0.0,0.0,0.0,0.0,0.0,0.0,0.0,0.0,0.0,0.0,0.0,0.0,0.0,0.0,0.0,0.0,0.0,0.0,0.0,0.0,0.0
2026-06-16T19:30:00Z,,,0.0,0.0,0.0,0.0,0.0,0.0,0.0,0.0,0.0,0.0,0.0,0.0,0.0,0.0,0.0,0.0,0.0,0.0,0.0,0.0,0.0,0.0,0.0,0.0
2026-06-16T20:00:00Z,imputed,,4.6,4.8,6.3,7.7,9.1,9.5,8.7,7.7,7.8,8.1,9.4,9.4,7.7,5.7,4.1,3.1,2.6,2.4,2.5,3.0,3.7,3.9,4.5,4.7
2026-06-16T20:30:00Z,,,0.0,0.0,0.0,0.0,0.0,0.0,0.0,0.0,0.0,0.0,0.0,0.0,0.0,0.0,0.0,0.0,0.0,0.0,0.0,0.0,0.0,0.0,0.0,0.0
2026-06-16T21:00:00Z,failed,,0.0,0.0,0.0,0.0,0.0,0.0,0.0,0.0,0.0,0.0,0.0,0.0,0.0,0.0,0.0,0.0,0.0,0.0,0.0,0.0,0.0,0.0,0.0,0.0
2026-06-16T21:30:00Z,,,0.0,0.0,0.0,0.0,0.0,0.0,0.0,0.0,0.0,0.0,0.0,0.0,0.0,0.0,0.0,0.0,0.0,0.0,0.0,0.0,0.0,0.0,0.0,0.0
2026-06-16T22:00:00Z,imputed,,9.7,8.7,7.8,7.0,6.9,8.5,9.1,8.8,6.7,4.7,3.3,2.6,2.3,2.4,2.2,2.2,2.0,2.0,2.6,3.2,3.2,3.8,4.0,4.3
2026-06-16T22:30:00Z,imputed,,9.1,8.1,7.3,7.1,7.6,9.0,9.0,7.4,5.0,3.4,2.6,2.3,2.4,2.5,2.3,2.3,2.2,2.5,3.1,3.8,3.8,4.5,4.6,4.9
2026-06-16T23:00:00Z,imputed,,6.0,6.6,7.2,8.0,8.5,8.1,6.6,4.8,3.5,2.6,2.2,2.0,2.1,2.2,2.5,3.0,3.4,4.4,5.3,5.8,6.1,7.2,6.7,7.2
2026-06-16T23:30:00Z,imputed,,5.5,6.6,7.9,9.2,8.6,6.8,4.7,3.4,2.7,2.3,2.3,2.3,2.2,2.4,2.8,3.5,3.9,4.6,5.1,5.4,5.9,6.8,6.5,7.2
2026-06-17T00:00:00Z,imputed,,7.4,8.2,8.8,9.1,6.9,5.1,3.5,2.7,2.4,2.2,2.6,2.5,2.5,2.9,3.4,4.1,4.4,5.0,5.6,5.8,6.3,7.1,7.1,7.8
2026-06-17T00:30:00Z,,,0.0,0.0,0.0,0.0,0.0,0.0,0.0,0.0,0.0,0.0,0.0,0.0,0.0,0.0,0.0,0.0,0.0,0.0,0.0,0.0,0.0,0.0,0.0,0.0
2026-06-17T01:00:00Z,,,0.0,0.0,0.0,0.0,0.0,0.0,0.0,0.0,0.0,0.0,0.0,0.0,0.0,0.0,0.0,0.0,0.0,0.0,0.0,0.0,0.0,0.0,0.0,0.0
2026-06-17T01:30:00Z,imputed,,7.8,6.4,4.8,3.5,2.4,2.2,2.0,2.0,2.3,2.6,3.0,3.5,4.1,5.1,5.0,4.9,4.7,4.7,5.7,6.4,7.3,8.2,8.7,9.5
2026-06-17T02:00:00Z,imputed,,5.5,4.5,3.3,2.6,1.9,1.9,2.0,2.1,2.5,2.8,3.2,3.9,4.5,5.4,5.5,5.6,5.8,6.2,7.2,8.0,8.9,10.0,10.5,11.5
2026-06-17T02:30:00Z,,,0.0,0.0,0.0,0.0,0.0,0.0,0.0,0.0,0.0,0.0,0.0,0.0,0.0,0.0,0.0,0.0,0.0,0.0,0.0,0.0,0.0,0.0,0.0,0.0
2026-06-17T03:00:00Z,,,0.0,0.0,0.0,0.0,0.0,0.0,0.0,0.0,0.0,0.0,0.0,0.0,0.0,0.0,0.0,0.0,0.0,0.0,0.0,0.0,0.0,0.0,0.0,0.0
2026-06-17T03:30:00Z,ok,,4.2,3.6,3.1,2.6,2.3,2.7,3.2,3.7,4.4,4.6,4.7,5.1,5.4,6.0,6.4,7.0,7.0,6.8,6.7,7.2,8.3,8.6,9.4,10.8
2026-06-17T04:00:00Z,,,0.0,0.0,0.0,0.0,0.0,0.0,0.0,0.0,0.0,0.0,0.0,0.0,0.0,0.0,0.0,0.0,0.0,0.0,0.0,0.0,0.0,0.0,0.0,0.0
2026-06-17T04:30:00Z,,,0.0,0.0,0.0,0.0,0.0,0.0,0.0,0.0,0.0,0.0,0.0,0.0,0.0,0.0,0.0,0.0,0.0,0.0,0.0,0.0,0.0,0.0,0.0,0.0
2026-06-17T05:00:00Z,,,0.0,0.0,0.0,0.0,0.0,0.0,0.0,0.0,0.0,0.0,0.0,0.0,0.0,0.0,0.0,0.0,0.0,0.0,0.0,0.0,0.0,0.0,0.0,0.0
2026-06-17T05:30:00Z,ok,,6.5,6.2,6.0,5.7,5.6,6.3,6.6,6.9,7.2,7.4,7.2,8.2,8.2,8.3,7.7,7.0,6.3,5.5,5.8,6.4,7.3,7.5,8.6,8.7
2026-06-17T06:00:00Z,,,0.0,0.0,0.0,0.0,0.0,0.0,0.0,0.0,0.0,0.0,0.0,0.0,0.0,0.0,0.0,0.0,0.0,0.0,0.0,0.0,0.0,0.0,0.0,0.0
2026-06-17T06:30:00Z,,,0.0,0.0,0.0,0.0,0.0,0.0,0.0,0.0,0.0,0.0,0.0,0.0,0.0,0.0,0.0,0.0,0.0,0.0,0.0,0.0,0.0,0.0,0.0,0.0
2026-06-17T07:00:00Z,ok,,6.5,6.2,6.1,6.0,6.0,6.4,6.9,7.5,7.8,7.8,7.3,6.8,6.1,5.6,5.3,5.8,6.6,7.3,8.1,8.8,9.2,8.6,9.5,9.0
2026-06-17T07:30:00Z,,,0.0,0.0,0.0,0.0,0.0,0.0,0.0,0.0,0.0,0.0,0.0,0.0,0.0,0.0,0.0,0.0,0.0,0.0,0.0,0.0,0.0,0.0,0.0,0.0
2026-06-17T08:00:00Z,,,0.0,0.0,0.0,0.0,0.0,0.0,0.0,0.0,0.0,0.0,0.0,0.0,0.0,0.0,0.0,0.0,0.0,0.0,0.0,0.0,0.0,0.0,0.0,0.0
2026-06-17T08:30:00Z,,,0.0,0.0,0.0,0.0,0.0,0.0,0.0,0.0,0.0,0.0,0.0,0.0,0.0,0.0,0.0,0.0,0.0,0.0,0.0,0.0,0.0,0.0,0.0,0.0
2026-06-17T09:00:00Z,failed,,0.0,0.0,0.0,0.0,0.0,0.0,0.0,0.0,0.0,0.0,0.0,0.0,0.0,0.0,0.0,0.0,0.0,0.0,0.0,0.0,0.0,0.0,0.0,0.0
2026-06-17T09:30:00Z,,,0.0,0.0,0.0,0.0,0.0,0.0,0.0,0.0,0.0,0.0,0.0,0.0,0.0,0.0,0.0,0.0,0.0,0.0,0.0,0.0,0.0,0.0,0.0,0.0
2026-06-17T10:00:00Z,,,0.0,0.0,0.0,0.0,0.0,0.0,0.0,0.0,0.0,0.0,0.0,0.0,0.0,0.0,0.0,0.0,0.0,0.0,0.0,0.0,0.0,0.0,0.0,0.0
2026-06-17T10:30:00Z,ok,,8.2,7.5,7.5,7.0,6.5,6.8,6.0,5.7,6.2,7.1,8.3,10.6,12.1,14.7,17.5,21.3,23.4,20.7,16.9,14.8,12.8,12.0,12.0,11.6
2026-06-17T11:00:00Z,,,0.0,0.0,0.0,0.0,0.0,0.0,0.0,0.0,0.0,0.0,0.0,0.0,0.0,0.0,0.0,0.0,0.0,0.0,0.0,0.0,0.0,0.0,0.0,0.0
2026-06-17T11:30:00Z,,,0.0,0.0,0.0,0.0,0.0,0.0,0.0,0.0,0.0,0.0,0.0,0.0,0.0,0.0,0.0,0.0,0.0,0.0,0.0,0.0,0.0,0.0,0.0,0.0
2026-06-17T12:00:00Z,,,0.0,0.0,0.0,0.0,0.0,0.0,0.0,0.0,0.0,0.0,0.0,0.0,0.0,0.0,0.0,0.0,0.0,0.0,0.0,0.0,0.0,0.0,0.0,0.0
2026-06-17T12:30:00Z,ok,,5.8,5.7,5.6,5.5,6.2,7.6,9.3,11.2,15.1,18.8,22.3,24.1,23.7,23.4,21.5,20.1,18.9,17.7,15.4,13.6,12.3,13.0,12.2,12.4
2026-06-17T13:00:00Z,,,0.0,0.0,0.0,0.0,0.0,0.0,0.0,0.0,0.0,0.0,0.0,0.0,0.0,0.0,0.0,0.0,0.0,0.0,0.0,0.0,0.0,0.0,0.0,0.0
2026-06-17T13:30:00Z,ok,,7.0,7.1,7.3,8.7,10.1,13.0,16.4,19.5,23.5,26.0,24.1,23.2,20.9,20.4,20.1,20.1,20.1,20.0,17.5,14.3,12.5,12.6,11.5,11.1
2026-06-17T14:00:00Z,,,0.0,0.0,0.0,0.0,0.0,0.0,0.0,0.0,0.0,0.0,0.0,0.0,0.0,0.0,0.0,0.0,0.0,0.0,0.0,0.0,0.0,0.0,0.0,0.0
2026-06-17T14:30:00Z,ok,,7.8,8.3,9.3,12.4,15.4,20.0,23.9,24.2,24.1,22.4,21.8,21.5,20.9,20.3,20.0,18.3,15.8,13.3,10.8,8.9,8.6,8.7,8.1,8.1
2026-06-17T15:00:00Z,,,0.0,0.0,0.0,0.0,0.0,0.0,0.0,0.0,0.0,0.0,0.0,0.0,0.0,0.0,0.0,0.0,0.0,0.0,0.0,0.0,0.0,0.0,0.0,0.0
2026-06-17T15:30:00Z,,,0.0,0.0,0.0,0.0,0.0,0.0,0.0,0.0,0.0,0.0,0.0,0.0,0.0,0.0,0.0,0.0,0.0,0.0,0.0,0.0,0.0,0.0,0.0,0.0
2026-06-17T16:00:00Z,ok,,9.1,11.8,15.7,22.0,25.6,25.1,23.0,20.6,21.6,21.9,19.9,19.5,17.8,18.4,18.7,20.0,18.6,15.3,12.1,10.7,10.5,10.7,10.5,10.3
2026-06-17T16:30:00Z,,,0.0,0.0,0.0,0.0,0.0,0.0,0.0,0.0,0.0,0.0,0.0,0.0,0.0,0.0,0.0,0.0,0.0,0.0,0.0,0.0,0.0,0.0,0.0,0.0
2026-06-17T17:00:00Z,ok,,15.5,19.1,20.8,21.6,21.9,20.9,19.7,20.1,20.1,19.1,18.1,18.4,19.0,19.0,17.5,13.4,10.1,7.6,6.5,6.3,6.9,7.4,7.1,7.1
2026-06-17T17:30:00Z,,,0.0,0.0,0.0,0.0,0.0,0.0,0.0,0.0,0.0,0.0,0.0,0.0,0.0,0.0,0.0,0.0,0.0,0.0,0.0,0.0,0.0,0.0,0.0,0.0
2026-06-17T18:00:00Z,ok,,16.1,17.4,18.2,18.4,18.7,19.7,19.0,18.0,16.5,16.6,18.6,20.6,19.4,14.0,10.3,7.9,7.0,7.3,7.4,7.5,7.5,7.9,7.5,7.7
2026-06-17T18:30:00Z,,,0.0,0.0,0.0,0.0,0.0,0.0,0.0,0.0,0.0,0.0,0.0,0.0,0.0,0.0,0.0,0.0,0.0,0.0,0.0,0.0,0.0,0.0,0.0,0.0
2026-06-17T19:00:00Z,,,0.0,0.0,0.0,0.0,0.0,0.0,0.0,0.0,0.0,0.0,0.0,0.0,0.0,0.0,0.0,0.0,0.0,0.0,0.0,0.0,0.0,0.0,0.0,0.0
2026-06-17T19:30:00Z,,,0.0,0.0,0.0,0.0,0.0,0.0,0.0,0.0,0.0,0.0,0.0,0.0,0.0,0.0,0.0,0.0,0.0,0.0,0.0,0.0,0.0,0.0,0.0,0.0
2026-06-17T20:00:00Z,ok,,11.9,12.5,13.4,13.2,13.8,14.1,14.0,14.7,14.4,12.5,8.8,6.8,6.0,6.0,6.7,6.3,6.0,5.2,5.1,5.5,5.9,6.4,6.0,6.2
2026-06-17T20:30:00Z,,,0.0,0.0,0.0,0.0,0.0,0.0,0.0,0.0,0.0,0.0,0.0,0.0,0.0,0.0,0.0,0.0,0.0,0.0,0.0,0.0,0.0,0.0,0.0,0.0
2026-06-17T21:00:00Z,imputed,,10.5,11.2,11.8,12.0,13.9,15.0,13.3,10.2,7.7,6.4,5.5,5.6,5.9,5.8,5.5,5.0,5.4,5.9,6.5,7.4,7.6,8.0,8.1,8.0
2026-06-17T21:30:00Z,ok,,9.9,11.7,13.3,14.5,15.6,13.4,10.2,7.5,6.5,6.0,5.4,5.8,5.8,5.7,5.8,5.7,6.2,6.1,6.1,6.2,6.9,7.0,6.9,7.1
2026-06-17T22:00:00Z,ok,,9.2,11.5,13.8,15.1,14.1,10.5,7.5,6.0,5.9,6.1,6.1,6.3,5.8,5.5,5.4,5.8,6.2,6.4,6.4,6.6,7.3,7.3,7.2,7.3
2026-06-17T22:30:00Z,ok,,9.6,11.5,13.3,12.5,10.8,7.9,5.9,5.7,6.0,6.5,6.5,6.2,5.7,5.5,5.5,5.8,5.7,5.4,5.4,5.6,5.8,6.0,6.0,5.9
2026-06-17T23:00:00Z,,,0.0,0.0,0.0,0.0,0.0,0.0,0.0,0.0,0.0,0.0,0.0,0.0,0.0,0.0,0.0,0.0,0.0,0.0,0.0,0.0,0.0,0.0,0.0,0.0
2026-06-17T23:30:00Z,ok,,13.9,12.4,10.1,7.9,6.4,5.7,5.3,5.4,5.5,5.7,5.5,5.9,6.1,6.3,6.0,5.9,6.2,6.8,7.8,7.9,7.9,8.2,7.9,7.6
2026-06-18T00:00:00Z,ok,,9.6,8.0,6.4,5.4,4.8,4.8,5.2,5.3,5.3,5.5,5.6,6.0,6.1,6.2,5.6,5.6,6.8,8.6,10.0,10.5,10.3,9.4,9.3,8.4
2026-06-18T00:30:00Z,,,0.0,0.0,0.0,0.0,0.0,0.0,0.0,0.0,0.0,0.0,0.0,0.0,0.0,0.0,0.0,0.0,0.0,0.0,0.0,0.0,0.0,0.0,0.0,0.0
2026-06-18T01:00:00Z,ok,,4.9,4.6,4.6,4.5,4.6,4.8,4.8,5.0,5.1,5.4,5.3,5.5,5.5,5.6,6.2,7.0,8.3,8.3,7.9,7.6,7.2,6.7,6.5,6.3
2026-06-18T01:30:00Z,,,0.0,0.0,0.0,0.0,0.0,0.0,0.0,0.0,0.0,0.0,0.0,0.0,0.0,0.0,0.0,0.0,0.0,0.0,0.0,0.0,0.0,0.0,0.0,0.0
2026-06-18T02:00:00Z,ok,,5.7,5.5,5.3,5.1,5.2,5.3,5.6,6.0,6.1,6.1,5.6,5.6,6.1,7.1,8.3,8.8,8.3,7.4,6.2,5.8,5.7,5.5,5.5,5.4
2026-06-18T02:30:00Z,,,0.0,0.0,0.0,0.0,0.0,0.0,0.0,0.0,0.0,0.0,0.0,0.0,0.0,0.0,0.0,0.0,0.0,0.0,0.0,0.0,0.0,0.0,0.0,0.0
2026-06-18T03:00:00Z,,,0.0,0.0,0.0,0.0,0.0,0.0,0.0,0.0,0.0,0.0,0.0,0.0,0.0,0.0,0.0,0.0,0.0,0.0,0.0,0.0,0.0,0.0,0.0,0.0
2026-06-18T03:30:00Z,ok,,4.9,5.1,5.4,5.3,5.7,6.0,5.8,5.8,5.9,6.6,7.4,8.3,8.8,8.2,7.0,5.8,5.1,4.4,4.4,4.3,4.3,4.1,4.2,4.1
2026-06-18T04:00:00Z,,,0.0,0.0,0.0,0.0,0.0,0.0,0.0,0.0,0.0,0.0,0.0,0.0,0.0,0.0,0.0,0.0,0.0,0.0,0.0,0.0,0.0,0.0,0.0,0.0
2026-06-18T04:30:00Z,,,0.0,0.0,0.0,0.0,0.0,0.0,0.0,0.0,0.0,0.0,0.0,0.0,0.0,0.0,0.0,0.0,0.0,0.0,0.0,0.0,0.0,0.0,0.0,0.0
2026-06-18T05:00:00Z,ok,,4.9,5.2,5.3,5.3,5.5,5.8,6.1,6.9,7.8,8.5,7.8,6.7,5.7,4.7,4.4,4.2,4.2,4.3,4.2,4.2,4.3,4.3,4.4,4.4
2026-06-18T05:30:00Z,,,0.0,0.0,0.0,0.0,0.0,0.0,0.0,0.0,0.0,0.0,0.0,0.0,0.0,0.0,0.0,0.0,0.0,0.0,0.0,0.0,0.0,0.0,0.0,0.0
2026-06-18T06:00:00Z,,,0.0,0.0,0.0,0.0,0.0,0.0,0.0,0.0,0.0,0.0,0.0,0.0,0.0,0.0,0.0,0.0,0.0,0.0,0.0,0.0,0.0,0.0,0.0,0.0
2026-06-18T06:30:00Z,,,0.0,0.0,0.0,0.0,0.0,0.0,0.0,0.0,0.0,0.0,0.0,0.0,0.0,0.0,0.0,0.0,0.0,0.0,0.0,0.0,0.0,0.0,0.0,0.0
2026-06-18T07:00:00Z,failed,,0.0,0.0,0.0,0.0,0.0,0.0,0.0,0.0,0.0,0.0,0.0,0.0,0.0,0.0,0.0,0.0,0.0,0.0,0.0,0.0,0.0,0.0,0.0,0.0
2026-06-18T07:30:00Z,,,0.0,0.0,0.0,0.0,0.0,0.0,0.0,0.0,0.0,0.0,0.0,0.0,0.0,0.0,0.0,0.0,0.0,0.0,0.0,0.0,0.0,0.0,0.0,0.0
2026-06-18T08:00:00Z,,,0.0,0.0,0.0,0.0,0.0,0.0,0.0,0.0,0.0,0.0,0.0,0.0,0.0,0.0,0.0,0.0,0.0,0.0,0.0,0.0,0.0,0.0,0.0,0.0
2026-06-18T08:30:00Z,ok,,6.2,6.6,7.0,6.9,6.0,5.1,4.3,4.0,3.8,4.1,4.1,4.0,3.6,3.2,3.1,3.3,4.0,4.8,5.0,4.9,5.0,4.7,4.5,4.4
2026-06-18T09:00:00Z,,,0.0,0.0,0.0,0.0,0.0,0.0,0.0,0.0,0.0,0.0,0.0,0.0,0.0,0.0,0.0,0.0,0.0,0.0,0.0,0.0,0.0,0.0,0.0,0.0
2026-06-18T09:30:00Z,,,0.0,0.0,0.0,0.0,0.0,0.0,0.0,0.0,0.0,0.0,0.0,0.0,0.0,0.0,0.0,0.0,0.0,0.0,0.0,0.0,0.0,0.0,0.0,0.0
2026-06-18T10:00:00Z,ok,,6.5,6.0,5.2,4.3,3.8,3.7,3.7,3.9,3.7,3.6,3.3,3.4,3.9,4.8,5.3,5.2,4.4,3.4,3.4,3.6,4.0,4.2,4.5,4.6
2026-06-18T10:30:00Z,,,0.0,0.0,0.0,0.0,0.0,0.0,0.0,0.0,0.0,0.0,0.0,0.0,0.0,0.0,0.0,0.0,0.0,0.0,0.0,0.0,0.0,0.0,0.0,0.0
2026-06-18T11:00:00Z,,,0.0,0.0,0.0,0.0,0.0,0.0,0.0,0.0,0.0,0.0,0.0,0.0,0.0,0.0,0.0,0.0,0.0,0.0,0.0,0.0,0.0,0.0,0.0,0.0
2026-06-18T11:30:00Z,failed,,0.0,0.0,0.0,0.0,0.0,0.0,0.0,0.0,0.0,0.0,0.0,0.0,0.0,0.0,0.0,0.0,0.0,0.0,0.0,0.0,0.0,0.0,0.0,0.0
2026-06-18T12:00:00Z,,,0.0,0.0,0.0,0.0,0.0,0.0,0.0,0.0,0.0,0.0,0.0,0.0,0.0,0.0,0.0,0.0,0.0,0.0,0.0,0.0,0.0,0.0,0.0,0.0
2026-06-18T12:30:00Z,ok,,3.9,3.8,4.0,3.7,3.3,3.2,3.2,3.7,4.5,5.0,5.0,4.6,3.9,3.4,3.1,3.4,3.9,4.8,5.2,5.7,5.9,5.7,6.1,5.8
2026-06-18T13:00:00Z,,,0.0,0.0,0.0,0.0,0.0,0.0,0.0,0.0,0.0,0.0,0.0,0.0,0.0,0.0,0.0,0.0,0.0,0.0,0.0,0.0,0.0,0.0,0.0,0.0
2026-06-18T13:30:00Z,ok,,5.2,4.6,4.1,3.8,3.9,4.4,5.2,5.5,5.2,4.5,4.1,3.7,3.6,3.7,4.1,4.8,6.3,7.4,7.6,7.8,7.3,6.9,7.1,6.4
2026-06-18T14:00:00Z,,,0.0,0.0,0.0,0.0,0.0,0.0,0.0,0.0,0.0,0.0,0.0,0.0,0.0,0.0,0.0,0.0,0.0,0.0,0.0,0.0,0.0,0.0,0.0,0.0
2026-06-18T14:30:00Z,,,0.0,0.0,0.0,0.0,0.0,0.0,0.0,0.0,0.0,0.0,0.0,0.0,0.0,0.0,0.0,0.0,0.0,0.0,0.0,0.0,0.0,0.0,0.0,0.0
2026-06-18T15:00:00Z,failed,,0.0,0.0,0.0,0.0,0.0,0.0,0.0,0.0,0.0,0.0,0.0,0.0,0.0,0.0,0.0,0.0,0.0,0.0,0.0,0.0,0.0,0.0,0.0,0.0
2026-06-18T15:30:00Z,,,0.0,0.0,0.0,0.0,0.0,0.0,0.0,0.0,0.0,0.0,0.0,0.0,0.0,0.0,0.0,0.0,0.0,0.0,0.0,0.0,0.0,0.0,0.0,0.0
2026-06-18T16:00:00Z,failed,,0.0,0.0,0.0,0.0,0.0,0.0,0.0,0.0,0.0,0.0,0.0,0.0,0.0,0.0,0.0,0.0,0.0,0.0,0.0,0.0,0.0,0.0,0.0,0.0
2026-06-18T16:30:00Z,,,0.0,0.0,0.0,0.0,0.0,0.0,0.0,0.0,0.0,0.0,0.0,0.0,0.0,0.0,0.0,0.0,0.0,0.0,0.0,0.0,0.0,0.0,0.0,0.0
2026-06-18T17:00:00Z,ok,,5.4,5.0,4.4,3.7,3.5,3.7,3.8,4.5,5.6,6.8,7.8,8.6,9.0,9.4,9.4,9.8,9.6,8.7,7.8,7.1,6.7,6.4,6.3,6.2
2026-06-18T17:30:00Z,,,0.0,0.0,0.0,0.0,0.0,0.0,0.0,0.0,0.0,0.0,0.0,0.0,0.0,0.0,0.0,0.0,0.0,0.0,0.0,0.0,0.0,0.0,0.0,0.0
2026-06-18T18:00:00Z,ok,,5.0,4.6,4.1,3.9,4.4,5.0,6.1,7.2,8.9,9.6,9.7,9.3,9.6,9.6,9.3,9.0,8.4,7.7,6.8,6.1,6.1,5.9,5.6,5.7
2026-06-18T18:30:00Z,,,0.0,0.0,0.0,0.0,0.0,0.0,0.0,0.0,0.0,0.0,0.0,0.0,0.0,0.0,0.0,0.0,0.0,0.0,0.0,0.0,0.0,0.0,0.0,0.0
2026-06-18T19:00:00Z,ok,,4.0,4.1,4.2,4.6,5.5,7.0,8.3,9.4,9.8,10.0,9.6,9.6,9.6,8.9,7.9,6.9,6.4,6.2,6.3,6.0,6.2,6.0,5.8,5.9
2026-06-18T19:30:00Z,,,0.0,0.0,0.0,0.0,0.0,0.0,0.0,0.0,0.0,0.0,0.0,0.0,0.0,0.0,0.0,0.0,0.0,0.0,0.0,0.0,0.0,0.0,0.0,0.0
2026-06-18T20:00:00Z,ok,,4.9,5.2,6.0,7.0,8.3,8.8,9.4,10.5,10.5,10.3,10.0,9.7,8.6,7.3,6.5,6.6,7.8,9.2,9.7,9.3,8.9,7.9,8.0,7.4
2026-06-18T20:30:00Z,,,0.0,0.0,0.0,0.0,0.0,0.0,0.0,0.0,0.0,0.0,0.0,0.0,0.0,0.0,0.0,0.0,0.0,0.0,0.0,0.0,0.0,0.0,0.0,0.0
2026-06-18T21:00:00Z,ok,,5.8,6.7,7.9,9.1,9.9,10.1,9.6,9.8,9.6,9.6,7.8,7.0,6.4,6.6,6.8,7.6,8.8,8.7,8.6,8.3,7.7,7.6,7.5,7.1
2026-06-18T21:30:00Z,ok,,8.5,8.8,9.5,10.0,10.3,10.4,10.2,9.9,9.2,8.8,6.9,6.5,6.3,7.1,8.2,8.8,9.7,9.2,8.2,7.7,7.0,7.0,7.1,6.7
2026-06-18T22:00:00Z,,,0.0,0.0,0.0,0.0,0.0,0.0,0.0,0.0,0.0,0.0,0.0,0.0,0.0,0.0,0.0,0.0,0.0,0.0,0.0,0.0,0.0,0.0,0.0,0.0
2026-06-18T22:30:00Z,ok,,8.8,9.3,9.7,9.9,10.7,10.2,9.4,8.4,7.3,6.9,6.4,7.3,8.5,9.9,10.2,9.8,10.0,11.7,13.2,14.2,15.1,14.8,14.4,13.8
2026-06-18T23:00:00Z,ok,,8.3,8.8,9.5,9.9,10.1,9.3,7.9,7.2,6.3,6.9,7.1,8.4,9.4,10.0,9.8,9.6,10.4,13.3,15.4,16.3,16.4,15.4,14.8,14.1
2026-06-18T23:30:00Z,ok,,8.4,8.8,9.4,9.3,8.5,8.0,6.9,6.2,6.2,7.6,8.2,9.6,9.3,9.3,9.6,10.3,11.6,11.8,11.5,10.8,10.1,9.7,9.4,9.2
2026-06-19T00:00:00Z,,,0.0,0.0,0.0,0.0,0.0,0.0,0.0,0.0,0.0,0.0,0.0,0.0,0.0,0.0,0.0,0.0,0.0,0.0,0.0,0.0,0.0,0.0,0.0,0.0
2026-06-19T00:30:00Z,ok,,10.4,9.7,9.0,7.6,7.0,6.2,6.6,7.4,9.0,9.9,8.9,8.8,8.9,9.8,12.1,12.9,12.5,11.1,9.0,8.2,8.1,8.2,8.4,8.1
2026-06-19T01:00:00Z,,,0.0,0.0,0.0,0.0,0.0,0.0,0.0,0.0,0.0,0.0,0.0,0.0,0.0,0.0,0.0,0.0,0.0,0.0,0.0,0.0,0.0,0.0,0.0,0.0
2026-06-19T01:30:00Z,ok,,9.2,8.3,7.7,6.6,6.8,7.6,8.7,9.5,10.0,9.9,9.3,10.2,11.4,12.6,12.4,11.4,10.3,9.3,8.9,8.4,8.7,8.5,8.3,8.6
2026-06-19T02:00:00Z,,,0.0,0.0,0.0,0.0,0.0,0.0,0.0,0.0,0.0,0.0,0.0,0.0,0.0,0.0,0.0,0.0,0.0,0.0,0.0,0.0,0.0,0.0,0.0,0.0
2026-06-19T02:30:00Z,ok,,6.4,6.5,6.8,7.2,8.3,9.0,9.4,9.4,9.4,10.2,11.6,13.2,13.1,11.5,10.6,9.4,8.9,8.6,8.8,8.7,9.3,9.1,9.3,9.1
2026-06-19T03:00:00Z,,,0.0,0.0,0.0,0.0,0.0,0.0,0.0,0.0,0.0,0.0,0.0,0.0,0.0,0.0,0.0,0.0,0.0,0.0,0.0,0.0,0.0,0.0,0.0,0.0
2026-06-19T03:30:00Z,,,0.0,0.0,0.0,0.0,0.0,0.0,0.0,0.0,0.0,0.0,0.0,0.0,0.0,0.0,0.0,0.0,0.0,0.0,0.0,0.0,0.0,0.0,0.0,0.0
2026-06-19T04:00:00Z,ok,,7.5,8.6,9.2,9.3,9.6,9.4,9.7,10.9,12.2,13.2,11.2,10.0,8.9,8.5,8.4,7.5,6.4,5.4,5.0,5.2,5.8,6.2,6.3,6.6
2026-06-19T04:30:00Z,,,0.0,0.0,0.0,0.0,0.0,0.0,0.0,0.0,0.0,0.0,0.0,0.0,0.0,0.0,0.0,0.0,0.0,0.0,0.0,0.0,0.0,0.0,0.0,0.0
2026-06-19T05:00:00Z,,,0.0,0.0,0.0,0.0,0.0,0.0,0.0,0.0,0.0,0.0,0.0,0.0,0.0,0.0,0.0,0.0,0.0,0.0,0.0,0.0,0.0,0.0,0.0,0.0
2026-06-19T05:30:00Z,,,0.0,0.0,0.0,0.0,0.0,0.0,0.0,0.0,0.0,0.0,0.0,0.0,0.0,0.0,0.0,0.0,0.0,0.0,0.0,0.0,0.0,0.0,0.0,0.0
2026-06-19T06:00:00Z,ok,,8.5,8.8,10.2,10.7,11.8,12.5,11.3,10.3,9.7,9.3,8.8,8.3,7.1,5.6,4.4,3.6,3.2,2.9,3.2,3.9,4.4,4.6,5.1,5.3
2026-06-19T06:30:00Z,,,0.0,0.0,0.0,0.0,0.0,0.0,0.0,0.0,0.0,0.0,0.0,0.0,0.0,0.0,0.0,0.0,0.0,0.0,0.0,0.0,0.0,0.0,0.0,0.0
2026-06-19T07:00:00Z,,,0.0,0.0,0.0,0.0,0.0,0.0,0.0,0.0,0.0,0.0,0.0,0.0,0.0,0.0,0.0,0.0,0.0,0.0,0.0,0.0,0.0,0.0,0.0,0.0
2026-06-19T07:30:00Z,,,0.0,0.0,0.0,0.0,0.0,0.0,0.0,0.0,0.0,0.0,0.0,0.0,0.0,0.0,0.0,0.0,0.0,0.0,0.0,0.0,0.0,0.0,0.0,0.0
2026-06-19T08:00:00Z,ok,,10.9,10.3,9.7,9.2,8.6,8.4,8.2,7.2,6.1,5.1,4.5,4.0,3.8,4.1,4.3,5.4,7.1,9.8,11.2,11.9,11.4,11.3,10.5,10.1
2026-06-19T08:30:00Z,,,0.0,0.0,0.0,0.0,0.0,0.0,0.0,0.0,0.0,0.0,0.0,0.0,0.0,0.0,0.0,0.0,0.0,0.0,0.0,0.0,0.0,0.0,0.0,0.0
2026-06-19T09:00:00Z,,,0.0,0.0,0.0,0.0,0.0,0.0,0.0,0.0,0.0,0.0,0.0,0.0,0.0,0.0,0.0,0.0,0.0,0.0,0.0,0.0,0.0,0.0,0.0,0.0
2026-06-19T09:30:00Z,ok,,8.5,8.9,8.5,7.9,7.4,6.3,5.3,4.6,4.0,4.0,3.9,4.4,5.2,6.7,8.4,10.2,10.7,9.7,8.5,8.0,8.5,8.1,8.0,8.4
2026-06-19T10:00:00Z,,,0.0,0.0,0.0,0.0,0.0,0.0,0.0,0.0,0.0,0.0,0.0,0.0,0.0,0.0,0.0,0.0,0.0,0.0,0.0,0.0,0.0,0.0,0.0,0.0
2026-06-19T10:30:00Z,,,0.0,0.0,0.0,0.0,0.0,0.0,0.0,0.0,0.0,0.0,0.0,0.0,0.0,0.0,0.0,0.0,0.0,0.0,0.0,0.0,0.0,0.0,0.0,0.0
2026-06-19T11:00:00Z,ok,,7.2,6.9,5.8,5.1,4.3,3.8,3.5,4.0,4.6,6.1,7.3,9.3,11.1,11.8,9.9,8.3,7.8,8.5,9.9,11.1,11.3,11.7,12.4,11.6
2026-06-19T11:30:00Z,,,0.0,0.0,0.0,0.0,0.0,0.0,0.0,0.0,0.0,0.0,0.0,0.0,0.0,0.0,0.0,0.0,0.0,0.0,0.0,0.0,0.0,0.0,0.0,0.0
2026-06-19T12:00:00Z,,,0.0,0.0,0.0,0.0,0.0,0.0,0.0,0.0,0.0,0.0,0.0,0.0,0.0,0.0,0.0,0.0,0.0,0.0,0.0,0.0,0.0,0.0,0.0,0.0
2026-06-19T12:30:00Z,ok,,4.7,4.6,4.1,3.8,4.0,4.3,5.1,7.3,9.8,10.5,10.1,9.3,8.4,8.0,8.1,8.2,8.5,8.1,8.8,9.2,11.3,10.7,11.2,11.4
2026-06-19T13:00:00Z,,,0.0,0.0,0.0,0.0,0.0,0.0,0.0,0.0,0.0,0.0,0.0,0.0,0.0,0.0,0.0,0.0,0.0,0.0,0.0,0.0,0.0,0.0,0.0,0.0
2026-06-19T13:30:00Z,ok,,4.1,4.2,4.4,4.9,5.5,7.3,9.4,10.6,10.7,9.8,8.0,8.1,8.0,8.4,8.6,7.7,6.6,5.8,6.1,6.3,7.4,8.0,7.8,8.7
2026-06-19T14:00:00Z,,,0.0,0.0,0.0,0.0,0.0,0.0,0.0,0.0,0.0,0.0,0.0,0.0,0.0,0.0,0.0,0.0,0.0,0.0,0.0,0.0,0.0,0.0,0.0,0.0
2026-06-19T14:30:00Z,,,0.0,0.0,0.0,0.0,0.0,0.0,0.0,0.0,0.0,0.0,0.0,0.0,0.0,0.0,0.0,0.0,0.0,0.0,0.0,0.0,0.0,0.0,0.0,0.0
2026-06-19T15:00:00Z,ok,,4.1,5.2,7.2,9.2,10.7,10.8,9.6,8.4,8.0,8.0,8.4,8.9,8.0,6.7,5.7,5.0,4.8,4.8,5.2,5.8,6.9,7.0,7.6,7.7
2026-06-19T15:30:00Z,,,0.0,0.0,0.0,0.0,0.0,0.0,0.0,0.0,0.0,0.0,0.0,0.0,0.0,0.0,0.0,0.0,0.0,0.0,0.0,0.0,0.0,0.0,0.0,0.0
2026-06-19T16:00:00Z,ok,,6.5,7.5,9.3,9.4,9.1,8.6,7.4,7.7,8.3,8.4,7.6,6.3,5.2,4.7,4.4,4.6,4.9,5.5,6.3,7.3,7.6,8.1,8.3,8.3
2026-06-19T16:30:00Z,,,0.0,0.0,0.0,0.0,0.0,0.0,0.0,0.0,0.0,0.0,0.0,0.0,0.0,0.0,0.0,0.0,0.0,0.0,0.0,0.0,0.0,0.0,0.0,0.0
2026-06-19T17:00:00Z,ok,,9.3,8.8,8.2,7.3,7.3,8.0,8.6,8.7,7.7,6.9,5.5,4.9,4.7,4.7,4.8,4.9,4.9,4.9,5.3,6.0,6.0,6.3,6.7,6.6
2026-06-19T17:30:00Z,ok,,8.5,7.8,7.3,6.7,7.3,7.8,8.3,7.7,6.4,5.5,4.6,4.3,4.5,4.8,5.4,5.8,6.3,6.6,6.8,7.3,7.2,7.4,7.7,7.5
2026-06-19T18:00:00Z,failed,,0.0,0.0,0.0,0.0,0.0,0.0,0.0,0.0,0.0,0.0,0.0,0.0,0.0,0.0,0.0,0.0,0.0,0.0,0.0,0.0,0.0,0.0,0.0,0.0
2026-06-19T18:30:00Z,,,0.0,0.0,0.0,0.0,0.0,0.0,0.0,0.0,0.0,0.0,0.0,0.0,0.0,0.0,0.0,0.0,0.0,0.0,0.0,0.0,0.0,0.0,0.0,0.0
2026-06-19T19:00:00Z,failed,,0.0,0.0,0.0,0.0,0.0,0.0,0.0,0.0,0.0,0.0,0.0,0.0,0.0,0.0,0.0,0.0,0.0,0.0,0.0,0.0,0.0,0.0,0.0,0.0
2026-06-19T19:30:00Z,ok,,6.9,7.2,7.3,6.6,6.1,5.2,4.5,4.4,4.4,4.9,5.5,6.0,6.5,6.9,6.7,6.4,5.9,5.6,5.2,5.9,5.8,5.9,6.4,6.3
2026-06-19T20:00:00Z,ok,,8.4,8.0,7.6,6.4,5.7,5.0,4.5,4.7,4.9,5.6,6.3,6.9,7.2,7.2,6.6,6.3,5.9,5.7,5.3,6.0,5.7,5.8,6.4,6.3
2026-06-19T20:30:00Z,ok,,7.5,7.0,6.3,5.4,5.0,4.8,4.8,4.9,5.3,6.1,6.5,7.1,7.2,6.8,5.9,5.4,5.6,6.3,6.4,7.3,7.1,7.2,7.8,7.6
2026-06-19T21:00:00Z,,,0.0,0.0,0.0,0.0,0.0,0.0,0.0,0.0,0.0,0.0,0.0,0.0,0.0,0.0,0.0,0.0,0.0,0.0,0.0,0.0,0.0,0.0,0.0,0.0
2026-06-19T21:30:00Z,ok,,5.9,5.2,4.8,4.3,4.3,4.8,5.5,6.2,6.5,6.8,6.7,6.5,6.2,5.7,5.2,5.3,6.2,7.4,7.6,8.1,8.1,7.3,7.8,7.3
2026-06-19T22:00:00Z,failed,,0.0,0.0,0.0,0.0,0.0,0.0,0.0,0.0,0.0,0.0,0.0,0.0,0.0,0.0,0.0,0.0,0.0,0.0,0.0,0.0,0.0,0.0,0.0,0.0
2026-06-19T22:30:00Z,ok,,5.6,5.2,5.1,5.0,5.6,6.1,7.0,7.4,7.2,6.9,6.5,6.1,6.0,5.9,6.0,6.6,7.9,8.6,8.3,8.5,7.9,7.3,7.5,7.1
2026-06-19T23:00:00Z,ok,,5.9,5.7,5.8,5.8,6.4,6.8,7.2,7.4,6.8,6.5,5.8,5.7,5.9,6.3,6.9,7.7,8.7,8.4,8.0,8.0,7.5,7.2,7.5,7.1
2026-06-19T23:30:00Z,ok,,6.4,6.3,6.5,6.3,7.1,7.2,7.2,7.2,6.7,6.5,5.8,6.0,6.4,7.1,7.9,8.4,8.7,7.8,7.1,6.9,6.7,6.5,6.8,6.6
2026-06-20T00:00:00Z,failed,,0.0,0.0,0.0,0.0,0.0,0.0,0.0,0.0,0.0,0.0,0.0,0.0,0.0,0.0,0.0,0.0,0.0,0.0,0.0,0.0,0.0,0.0,0.0,0.0
2026-06-20T00:30:00Z,,,0.0,0.0,0.0,0.0,0.0,0.0,0.0,0.0,0.0,0.0,0.0,0.0,0.0,0.0,0.0,0.0,0.0,0.0,0.0,0.0,0.0,0.0,0.0,0.0
2026-06-20T01:00:00Z,ok,,7.7,7.9,8.0,7.4,7.5,7.2,6.5,6.5,6.5,7.3,7.3,8.0,8.3,8.3,8.0,7.7,7.9,7.8,7.7,7.9,7.6,7.3,7.5,7.1
2026-06-20T01:30:00Z,,,0.0,0.0,0.0,0.0,0.0,0.0,0.0,0.0,0.0,0.0,0.0,0.0,0.0,0.0,0.0,0.0,0.0,0.0,0.0,0.0,0.0,0.0,0.0,0.0
2026-06-20T02:00:00Z,ok,,9.2,8.7,8.1,6.9,6.7,6.2,6.2,6.6,7.4,8.4,8.3,8.3,8.1,7.8,7.8,7.5,7.0,6.3,5.8,5.7,5.8,5.9,6.2,6.2
2026-06-20T02:30:00Z,,,0.0,0.0,0.0,0.0,0.0,0.0,0.0,0.0,0.0,0.0,0.0,0.0,0.0,0.0,0.0,0.0,0.0,0.0,0.0,0.0,0.0,0.0,0.0,0.0
2026-06-20T03:00:00Z,,,0.0,0.0,0.0,0.0,0.0,0.0,0.0,0.0,0.0,0.0,0.0,0.0,0.0,0.0,0.0,0.0,0.0,0.0,0.0,0.0,0.0,0.0,0.0,0.0
2026-06-20T03:30:00Z,ok,,7.4,7.2,7.0,6.6,6.9,7.8,8.5,8.8,8.7,8.9,7.8,7.7,7.4,6.7,6.1,5.3,4.7,4.2,4.2,4.4,4.7,5.0,5.2,5.5
2026-06-20T04:00:00Z,,,0.0,0.0,0.0,0.0,0.0,0.0,0.0,0.0,0.0,0.0,0.0,0.0,0.0,0.0,0.0,0.0,0.0,0.0,0.0,0.0,0.0,0.0,0.0,0.0
2026-06-20T04:30:00Z,,,0.0,0.0,0.0,0.0,0.0,0.0,0.0,0.0,0.0,0.0,0.0,0.0,0.0,0.0,0.0,0.0,0.0,0.0,0.0,0.0,0.0,0.0,0.0,0.0
2026-06-20T05:00:00Z,ok,,6.3,6.7,7.5,7.7,8.1,8.0,7.6,7.5,7.3,7.3,6.6,6.4,5.9,5.6,5.4,5.5,6.1,6.7,6.9,7.5,7.5,7.5,7.4,7.2
2026-06-20T05:30:00Z,,,0.0,0.0,0.0,0.0,0.0,0.0,0.0,0.0,0.0,0.0,0.0,0.0,0.0,0.0,0.0,0.0,0.0,0.0,0.0,0.0,0.0,0.0,0.0,0.0
2026-06-20T06:00:00Z,,,0.0,0.0,0.0,0.0,0.0,0.0,0.0,0.0,0.0,0.0,0.0,0.0,0.0,0.0,0.0,0.0,0.0,0.0,0.0,0.0,0.0,0.0,0.0,0.0
2026-06-20T06:30:00Z,ok,,8.7,8.7,8.5,7.9,7.8,7.5,7.4,7.3,6.4,6.0,5.2,5.2,5.6,6.5,7.9,8.7,7.9,6.6,6.0,6.1,6.4,6.3,6.8,6.9
2026-06-20T07:00:00Z,,,0.0,0.0,0.0,0.0,0.0,0.0,0.0,0.0,0.0,0.0,0.0,0.0,0.0,0.0,0.0,0.0,0.0,0.0,0.0,0.0,0.0,0.0,0.0,0.0
2026-06-20T07:30:00Z,ok,,9.0,8.6,8.3,7.3,7.3,7.1,6.4,6.2,5.7,5.8,5.7,6.5,7.5,8.2,8.2,7.7,7.1,6.4,6.0,6.4,6.3,6.3,6.4,6.3
2026-06-20T08:00:00Z,,,0.0,0.0,0.0,0.0,0.0,0.0,0.0,0.0,0.0,0.0,0.0,0.0,0.0,0.0,0.0,0.0,0.0,0.0,0.0,0.0,0.0,0.0,0.0,0.0
2026-06-20T08:30:00Z,,,0.0,0.0,0.0,0.0,0.0,0.0,0.0,0.0,0.0,0.0,0.0,0.0,0.0,0.0,0.0,0.0,0.0,0.0,0.0,0.0,0.0,0.0,0.0,0.0
2026-06-20T09:00:00Z,ok,,7.2,6.9,6.6,5.8,5.6,5.3,5.3,5.6,6.3,7.5,7.7,7.8,7.5,6.8,6.4,6.1,6.6,7.0,6.9,7.4,7.3,7.2,7.4,7.1
2026-06-20T09:30:00Z,,,0.0,0.0,0.0,0.0,0.0,0.0,0.0,0.0,0.0,0.0,0.0,0.0,0.0,0.0,0.0,0.0,0.0,0.0,0.0,0.0,0.0,0.0,0.0,0.0
2026-06-20T10:00:00Z,ok,,6.0,5.2,4.7,4.4,4.7,5.1,6.1,7.3,7.8,7.4,7.3,6.9,6.5,6.3,6.2,6.9,8.9,11.3,11.7,11.7,10.7,9.2,9.6,8.5
2026-06-20T10:30:00Z,,,0.0,0.0,0.0,0.0,0.0,0.0,0.0,0.0,0.0,0.0,0.0,0.0,0.0,0.0,0.0,0.0,0.0,0.0,0.0,0.0,0.0,0.0,0.0,0.0
2026-06-20T11:00:00Z,ok,,4.6,4.6,5.0,5.3,6.3,7.1,7.3,7.4,6.7,6.5,6.1,6.0,6.2,6.8,7.9,9.6,11.5,11.3,10.9,10.3,9.5,9.4,9.2,8.9
2026-06-20T11:30:00Z,ok,,5.6,5.5,6.1,6.5,7.4,7.9,7.8,7.6,7.2,7.3,6.7,7.1,7.4,8.5,9.9,11.2,13.0,11.9,10.5,9.4,8.3,8.2,8.1,7.6
2026-06-20T12:00:00Z,ok,,5.9,6.1,6.7,7.7,8.3,8.6,8.4,7.9,7.9,7.6,7.3,7.8,8.5,10.4,12.7,13.7,14.1,11.7,9.5,7.8,7.4,7.3,7.0,6.7
2026-06-20T12:30:00Z,,,0.0,0.0,0.0,0.0,0.0,0.0,0.0,0.0,0.0,0.0,0.0,0.0,0.0,0.0,0.0,0.0,0.0,0.0,0.0,0.0,0.0,0.0,0.0,0.0
2026-06-20T13:00:00Z,failed,,0.0,0.0,0.0,0.0,0.0,0.0,0.0,0.0,0.0,0.0,0.0,0.0,0.0,0.0,0.0,0.0,0.0,0.0,0.0,0.0,0.0,0.0,0.0,0.0
2026-06-20T13:30:00Z,ok,,8.1,8.6,8.1,7.7,7.4,7.2,6.8,7.4,7.6,9.0,10.8,13.4,15.5,14.7,11.9,9.0,7.3,7.3,8.3,8.7,9.3,9.3,9.5,9.0
2026-06-20T14:00:00Z,,,0.0,0.0,0.0,0.0,0.0,0.0,0.0,0.0,0.0,0.0,0.0,0.0,0.0,0.0,0.0,0.0,0.0,0.0,0.0,0.0,0.0,0.0,0.0,0.0
2026-06-20T14:30:00Z,ok,,5.8,5.9,6.0,6.4,6.9,6.8,7.2,8.2,9.8,11.4,12.7,12.2,10.1,7.9,6.6,6.1,5.9,6.1,5.7,5.5,5.7,5.7,5.6,5.6
2026-06-20T15:00:00Z,ok,,5.6,5.6,5.5,6.2,6.7,7.0,7.8,9.4,11.6,12.3,12.4,10.3,8.3,6.7,6.4,6.9,7.6,8.2,7.2,6.6,6.7,6.3,6.3,6.0
2026-06-20T15:30:00Z,ok,,6.8,6.9,6.8,7.3,7.8,8.2,9.2,11.3,13.7,14.3,11.4,8.5,7.4,7.3,8.4,8.4,8.0,7.1,5.7,5.1,5.2,5.4,5.1,5.1
2026-06-20T16:00:00Z,ok,,6.2,6.7,7.1,7.9,8.2,9.8,11.2,13.2,13.6,12.2,8.6,7.1,6.7,7.6,8.9,8.1,7.1,5.6,4.9,4.7,5.1,5.5,5.2,5.5
2026-06-20T16:30:00Z,,,0.0,0.0,0.0,0.0,0.0,0.0,0.0,0.0,0.0,0.0,0.0,0.0,0.0,0.0,0.0,0.0,0.0,0.0,0.0,0.0,0.0,0.0,0.0,0.0
2026-06-20T17:00:00Z,ok,,5.9,6.6,7.4,8.7,10.8,13.0,12.9,10.8,8.0,6.8,6.3,7.4,8.2,7.8,6.5,4.8,4.5,4.4,4.8,5.4,5.9,5.9,6.2,6.2
2026-06-20T17:30:00Z,ok,,7.3,8.2,9.8,11.5,12.9,13.2,11.7,9.1,7.1,6.8,7.4,9.0,9.0,7.3,6.0,5.0,5.4,6.1,6.4,6.7,7.6,7.0,7.2,7.0
2026-06-20T18:00:00Z,ok,,7.4,9.1,11.8,13.3,13.0,10.4,8.1,6.8,6.9,7.6,8.2,8.7,7.3,5.9,5.2,5.2,6.0,6.4,6.3,6.3,7.3,6.8,6.7,6.7
2026-06-20T18:30:00Z,ok,,8.9,10.7,13.1,13.0,10.6,8.4,6.4,6.3,7.2,8.2,8.2,7.4,6.1,5.1,5.2,6.2,7.9,8.3,8.4,8.0,8.4,7.8,7.6,7.4
2026-06-20T19:00:00Z,ok,,11.2,12.0,11.8,10.2,8.4,6.9,6.2,6.8,7.6,7.9,6.9,5.8,5.3,5.0,6.0,7.1,8.2,7.9,7.7,6.9,7.0,6.6,6.7,6.4
2026-06-20T19:30:00Z,ok,,16.5,14.0,11.7,8.9,7.7,6.7,7.2,7.9,8.0,7.1,5.5,5.0,5.1,5.9,8.1,9.4,9.9,8.8,7.2,6.5,6.6,6.1,6.5,6.2
2026-06-20T20:00:00Z,,,0.0,0.0,0.0,0.0,0.0,0.0,0.0,0.0,0.0,0.0,0.0,0.0,0.0,0.0,0.0,0.0,0.0,0.0,0.0,0.0,0.0,0.0,0.0,0.0
2026-06-20T20:30:00Z,ok,,8.0,7.4,6.7,6.0,6.3,7.0,7.1,6.7,5.5,4.9,4.8,5.6,7.3,8.9,9.7,9.0,7.9,5.9,5.5,5.5,5.7,5.6,5.7,5.9
2026-06-20T21:00:00Z,ok,,5.7,6.0,6.3,6.7,7.3,7.1,6.2,5.5,5.0,5.5,5.9,7.4,9.3,9.9,9.4,7.9,7.2,7.3,7.7,8.3,8.8,8.8,9.0,8.6
2026-06-20T21:30:00Z,ok,,5.3,6.1,6.8,7.3,7.6,6.5,5.3,4.9,5.1,6.4,7.5,8.8,9.1,8.5,7.8,6.8,6.5,6.3,6.2,6.7,6.7,6.8,7.1,6.9
2026-06-20T22:00:00Z,ok,,5.4,6.1,6.5,6.6,6.4,5.5,4.9,5.1,6.0,7.7,8.9,9.3,8.4,7.3,6.8,6.4,6.2,5.8,5.5,5.8,5.7,5.8,6.0,5.9
2026-06-20T22:30:00Z,ok,,6.9,7.3,7.0,6.1,5.9,5.0,5.0,5.9,7.8,9.7,9.9,8.8,7.8,7.0,7.0,6.8,6.2,5.6,5.1,5.2,5.4,5.8,5.9,5.9
2026-06-20T23:00:00Z,ok,,7.1,7.1,6.5,5.3,5.2,5.4,5.9,7.5,9.2,10.0,8.5,7.4,6.9,6.8,6.9,6.5,6.3,5.7,6.3,6.6,7.0,7.7,7.4,7.6
2026-06-20T23:30:00Z,ok,,7.0,6.4,5.7,5.1,5.4,6.2,7.4,8.4,8.9,8.8,7.5,6.9,6.6,6.5,6.4,6.2,6.6,6.8,6.9,7.1,7.1,6.9,7.0,6.9
2026-06-21T00:00:00Z,ok,,5.7,5.2,5.0,5.1,6.0,7.1,8.5,8.9,8.4,7.8,7.0,6.6,6.5,6.4,6.5,6.3,6.7,6.3,5.4,5.2,5.1,4.8,4.8,4.9
2026-06-21T00:30:00Z,,,0.0,0.0,0.0,0.0,0.0,0.0,0.0,0.0,0.0,0.0,0.0,0.0,0.0,0.0,0.0,0.0,0.0,0.0,0.0,0.0,0.0,0.0,0.0,0.0
2026-06-21T01:00:00Z,,,0.0,0.0,0.0,0.0,0.0,0.0,0.0,0.0,0.0,0.0,0.0,0.0,0.0,0.0,0.0,0.0,0.0,0.0,0.0,0.0,0.0,0.0,0.0,0.0
2026-06-21T01:30:00Z,ok,,6.3,7.2,8.3,9.0,9.5,9.3,8.3,7.8,7.3,7.1,6.6,6.8,7.2,7.7,7.4,6.4,5.1,4.1,3.8,4.1,4.4,4.6,4.7,4.9
2026-06-21T02:00:00Z,ok,,6.4,7.5,8.6,8.9,9.1,8.9,7.8,7.3,6.9,7.2,6.9,7.3,7.3,7.1,6.0,4.9,4.3,4.3,4.4,5.1,5.1,5.5,5.6,5.5
2026-06-21T02:30:00Z,,,0.0,0.0,0.0,0.0,0.0,0.0,0.0,0.0,0.0,0.0,0.0,0.0,0.0,0.0,0.0,0.0,0.0,0.0,0.0,0.0,0.0,0.0,0.0,0.0
2026-06-21T03:00:00Z,,,0.0,0.0,0.0,0.0,0.0,0.0,0.0,0.0,0.0,0.0,0.0,0.0,0.0,0.0,0.0,0.0,0.0,0.0,0.0,0.0,0.0,0.0,0.0,0.0
2026-06-21T03:30:00Z,failed,,0.0,0.0,0.0,0.0,0.0,0.0,0.0,0.0,0.0,0.0,0.0,0.0,0.0,0.0,0.0,0.0,0.0,0.0,0.0,0.0,0.0,0.0,0.0,0.0
2026-06-21T04:00:00Z,,,0.0,0.0,0.0,0.0,0.0,0.0,0.0,0.0,0.0,0.0,0.0,0.0,0.0,0.0,0.0,0.0,0.0,0.0,0.0,0.0,0.0,0.0,0.0,0.0
2026-06-21T04:30:00Z,,,0.0,0.0,0.0,0.0,0.0,0.0,0.0,0.0,0.0,0.0,0.0,0.0,0.0,0.0,0.0,0.0,0.0,0.0,0.0,0.0,0.0,0.0,0.0,0.0
2026-06-21T05:00:00Z,,,0.0,0.0,0.0,0.0,0.0,0.0,0.0,0.0,0.0,0.0,0.0,0.0,0.0,0.0,0.0,0.0,0.0,0.0,0.0,0.0,0.0,0.0,0.0,0.0
2026-06-21T05:30:00Z,ok,,8.1,7.4,6.7,6.2,6.6,6.6,6.5,6.0,5.2,4.8,4.3,4.7,5.5,6.5,7.5,7.7,7.9,6.9,6.2,6.1,6.2,6.0,6.1,6.0
2026-06-21T06:00:00Z,,,0.0,0.0,0.0,0.0,0.0,0.0,0.0,0.0,0.0,0.0,0.0,0.0,0.0,0.0,0.0,0.0,0.0,0.0,0.0,0.0,0.0,0.0,0.0,0.0
2026-06-21T06:30:00Z,,,0.0,0.0,0.0,0.0,0.0,0.0,0.0,0.0,0.0,0.0,0.0,0.0,0.0,0.0,0.0,0.0,0.0,0.0,0.0,0.0,0.0,0.0,0.0,0.0
2026-06-21T07:00:00Z,ok,,6.6,7.0,7.0,6.5,5.9,5.0,4.2,4.3,4.7,5.9,7.0,7.8,7.9,7.6,6.9,6.1,5.3,4.6,4.3,4.6,4.5,4.6,4.9,4.8
2026-06-21T07:30:00Z,,,0.0,0.0,0.0,0.0,0.0,0.0,0.0,0.0,0.0,0.0,0.0,0.0,0.0,0.0,0.0,0.0,0.0,0.0,0.0,0.0,0.0,0.0,0.0,0.0
2026-06-21T08:00:00Z,,,0.0,0.0,0.0,0.0,0.0,0.0,0.0,0.0,0.0,0.0,0.0,0.0,0.0,0.0,0.0,0.0,0.0,0.0,0.0,0.0,0.0,0.0,0.0,0.0
2026-06-21T08:30:00Z,ok,,5.2,4.9,4.5,4.1,4.1,4.7,5.4,6.4,7.5,8.2,7.5,6.5,5.6,4.9,4.5,4.0,3.7,3.6,3.6,3.7,3.9,4.1,4.1,4.5
2026-06-21T09:00:00Z,,,0.0,0.0,0.0,0.0,0.0,0.0,0.0,0.0,0.0,0.0,0.0,0.0,0.0,0.0,0.0,0.0,0.0,0.0,0.0,0.0,0.0,0.0,0.0,0.0
2026-06-21T09:30:00Z,,,0.0,0.0,0.0,0.0,0.0,0.0,0.0,0.0,0.0,0.0,0.0,0.0,0.0,0.0,0.0,0.0,0.0,0.0,0.0,0.0,0.0,0.0,0.0,0.0
2026-06-21T10:00:00Z,ok,,4.3,4.6,4.8,5.4,6.2,7.5,7.8,7.6,6.7,6.2,5.2,4.8,4.4,3.9,3.3,2.8,2.5,2.3,2.5,2.9,3.1,3.3,3.5,3.7
2026-06-21T10:30:00Z,,,0.0,0.0,0.0,0.0,0.0,0.0,0.0,0.0,0.0,0.0,0.0,0.0,0.0,0.0,0.0,0.0,0.0,0.0,0.0,0.0,0.0,0.0,0.0,0.0
2026-06-21T11:00:00Z,ok,,5.5,6.1,6.9,7.3,7.3,7.5,6.8,6.2,5.5,4.9,4.4,4.0,3.6,3.1,2.7,2.5,2.6,3.0,3.3,3.6,3.7,3.9,3.9,3.9
2026-06-21T11:30:00Z,,,0.0,0.0,0.0,0.0,0.0,0.0,0.0,0.0,0.0,0.0,0.0,0.0,0.0,0.0,0.0,0.0,0.0,0.0,0.0,0.0,0.0,0.0,0.0,0.0
2026-06-21T12:00:00Z,failed,,0.0,0.0,0.0,0.0,0.0,0.0,0.0,0.0,0.0,0.0,0.0,0.0,0.0,0.0,0.0,0.0,0.0,0.0,0.0,0.0,0.0,0.0,0.0,0.0
2026-06-21T12:30:00Z,ok,,6.5,6.8,6.7,6.4,5.5,5.0,4.4,4.0,3.5,3.1,2.8,2.5,2.4,2.5,2.7,3.0,3.3,3.5,3.5,3.6,3.6,3.6,3.7,3.7
2026-06-21T13:00:00Z,,,0.0,0.0,0.0,0.0,0.0,0.0,0.0,0.0,0.0,0.0,0.0,0.0,0.0,0.0,0.0,0.0,0.0,0.0,0.0,0.0,0.0,0.0,0.0,0.0
2026-06-21T13:30:00Z,failed,,0.0,0.0,0.0,0.0,0.0,0.0,0.0,0.0,0.0,0.0,0.0,0.0,0.0,0.0,0.0,0.0,0.0,0.0,0.0,0.0,0.0,0.0,0.0,0.0
2026-06-21T14:00:00Z,,,0.0,0.0,0.0,0.0,0.0,0.0,0.0,0.0,0.0,0.0,0.0,0.0,0.0,0.0,0.0,0.0,0.0,0.0,0.0,0.0,0.0,0.0,0.0,0.0
2026-06-21T14:30:00Z,ok,,5.4,4.9,4.4,3.9,3.4,3.0,2.6,2.4,2.2,2.4,2.8,3.1,3.4,3.5,3.3,3.0,2.7,2.5,2.5,2.8,2.8,3.0,3.1,3.2
2026-06-21T15:00:00Z,ok,,5.6,5.0,4.5,3.8,3.2,2.7,2.4,2.3,2.4,2.8,3.2,3.4,3.6,3.5,3.1,2.7,2.6,2.6,2.7,3.0,2.9,3.1,3.1,3.1
2026-06-21T15:30:00Z,,,0.0,0.0,0.0,0.0,0.0,0.0,0.0,0.0,0.0,0.0,0.0,0.0,0.0,0.0,0.0,0.0,0.0,0.0,0.0,0.0,0.0,0.0,0.0,0.0
2026-06-21T16:00:00Z,ok,,3.5,3.2,2.8,2.5,2.2,2.1,2.2,2.3,2.6,3.0,3.2,3.1,2.9,2.5,2.1,1.9,1.9,2.1,2.2,2.3,2.4,2.5,2.4,2.5
2026-06-21T16:30:00Z,ok,,4.5,3.9,3.2,2.8,2.6,2.6,2.9,3.1,3.4,3.6,3.4,3.2,3.0,2.6,2.5,2.4,2.9,3.6,3.8,4.0,4.0,4.0,3.8,3.8
2026-06-21T17:00:00Z,failed,,0.0,0.0,0.0,0.0,0.0,0.0,0.0,0.0,0.0,0.0,0.0,0.0,0.0,0.0,0.0,0.0,0.0,0.0,0.0,0.0,0.0,0.0,0.0,0.0
2026-06-21T17:30:00Z,ok,,3.7,3.2,3.0,2.8,2.9,3.2,3.5,3.7,3.7,3.6,3.4,3.3,3.3,3.2,3.3,3.3,4.3,5.3,5.4,5.4,4.8,4.7,4.4,4.0
2026-06-21T18:00:00Z,,,0.0,0.0,0.0,0.0,0.0,0.0,0.0,0.0,0.0,0.0,0.0,0.0,0.0,0.0,0.0,0.0,0.0,0.0,0.0,0.0,0.0,0.0,0.0,0.0
2026-06-21T18:30:00Z,ok,,3.8,3.7,3.6,3.7,3.9,3.8,3.8,3.7,3.4,3.3,3.1,3.2,3.4,4.0,4.9,5.6,6.4,6.0,5.5,5.0,5.0,4.7,4.6,4.4
2026-06-21T19:00:00Z,failed,,0.0,0.0,0.0,0.0,0.0,0.0,0.0,0.0,0.0,0.0,0.0,0.0,0.0,0.0,0.0,0.0,0.0,0.0,0.0,0.0,0.0,0.0,0.0,0.0
2026-06-21T19:30:00Z,ok,,5.5,5.3,4.8,4.4,4.3,4.1,3.8,3.6,3.3,3.3,3.4,3.8,4.7,5.6,6.3,6.0,5.4,4.7,4.3,4.2,4.2,4.1,4.1,3.9
2026-06-21T20:00:00Z,,,0.0,0.0,0.0,0.0,0.0,0.0,0.0,0.0,0.0,0.0,0.0,0.0,0.0,0.0,0.0,0.0,0.0,0.0,0.0,0.0,0.0,0.0,0.0,0.0
2026-06-21T20:30:00Z,ok,,4.7,4.7,4.5,4.1,3.7,3.5,3.2,3.3,3.7,4.3,5.1,5.7,6.1,6.1,5.7,5.0,4.5,4.1,3.8,3.9,3.7,3.7,3.7,3.7
2026-06-21T21:00:00Z,,,0.0,0.0,0.0,0.0,0.0,0.0,0.0,0.0,0.0,0.0,0.0,0.0,0.0,0.0,0.0,0.0,0.0,0.0,0.0,0.0,0.0,0.0,0.0,0.0
2026-06-21T21:30:00Z,ok,,3.9,3.9,3.6,3.3,3.1,3.0,3.2,3.6,4.4,5.5,6.0,5.7,5.2,4.5,3.9,3.1,2.6,2.1,2.1,2.2,2.4,2.5,2.6,2.8
2026-06-21T22:00:00Z,ok,,4.1,3.9,3.6,3.3,3.4,3.7,4.1,4.7,5.5,6.2,5.9,5.2,4.6,3.9,3.3,2.6,2.1,1.8,1.8,2.0,2.2,2.4,2.3,2.7
2026-06-21T22:30:00Z,ok,,3.3,3.3,3.2,3.2,3.4,4.2,4.9,5.5,5.9,5.7,5.2,4.6,4.2,3.6,3.0,2.6,2.4,2.7,2.9,3.0,3.2,3.3,3.2,3.2
2026-06-21T23:00:00Z,ok,,2.0,2.1,2.3,2.8,3.2,4.1,5.0,5.4,5.2,4.7,4.3,3.8,3.3,2.7,2.4,2.3,2.5,3.0,3.1,3.2,3.3,3.3,3.3,3.2
2026-06-21T23:30:00Z,ok,,2.2,2.4,2.8,3.3,4.0,4.7,5.4,5.5,4.9,4.2,3.8,3.2,2.8,2.4,2.5,2.6,3.2,4.3,4.7,5.0,5.0,5.2,5.3,4.9
2026-06-22T00:00:00Z,ok,,3.7,4.1,4.4,4.9,5.4,5.6,5.5,5.4,5.1,4.7,3.9,3.4,3.1,3.0,3.3,3.7,4.3,4.3,4.1,3.9,3.9,3.8,3.8,3.7
2026-06-22T00:30:00Z,,,0.0,0.0,0.0,0.0,0.0,0.0,0.0,0.0,0.0,0.0,0.0,0.0,0.0,0.0,0.0,0.0,0.0,0.0,0.0,0.0,0.0,0.0,0.0,0.0
2026-06-22T01:00:00Z,,,0.0,0.0,0.0,0.0,0.0,0.0,0.0,0.0,0.0,0.0,0.0,0.0,0.0,0.0,0.0,0.0,0.0,0.0,0.0,0.0,0.0,0.0,0.0,0.0
2026-06-22T01:30:00Z,ok,,6.8,7.0,6.8,6.2,5.8,5.6,4.9,4.3,3.4,3.0,2.8,3.1,3.7,4.3,4.4,4.1,3.6,3.3,3.2,3.4,3.3,3.4,3.4,3.3
2026-06-22T02:00:00Z,ok,,6.4,6.4,6.3,5.8,5.3,4.8,4.0,3.5,2.9,2.9,3.2,3.7,4.1,4.2,4.0,3.3,3.1,3.0,3.1,3.3,3.2,3.2,3.1,3.0
2026-06-22T02:30:00Z,,,0.0,0.0,0.0,0.0,0.0,0.0,0.0,0.0,0.0,0.0,0.0,0.0,0.0,0.0,0.0,0.0,0.0,0.0,0.0,0.0,0.0,0.0,0.0,0.0
2026-06-22T03:00:00Z,,,0.0,0.0,0.0,0.0,0.0,0.0,0.0,0.0,0.0,0.0,0.0,0.0,0.0,0.0,0.0,0.0,0.0,0.0,0.0,0.0,0.0,0.0,0.0,0.0
2026-06-22T03:30:00Z,ok,,5.1,4.8,4.3,3.8,3.2,2.8,2.7,2.9,3.5,4.3,4.5,4.2,3.6,3.0,2.9,2.8,3.1,3.4,3.4,3.4,3.5,3.4,3.4,3.4
2026-06-22T04:00:00Z,,,0.0,0.0,0.0,0.0,0.0,0.0,0.0,0.0,0.0,0.0,0.0,0.0,0.0,0.0,0.0,0.0,0.0,0.0,0.0,0.0,0.0,0.0,0.0,0.0
2026-06-22T04:30:00Z,,,0.0,0.0,0.0,0.0,0.0,0.0,0.0,0.0,0.0,0.0,0.0,0.0,0.0,0.0,0.0,0.0,0.0,0.0,0.0,0.0,0.0,0.0,0.0,0.0
2026-06-22T05:00:00Z,,,0.0,0.0,0.0,0.0,0.0,0.0,0.0,0.0,0.0,0.0,0.0,0.0,0.0,0.0,0.0,0.0,0.0,0.0,0.0,0.0,0.0,0.0,0.0,0.0
2026-06-22T05:30:00Z,ok,,3.4,3.4,3.3,3.4,3.8,4.3,4.6,4.4,3.8,3.2,2.9,2.8,3.1,3.5,3.8,3.6,3.4,3.0,3.1,3.2,3.4,3.5,3.5,3.6
2026-06-22T06:00:00Z,,,0.0,0.0,0.0,0.0,0.0,0.0,0.0,0.0,0.0,0.0,0.0,0.0,0.0,0.0,0.0,0.0,0.0,0.0,0.0,0.0,0.0,0.0,0.0,0.0
2026-06-22T06:30:00Z,,,0.0,0.0,0.0,0.0,0.0,0.0,0.0,0.0,0.0,0.0,0.0,0.0,0.0,0.0,0.0,0.0,0.0,0.0,0.0,0.0,0.0,0.0,0.0,0.0
2026-06-22T07:00:00Z,,,0.0,0.0,0.0,0.0,0.0,0.0,0.0,0.0,0.0,0.0,0.0,0.0,0.0,0.0,0.0,0.0,0.0,0.0,0.0,0.0,0.0,0.0,0.0,0.0
2026-06-22T07:30:00Z,ok,,4.9,4.9,4.8,4.3,3.7,3.3,3.1,3.1,3.2,3.6,3.9,3.8,3.5,3.0,2.9,2.9,3.7,4.7,4.8,4.8,4.6,4.3,4.1,3.8
2026-06-22T08:00:00Z,,,0.0,0.0,0.0,0.0,0.0,0.0,0.0,0.0,0.0,0.0,0.0,0.0,0.0,0.0,0.0,0.0,0.0,0.0,0.0,0.0,0.0,0.0,0.0,0.0
2026-06-22T08:30:00Z,,,0.0,0.0,0.0,0.0,0.0,0.0,0.0,0.0,0.0,0.0,0.0,0.0,0.0,0.0,0.0,0.0,0.0,0.0,0.0,0.0,0.0,0.0,0.0,0.0
2026-06-22T09:00:00Z,,,0.0,0.0,0.0,0.0,0.0,0.0,0.0,0.0,0.0,0.0,0.0,0.0,0.0,0.0,0.0,0.0,0.0,0.0,0.0,0.0,0.0,0.0,0.0,0.0
2026-06-22T09:30:00Z,ok,,4.2,3.8,3.3,3.1,3.4,3.7,4.0,4.0,3.4,3.1,2.9,3.1,3.6,4.4,5.1,5.1,5.4,5.0,5.0,4.9,4.8,4.6,4.5,4.3
2026-06-22T10:00:00Z,,,0.0,0.0,0.0,0.0,0.0,0.0,0.0,0.0,0.0,0.0,0.0,0.0,0.0,0.0,0.0,0.0,0.0,0.0,0.0,0.0,0.0,0.0,0.0,0.0
2026-06-22T10:30:00Z,,,0.0,0.0,0.0,0.0,0.0,0.0,0.0,0.0,0.0,0.0,0.0,0.0,0.0,0.0,0.0,0.0,0.0,0.0,0.0,0.0,0.0,0.0,0.0,0.0
2026-06-22T11:00:00Z,,,0.0,0.0,0.0,0.0,0.0,0.0,0.0,0.0,0.0,0.0,0.0,0.0,0.0,0.0,0.0,0.0,0.0,0.0,0.0,0.0,0.0,0.0,0.0,0.0
2026-06-22T11:30:00Z,ok,,4.4,4.9,4.9,4.5,4.1,3.5,3.1,3.3,4.0,4.9,5.3,5.6,5.6,5.5,5.0,4.4,3.8,3.7,3.7,4.1,4.1,4.2,4.4,4.2
2026-06-22T12:00:00Z,,,0.0,0.0,0.0,0.0,0.0,0.0,0.0,0.0,0.0,0.0,0.0,0.0,0.0,0.0,0.0,0.0,0.0,0.0,0.0,0.0,0.0,0.0,0.0,0.0
2026-06-22T12:30:00Z,,,0.0,0.0,0.0,0.0,0.0,0.0,0.0,0.0,0.0,0.0,0.0,0.0,0.0,0.0,0.0,0.0,0.0,0.0,0.0,0.0,0.0,0.0,0.0,0.0
2026-06-22T13:00:00Z,,,0.0,0.0,0.0,0.0,0.0,0.0,0.0,0.0,0.0,0.0,0.0,0.0,0.0,0.0,0.0,0.0,0.0,0.0,0.0,0.0,0.0,0.0,0.0,0.0
2026-06-22T13:30:00Z,ok,,3.0,3.0,3.0,3.2,3.7,4.4,5.2,5.8,5.9,5.6,4.9,4.3,4.0,3.9,4.2,4.5,4.5,4.2,3.9,3.8,3.9,3.7,3.8,3.9
2026-06-22T14:00:00Z,,,0.0,0.0,0.0,0.0,0.0,0.0,0.0,0.0,0.0,0.0,0.0,0.0,0.0,0.0,0.0,0.0,0.0,0.0,0.0,0.0,0.0,0.0,0.0,0.0
2026-06-22T14:30:00Z,,,0.0,0.0,0.0,0.0,0.0,0.0,0.0,0.0,0.0,0.0,0.0,0.0,0.0,0.0,0.0,0.0,0.0,0.0,0.0,0.0,0.0,0.0,0.0,0.0
2026-06-22T15:00:00Z,,,0.0,0.0,0.0,0.0,0.0,0.0,0.0,0.0,0.0,0.0,0.0,0.0,0.0,0.0,0.0,0.0,0.0,0.0,0.0,0.0,0.0,0.0,0.0,0.0
2026-06-22T15:30:00Z,ok,,5.4,5.7,6.0,6.0,6.1,5.9,5.5,5.0,4.3,4.2,4.3,4.5,4.6,4.3,4.2,3.8,3.6,3.4,3.3,3.5,3.4,3.4,3.6,3.5
2026-06-22T16:00:00Z,,,0.0,0.0,0.0,0.0,0.0,0.0,0.0,0.0,0.0,0.0,0.0,0.0,0.0,0.0,0.0,0.0,0.0,0.0,0.0,0.0,0.0,0.0,0.0,0.0
2026-06-22T16:30:00Z,,,0.0,0.0,0.0,0.0,0.0,0.0,0.0,0.0,0.0,0.0,0.0,0.0,0.0,0.0,0.0,0.0,0.0,0.0,0.0,0.0,0.0,0.0,0.0,0.0
2026-06-22T17:00:00Z,ok,,6.1,6.0,5.5,4.8,4.4,4.0,3.8,4.1,4.4,4.6,4.2,3.9,3.8,3.7,3.9,4.1,4.4,4.7,4.4,4.2,4.1,4.0,4.0,3.8
2026-06-22T17:30:00Z,,,0.0,0.0,0.0,0.0,0.0,0.0,0.0,0.0,0.0,0.0,0.0,0.0,0.0,0.0,0.0,0.0,0.0,0.0,0.0,0.0,0.0,0.0,0.0,0.0
2026-06-22T18:00:00Z,,,0.0,0.0,0.0,0.0,0.0,0.0,0.0,0.0,0.0,0.0,0.0,0.0,0.0,0.0,0.0,0.0,0.0,0.0,0.0,0.0,0.0,0.0,0.0,0.0
2026-06-22T18:30:00Z,ok,,4.9,4.5,4.0,3.6,3.8,4.0,4.2,4.3,4.2,4.0,3.6,3.6,4.0,4.6,5.3,5.6,5.6,5.0,4.5,4.3,4.3,4.2,4.1,4.1
2026-06-22T19:00:00Z,,,0.0,0.0,0.0,0.0,0.0,0.0,0.0,0.0,0.0,0.0,0.0,0.0,0.0,0.0,0.0,0.0,0.0,0.0,0.0,0.0,0.0,0.0,0.0,0.0
2026-06-22T19:30:00Z,ok,,5.7,5.6,5.3,5.0,5.1,4.8,4.5,4.5,4.3,4.4,4.4,5.0,5.6,6.2,6.7,6.9,7.1,7.0,6.7,6.7,6.6,6.2,6.2,5.9
2026-06-22T20:00:00Z,,,0.0,0.0,0.0,0.0,0.0,0.0,0.0,0.0,0.0,0.0,0.0,0.0,0.0,0.0,0.0,0.0,0.0,0.0,0.0,0.0,0.0,0.0,0.0,0.0
2026-06-22T20:30:00Z,ok,,7.9,7.1,6.4,5.6,5.4,5.4,5.1,5.3,5.7,6.1,6.3,6.7,7.1,7.1,7.3,7.4,8.0,7.6,7.3,6.6,6.1,5.7,5.6,5.5
2026-06-22T21:00:00Z,,,0.0,0.0,0.0,0.0,0.0,0.0,0.0,0.0,0.0,0.0,0.0,0.0,0.0,0.0,0.0,0.0,0.0,0.0,0.0,0.0,0.0,0.0,0.0,0.0
2026-06-22T21:30:00Z,ok,,7.6,7.1,6.6,5.6,5.4,5.3,5.5,6.0,7.0,7.2,6.9,6.8,7.1,7.6,8.1,7.9,7.0,6.0,5.3,4.9,4.9,5.0,4.9,5.0
2026-06-22T22:00:00Z,ok,,7.2,6.9,6.4,5.6,5.5,5.8,6.2,6.8,7.2,7.7,7.5,7.4,8.0,8.3,8.0,7.2,6.1,5.2,4.9,4.7,4.8,4.8,4.7,4.8
2026-06-22T22:30:00Z,,,0.0,0.0,0.0,0.0,0.0,0.0,0.0,0.0,0.0,0.0,0.0,0.0,0.0,0.0,0.0,0.0,0.0,0.0,0.0,0.0,0.0,0.0,0.0,0.0
2026-06-22T23:00:00Z,ok,,5.4,5.4,5.4,5.4,5.9,6.6,6.8,7.1,7.0,7.2,7.2,7.7,7.7,6.9,5.9,5.0,5.2,6.1,6.6,6.6,6.7,6.3,6.3,5.8
2026-06-22T23:30:00Z,failed,,0.0,0.0,0.0,0.0,0.0,0.0,0.0,0.0,0.0,0.0,0.0,0.0,0.0,0.0,0.0,0.0,0.0,0.0,0.0,0.0,0.0,0.0,0.0,0.0
2026-06-23T00:00:00Z,failed,,0.0,0.0,0.0,0.0,0.0,0.0,0.0,0.0,0.0,0.0,0.0,0.0,0.0,0.0,0.0,0.0,0.0,0.0,0.0,0.0,0.0,0.0,0.0,0.0
2026-06-23T00:30:00Z,,,0.0,0.0,0.0,0.0,0.0,0.0,0.0,0.0,0.0,0.0,0.0,0.0,0.0,0.0,0.0,0.0,0.0,0.0,0.0,0.0,0.0,0.0,0.0,0.0
2026-06-23T01:00:00Z,ok,,7.1,7.5,7.6,7.8,7.9,8.5,8.4,8.5,8.1,7.2,5.6,4.8,4.8,5.0,5.0,4.2,3.2,2.4,2.2,2.2,2.4,2.7,2.5,2.7
2026-06-23T01:30:00Z,,,0.0,0.0,0.0,0.0,0.0,0.0,0.0,0.0,0.0,0.0,0.0,0.0,0.0,0.0,0.0,0.0,0.0,0.0,0.0,0.0,0.0,0.0,0.0,0.0
2026-06-23T02:00:00Z,ok,,4.1,4.5,4.8,5.5,6.0,6.6,6.5,5.6,4.3,3.9,3.9,4.0,3.8,3.0,2.2,1.4,1.0,0.8,0.9,1.1,1.3,1.4,1.4,1.5
2026-06-23T02:30:00Z,,,0.0,0.0,0.0,0.0,0.0,0.0,0.0,0.0,0.0,0.0,0.0,0.0,0.0,0.0,0.0,0.0,0.0,0.0,0.0,0.0,0.0,0.0,0.0,0.0
2026-06-23T03:00:00Z,ok,,5.8,6.4,7.3,7.5,7.0,6.1,4.7,4.5,4.7,4.7,4.6,3.8,2.8,2.0,1.5,1.3,1.1,1.1,1.2,1.4,1.7,1.9,1.9,2.0
2026-06-23T03:30:00Z,,,0.0,0.0,0.0,0.0,0.0,0.0,0.0,0.0,0.0,0.0,0.0,0.0,0.0,0.0,0.0,0.0,0.0,0.0,0.0,0.0,0.0,0.0,0.0,0.0
2026-06-23T04:00:00Z,,,0.0,0.0,0.0,0.0,0.0,0.0,0.0,0.0,0.0,0.0,0.0,0.0,0.0,0.0,0.0,0.0,0.0,0.0,0.0,0.0,0.0,0.0,0.0,0.0
2026-06-23T04:30:00Z,ok,,8.0,7.1,5.9,5.0,4.4,4.4,4.5,4.3,3.6,2.8,2.1,1.7,1.6,1.8,2.0,2.3,2.2,1.9,1.9,2.0,2.1,2.2,2.3,2.6
2026-06-23T05:00:00Z,,,0.0,0.0,0.0,0.0,0.0,0.0,0.0,0.0,0.0,0.0,0.0,0.0,0.0,0.0,0.0,0.0,0.0,0.0,0.0,0.0,0.0,0.0,0.0,0.0
2026-06-23T05:30:00Z,,,0.0,0.0,0.0,0.0,0.0,0.0,0.0,0.0,0.0,0.0,0.0,0.0,0.0,0.0,0.0,0.0,0.0,0.0,0.0,0.0,0.0,0.0,0.0,0.0
2026-06-23T06:00:00Z,ok,,4.4,4.3,4.2,4.3,4.0,3.7,3.0,2.2,1.7,1.5,1.8,2.4,2.7,2.5,2.0,1.5,1.5,2.0,2.6,3.2,3.3,3.6,3.5,3.5
2026-06-23T06:30:00Z,,,0.0,0.0,0.0,0.0,0.0,0.0,0.0,0.0,0.0,0.0,0.0,0.0,0.0,0.0,0.0,0.0,0.0,0.0,0.0,0.0,0.0,0.0,0.0,0.0
2026-06-23T07:00:00Z,,,0.0,0.0,0.0,0.0,0.0,0.0,0.0,0.0,0.0,0.0,0.0,0.0,0.0,0.0,0.0,0.0,0.0,0.0,0.0,0.0,0.0,0.0,0.0,0.0
2026-06-23T07:30:00Z,ok,,2.9,2.8,2.5,2.2,1.6,1.1,0.9,1.1,1.6,2.0,2.2,1.7,1.3,1.0,1.1,1.3,1.5,1.7,1.6,1.6,1.8,1.8,1.9,1.9
2026-06-23T08:00:00Z,,,0.0,0.0,0.0,0.0,0.0,0.0,0.0,0.0,0.0,0.0,0.0,0.0,0.0,0.0,0.0,0.0,0.0,0.0,0.0,0.0,0.0,0.0,0.0,0.0
2026-06-23T08:30:00Z,ok,,4.0,3.1,2.2,1.7,1.7,1.9,2.4,2.7,2.7,2.4,2.0,1.9,2.1,2.7,3.5,4.1,4.3,3.9,3.6,3.3,3.5,3.4,3.3,3.6
2026-06-23T09:00:00Z,,,0.0,0.0,0.0,0.0,0.0,0.0,0.0,0.0,0.0,0.0,0.0,0.0,0.0,0.0,0.0,0.0,0.0,0.0,0.0,0.0,0.0,0.0,0.0,0.0
2026-06-23T09:30:00Z,,,0.0,0.0,0.0,0.0,0.0,0.0,0.0,0.0,0.0,0.0,0.0,0.0,0.0,0.0,0.0,0.0,0.0,0.0,0.0,0.0,0.0,0.0,0.0,0.0
2026-06-23T10:00:00Z,ok,,2.7,2.7,2.7,2.7,3.1,2.9,2.4,2.1,2.0,2.2,2.7,3.4,4.2,4.4,4.3,3.7,3.5,3.5,3.6,3.8,3.8,3.9,3.8,3.9
2026-06-23T10:30:00Z,,,0.0,0.0,0.0,0.0,0.0,0.0,0.0,0.0,0.0,0.0,0.0,0.0,0.0,0.0,0.0,0.0,0.0,0.0,0.0,0.0,0.0,0.0,0.0,0.0
2026-06-23T11:00:00Z,ok,,4.1,4.3,4.2,3.8,3.2,2.6,2.3,2.5,3.3,4.1,4.9,4.8,4.5,4.0,3.8,3.6,3.6,3.6,3.5,3.6,3.6,3.7,3.7,3.8
2026-06-23T11:30:00Z,,,0.0,0.0,0.0,0.0,0.0,0.0,0.0,0.0,0.0,0.0,0.0,0.0,0.0,0.0,0.0,0.0,0.0,0.0,0.0,0.0,0.0,0.0,0.0,0.0
2026-06-23T12:00:00Z,ok,,4.8,4.0,3.2,2.5,2.3,2.6,3.0,3.8,4.7,5.0,4.4,4.3,4.3,4.5,4.3,4.4,5.3,6.6,7.7,8.5,8.3,8.0,8.1,7.6
2026-06-23T12:30:00Z,,,0.0,0.0,0.0,0.0,0.0,0.0,0.0,0.0,0.0,0.0,0.0,0.0,0.0,0.0,0.0,0.0,0.0,0.0,0.0,0.0,0.0,0.0,0.0,0.0
2026-06-23T13:00:00Z,ok,,3.0,2.7,2.6,2.7,3.3,3.9,4.5,4.8,4.6,4.5,4.3,4.3,4.4,4.7,5.6,6.6,8.1,8.5,8.4,8.0,7.5,7.2,7.1,7.0
2026-06-23T13:30:00Z,,,0.0,0.0,0.0,0.0,0.0,0.0,0.0,0.0,0.0,0.0,0.0,0.0,0.0,0.0,0.0,0.0,0.0,0.0,0.0,0.0,0.0,0.0,0.0,0.0
2026-06-23T14:00:00Z,ok,,2.9,3.1,3.6,4.0,4.7,5.0,4.8,4.9,4.6,4.6,4.4,4.4,5.4,6.4,8.1,9.5,10.1,10.6,11.0,11.2,11.9,12.8,12.5,12.9
2026-06-23T14:30:00Z,,,0.0,0.0,0.0,0.0,0.0,0.0,0.0,0.0,0.0,0.0,0.0,0.0,0.0,0.0,0.0,0.0,0.0,0.0,0.0,0.0,0.0,0.0,0.0,0.0
2026-06-23T15:00:00Z,ok,,5.9,6.1,5.9,6.1,6.1,5.4,5.0,5.1,5.2,5.4,5.6,6.4,8.2,9.7,10.8,10.9,12.3,15.8,19.8,21.4,23.0,23.0,22.5,20.8
2026-06-23T15:30:00Z,,,0.0,0.0,0.0,0.0,0.0,0.0,0.0,0.0,0.0,0.0,0.0,0.0,0.0,0.0,0.0,0.0,0.0,0.0,0.0,0.0,0.0,0.0,0.0,0.0
2026-06-23T16:00:00Z,ok,,5.5,5.5,5.1,5.1,4.6,4.6,4.6,5.0,5.7,7.0,7.7,8.8,9.5,10.5,12.0,14.1,16.9,19.7,20.8,20.6,20.0,19.4,19.0,18.5
2026-06-23T16:30:00Z,,,0.0,0.0,0.0,0.0,0.0,0.0,0.0,0.0,0.0,0.0,0.0,0.0,0.0,0.0,0.0,0.0,0.0,0.0,0.0,0.0,0.0,0.0,0.0,0.0
2026-06-23T17:00:00Z,ok,,5.1,4.9,4.5,4.4,4.4,4.8,6.2,7.6,8.8,9.3,9.4,9.6,10.6,12.9,15.4,16.9,16.2,14.4,11.7,10.9,11.1,11.1,10.9,11.3
2026-06-23T17:30:00Z,ok,,6.1,5.9,5.5,5.4,5.7,6.3,8.1,9.7,10.6,10.8,10.9,11.5,13.1,15.7,17.7,16.7,14.6,12.4,10.7,10.0,10.6,10.9,10.4,11.1
2026-06-23T18:00:00Z,ok,,7.3,6.8,6.7,6.5,7.5,8.7,10.4,11.7,12.4,12.7,13.4,15.0,16.5,18.1,17.7,16.0,14.4,12.9,12.3,11.6,11.6,11.7,11.4,11.6
2026-06-23T18:30:00Z,,,0.0,0.0,0.0,0.0,0.0,0.0,0.0,0.0,0.0,0.0,0.0,0.0,0.0,0.0,0.0,0.0,0.0,0.0,0.0,0.0,0.0,0.0,0.0,0.0
2026-06-23T19:00:00Z,ok,,7.0,7.3,7.8,9.0,10.6,11.8,12.7,12.4,14.3,15.7,19.0,20.0,18.6,16.5,15.0,13.6,12.1,10.1,8.4,7.8,7.7,8.1,8.2,7.8
2026-06-23T19:30:00Z,,,0.0,0.0,0.0,0.0,0.0,0.0,0.0,0.0,0.0,0.0,0.0,0.0,0.0,0.0,0.0,0.0,0.0,0.0,0.0,0.0,0.0,0.0,0.0,0.0
2026-06-23T20:00:00Z,ok,,7.7,8.9,9.6,10.8,11.7,11.3,12.7,14.9,17.9,18.8,17.8,15.7,13.7,12.8,11.7,9.6,7.1,5.2,4.6,4.9,5.9,6.6,6.7,6.9
2026-06-23T20:30:00Z,ok,,11.1,12.0,12.0,11.7,12.4,13.5,15.4,17.7,19.5,19.2,16.5,15.2,13.5,12.1,9.9,7.7,5.8,4.4,4.6,5.1,6.1,7.1,7.2,7.7
2026-06-23T21:00:00Z,,,0.0,0.0,0.0,0.0,0.0,0.0,0.0,0.0,0.0,0.0,0.0,0.0,0.0,0.0,0.0,0.0,0.0,0.0,0.0,0.0,0.0,0.0,0.0,0.0
2026-06-23T21:30:00Z,ok,,8.9,9.1,10.4,11.7,13.6,16.8,18.1,16.7,14.6,12.9,12.1,11.4,9.4,6.8,5.0,4.0,3.3,3.0,3.3,4.0,4.5,4.8,5.5,5.7
2026-06-23T22:00:00Z,ok,,10.3,10.8,12.7,13.5,14.8,16.5,15.5,14.1,13.2,11.9,10.4,8.7,6.8,5.0,3.8,3.3,2.9,2.7,3.0,3.8,4.4,4.7,5.4,5.7
2026-06-23T22:30:00Z,ok,,10.7,12.1,14.9,15.0,16.0,16.1,13.3,12.6,12.1,10.5,8.3,6.1,4.7,3.8,3.3,3.3,3.3,3.6,4.4,5.5,6.1,7.0,7.3,7.6
2026-06-23T23:00:00Z,ok,,11.6,13.6,16.1,15.8,16.0,15.2,12.3,11.2,10.0,8.1,6.2,4.3,3.4,3.0,3.0,3.2,3.5,4.0,4.9,5.9,6.1,7.1,7.0,7.3
2026-06-23T23:30:00Z,ok,,13.2,14.7,15.9,15.0,14.2,13.8,11.5,9.8,7.8,5.8,4.5,3.5,3.1,3.0,3.2,3.4,3.4,3.8,4.8,5.6,5.8,7.0,7.0,7.0
2026-06-24T00:00:00Z,ok,,10.2,10.9,11.2,10.9,10.7,10.5,9.1,6.9,5.0,3.7,3.1,2.6,2.6,3.0,3.6,4.3,5.2,7.4,10.0,11.3,11.8,13.7,12.1,12.1
2026-06-24T00:30:00Z,,,0.0,0.0,0.0,0.0,0.0,0.0,0.0,0.0,0.0,0.0,0.0,0.0,0.0,0.0,0.0,0.0,0.0,0.0,0.0,0.0,0.0,0.0,0.0,0.0
2026-06-24T01:00:00Z,ok,,10.0,11.0,10.5,10.3,8.4,6.9,5.2,4.0,3.4,3.2,3.1,3.3,3.6,4.4,5.1,5.8,6.2,6.9,7.9,8.0,8.9,9.6,9.0,9.4
2026-06-24T01:30:00Z,ok,,11.3,12.1,10.9,9.9,7.4,5.6,4.2,3.5,3.2,3.3,3.5,3.9,4.3,5.1,6.0,6.7,7.1,7.6,8.4,8.3,9.0,9.7,9.2,9.6
2026-06-24T02:00:00Z,,,0.0,0.0,0.0,0.0,0.0,0.0,0.0,0.0,0.0,0.0,0.0,0.0,0.0,0.0,0.0,0.0,0.0,0.0,0.0,0.0,0.0,0.0,0.0,0.0
2026-06-24T02:30:00Z,,,0.0,0.0,0.0,0.0,0.0,0.0,0.0,0.0,0.0,0.0,0.0,0.0,0.0,0.0,0.0,0.0,0.0,0.0,0.0,0.0,0.0,0.0,0.0,0.0
2026-06-24T03:00:00Z,ok,,9.6,8.2,6.2,4.4,3.3,2.8,2.6,2.9,3.5,4.4,4.7,5.5,6.0,7.0,6.8,6.4,6.1,5.7,6.2,7.0,7.5,8.3,8.7,9.2
2026-06-24T03:30:00Z,,,0.0,0.0,0.0,0.0,0.0,0.0,0.0,0.0,0.0,0.0,0.0,0.0,0.0,0.0,0.0,0.0,0.0,0.0,0.0,0.0,0.0,0.0,0.0,0.0
2026-06-24T04:00:00Z,,,0.0,0.0,0.0,0.0,0.0,0.0,0.0,0.0,0.0,0.0,0.0,0.0,0.0,0.0,0.0,0.0,0.0,0.0,0.0,0.0,0.0,0.0,0.0,0.0
2026-06-24T04:30:00Z,ok,,3.5,3.3,3.0,3.1,3.2,3.8,4.5,5.4,6.4,6.2,6.3,6.2,6.3,6.8,7.4,8.7,10.6,13.8,17.0,17.8,19.8,19.8,20.2,20.0
2026-06-24T05:00:00Z,,,0.0,0.0,0.0,0.0,0.0,0.0,0.0,0.0,0.0,0.0,0.0,0.0,0.0,0.0,0.0,0.0,0.0,0.0,0.0,0.0,0.0,0.0,0.0,0.0
2026-06-24T05:30:00Z,,,0.0,0.0,0.0,0.0,0.0,0.0,0.0,0.0,0.0,0.0,0.0,0.0,0.0,0.0,0.0,0.0,0.0,0.0,0.0,0.0,0.0,0.0,0.0,0.0
2026-06-24T06:00:00Z,ok,,5.1,5.3,5.4,5.6,5.8,6.5,7.7,8.2,8.2,7.6,7.4,7.6,9.1,11.5,16.6,20.5,19.9,16.9,14.7,13.6,15.0,16.1,16.4,17.8
2026-06-24T06:30:00Z,,,0.0,0.0,0.0,0.0,0.0,0.0,0.0,0.0,0.0,0.0,0.0,0.0,0.0,0.0,0.0,0.0,0.0,0.0,0.0,0.0,0.0,0.0,0.0,0.0
2026-06-24T07:00:00Z,,,0.0,0.0,0.0,0.0,0.0,0.0,0.0,0.0,0.0,0.0,0.0,0.0,0.0,0.0,0.0,0.0,0.0,0.0,0.0,0.0,0.0,0.0,0.0,0.0
2026-06-24T07:30:00Z,ok,,7.1,7.2,7.9,8.7,9.4,9.3,9.2,9.2,9.6,9.9,11.1,14.6,18.1,19.2,17.0,13.1,13.0,18.7,26.3,31.3,37.7,38.3,37.8,35.9
2026-06-24T08:00:00Z,,,0.0,0.0,0.0,0.0,0.0,0.0,0.0,0.0,0.0,0.0,0.0,0.0,0.0,0.0,0.0,0.0,0.0,0.0,0.0,0.0,0.0,0.0,0.0,0.0
2026-06-24T08:30:00Z,ok,,5.8,6.5,7.2,7.8,7.6,7.7,7.7,8.8,12.2,15.9,19.0,18.4,14.8,12.4,13.0,14.5,16.9,17.0,15.2,15.4,16.8,16.8,17.6,17.5
2026-06-24T09:00:00Z,,,0.0,0.0,0.0,0.0,0.0,0.0,0.0,0.0,0.0,0.0,0.0,0.0,0.0,0.0,0.0,0.0,0.0,0.0,0.0,0.0,0.0,0.0,0.0,0.0
2026-06-24T09:30:00Z,ok,,11.8,10.9,9.8,8.6,9.3,10.5,14.1,18.7,21.0,19.4,14.5,12.3,12.2,14.1,16.4,16.1,15.9,14.7,15.3,15.5,17.5,17.7,17.8,17.9
2026-06-24T10:00:00Z,,,0.0,0.0,0.0,0.0,0.0,0.0,0.0,0.0,0.0,0.0,0.0,0.0,0.0,0.0,0.0,0.0,0.0,0.0,0.0,0.0,0.0,0.0,0.0,0.0
2026-06-24T10:30:00Z,,,0.0,0.0,0.0,0.0,0.0,0.0,0.0,0.0,0.0,0.0,0.0,0.0,0.0,0.0,0.0,0.0,0.0,0.0,0.0,0.0,0.0,0.0,0.0,0.0
2026-06-24T11:00:00Z,ok,,5.9,7.3,9.3,12.2,15.6,19.1,18.3,14.2,12.3,12.2,13.8,14.9,14.8,14.5,16.6,18.5,19.2,18.0,16.3,15.0,14.8,15.9,16.8,16.8
2026-06-24T11:30:00Z,,,0.0,0.0,0.0,0.0,0.0,0.0,0.0,0.0,0.0,0.0,0.0,0.0,0.0,0.0,0.0,0.0,0.0,0.0,0.0,0.0,0.0,0.0,0.0,0.0
2026-06-24T12:00:00Z,ok,,13.9,16.1,19.9,21.9,21.9,15.6,14.2,14.8,16.4,19.1,19.2,17.1,17.9,19.8,22.3,21.9,20.1,16.3,13.9,14.9,17.2,17.8,19.0,19.3
2026-06-24T12:30:00Z,,,0.0,0.0,0.0,0.0,0.0,0.0,0.0,0.0,0.0,0.0,0.0,0.0,0.0,0.0,0.0,0.0,0.0,0.0,0.0,0.0,0.0,0.0,0.0,0.0
2026-06-24T13:00:00Z,ok,,18.7,19.2,16.8,14.9,13.5,12.9,14.7,15.6,15.8,15.7,15.6,18.3,19.8,20.5,18.5,15.2,13.2,13.3,15.4,16.4,18.3,19.1,19.8,19.4
2026-06-24T13:30:00Z,ok,,15.5,14.3,12.2,10.7,10.6,12.0,14.0,13.6,14.4,15.2,17.0,19.7,18.6,16.2,14.3,12.1,12.3,14.2,16.6,17.3,19.1,19.6,19.8,19.7
2026-06-24T14:00:00Z,,,0.0,0.0,0.0,0.0,0.0,0.0,0.0,0.0,0.0,0.0,0.0,0.0,0.0,0.0,0.0,0.0,0.0,0.0,0.0,0.0,0.0,0.0,0.0,0.0
2026-06-24T14:30:00Z,ok,,9.1,9.1,10.5,12.1,13.6,12.5,13.2,15.4,18.4,19.0,17.7,14.7,13.3,13.3,14.0,14.5,14.8,15.2,19.0,20.7,24.6,25.7,26.1,26.8
2026-06-24T15:00:00Z,,,0.0,0.0,0.0,0.0,0.0,0.0,0.0,0.0,0.0,0.0,0.0,0.0,0.0,0.0,0.0,0.0,0.0,0.0,0.0,0.0,0.0,0.0,0.0,0.0
2026-06-24T15:30:00Z,ok,,11.9,12.1,12.2,12.7,14.0,14.9,17.2,19.1,19.6,17.2,13.9,13.0,13.3,14.7,15.8,14.5,13.7,13.8,17.8,19.2,22.8,24.9,25.0,25.4
2026-06-24T16:00:00Z,,,0.0,0.0,0.0,0.0,0.0,0.0,0.0,0.0,0.0,0.0,0.0,0.0,0.0,0.0,0.0,0.0,0.0,0.0,0.0,0.0,0.0,0.0,0.0,0.0
2026-06-24T16:30:00Z,ok,,15.2,16.1,16.8,17.7,18.3,17.8,18.0,15.8,15.1,13.9,13.4,13.7,14.9,15.9,18.1,18.0,17.2,16.8,16.9,17.8,19.1,21.0,22.3,22.1
2026-06-24T17:00:00Z,ok,,10.4,11.8,13.9,16.4,17.0,15.2,14.6,13.0,12.8,12.9,13.2,13.5,14.7,16.0,18.9,20.0,20.0,21.1,23.5,24.5,28.4,30.2,30.7,32.7
2026-06-24T17:30:00Z,,,0.0,0.0,0.0,0.0,0.0,0.0,0.0,0.0,0.0,0.0,0.0,0.0,0.0,0.0,0.0,0.0,0.0,0.0,0.0,0.0,0.0,0.0,0.0,0.0
2026-06-24T18:00:00Z,ok,,13.8,15.1,15.9,16.4,15.5,13.3,13.1,13.5,14.3,14.5,14.3,15.3,17.1,19.7,22.9,22.7,23.2,25.2,30.1,31.9,37.2,39.6,40.1,40.5
2026-06-24T18:30:00Z,ok,,14.5,14.7,14.3,13.8,13.0,11.6,12.2,12.9,13.9,14.1,14.2,15.9,18.2,20.9,23.8,22.8,23.1,25.7,30.7,32.7,37.4,39.7,40.8,39.9
2026-06-24T19:00:00Z,ok,,15.1,14.9,13.7,12.6,12.0,11.2,12.7,12.9,14.0,14.5,15.0,17.2,19.1,21.4,24.9,24.5,25.3,27.4,30.2,31.4,34.8,36.5,38.5,37.4
2026-06-24T19:30:00Z,,,0.0,0.0,0.0,0.0,0.0,0.0,0.0,0.0,0.0,0.0,0.0,0.0,0.0,0.0,0.0,0.0,0.0,0.0,0.0,0.0,0.0,0.0,0.0,0.0
2026-06-24T20:00:00Z,ok,,12.8,12.7,12.9,13.1,13.7,12.8,14.3,15.3,16.6,17.6,17.6,18.9,20.8,23.4,26.9,27.4,30.9,37.7,46.0,49.0,54.4,54.0,54.8,53.6
2026-06-24T20:30:00Z,ok,,13.8,12.2,12.1,11.6,12.5,13.7,14.0,14.5,15.2,16.5,18.6,19.3,18.5,20.5,24.6,34.7,55.4,76.8,79.8,75.1,63.2,52.3,50.5,46.9
2026-06-24T21:00:00Z,failed,,0.0,0.0,0.0,0.0,0.0,0.0,0.0,0.0,0.0,0.0,0.0,0.0,0.0,0.0,0.0,0.0,0.0,0.0,0.0,0.0,0.0,0.0,0.0,0.0
2026-06-24T21:30:00Z,ok,,13.1,12.0,12.5,12.4,13.0,16.1,17.8,17.3,18.6,18.4,21.4,22.8,24.7,33.2,55.9,87.9,114.3,104.6,72.2,58.2,49.2,46.4,46.4,44.1
2026-06-24T22:00:00Z,,,0.0,0.0,0.0,0.0,0.0,0.0,0.0,0.0,0.0,0.0,0.0,0.0,0.0,0.0,0.0,0.0,0.0,0.0,0.0,0.0,0.0,0.0,0.0,0.0
2026-06-24T22:30:00Z,ok,,16.4,15.0,15.5,16.4,17.3,22.2,23.7,24.6,25.0,25.4,32.7,42.5,54.2,74.2,95.1,109.8,112.6,96.6,73.0,60.9,53.2,49.0,50.5,46.9
2026-06-24T23:00:00Z,,,0.0,0.0,0.0,0.0,0.0,0.0,0.0,0.0,0.0,0.0,0.0,0.0,0.0,0.0,0.0,0.0,0.0,0.0,0.0,0.0,0.0,0.0,0.0,0.0
2026-06-24T23:30:00Z,ok,,17.9,17.6,18.9,19.7,20.1,27.4,27.6,29.9,36.1,44.0,66.4,93.0,98.2,99.2,99.3,105.1,110.3,110.0,84.9,73.1,57.1,54.7,54.1,49.0
2026-06-25T00:00:00Z,,,0.0,0.0,0.0,0.0,0.0,0.0,0.0,0.0,0.0,0.0,0.0,0.0,0.0,0.0,0.0,0.0,0.0,0.0,0.0,0.0,0.0,0.0,0.0,0.0
2026-06-25T00:30:00Z,,,0.0,0.0,0.0,0.0,0.0,0.0,0.0,0.0,0.0,0.0,0.0,0.0,0.0,0.0,0.0,0.0,0.0,0.0,0.0,0.0,0.0,0.0,0.0,0.0
2026-06-25T01:00:00Z,failed,,0.0,0.0,0.0,0.0,0.0,0.0,0.0,0.0,0.0,0.0,0.0,0.0,0.0,0.0,0.0,0.0,0.0,0.0,0.0,0.0,0.0,0.0,0.0,0.0
2026-06-25T01:30:00Z,ok,,19.2,19.1,20.4,25.0,31.5,46.1,63.1,80.8,91.7,90.4,91.8,93.5,83.2,77.1,73.3,69.1,67.5,63.0,50.6,39.8,33.5,32.0,29.6,27.6
2026-06-25T02:00:00Z,,,0.0,0.0,0.0,0.0,0.0,0.0,0.0,0.0,0.0,0.0,0.0,0.0,0.0,0.0,0.0,0.0,0.0,0.0,0.0,0.0,0.0,0.0,0.0,0.0
2026-06-25T02:30:00Z,,,0.0,0.0,0.0,0.0,0.0,0.0,0.0,0.0,0.0,0.0,0.0,0.0,0.0,0.0,0.0,0.0,0.0,0.0,0.0,0.0,0.0,0.0,0.0,0.0
2026-06-25T03:00:00Z,ok,,21.4,24.2,33.4,47.0,64.0,77.6,74.4,67.8,66.7,66.9,66.6,64.5,58.7,53.3,45.4,43.7,41.6,35.3,26.7,22.6,19.8,19.2,18.1,17.3
2026-06-25T03:30:00Z,,,0.0,0.0,0.0,0.0,0.0,0.0,0.0,0.0,0.0,0.0,0.0,0.0,0.0,0.0,0.0,0.0,0.0,0.0,0.0,0.0,0.0,0.0,0.0,0.0
2026-06-25T04:00:00Z,,,0.0,0.0,0.0,0.0,0.0,0.0,0.0,0.0,0.0,0.0,0.0,0.0,0.0,0.0,0.0,0.0,0.0,0.0,0.0,0.0,0.0,0.0,0.0,0.0
2026-06-25T04:30:00Z,ok,,46.2,56.2,67.7,74.8,82.1,83.9,72.6,67.3,65.8,65.9,59.5,53.2,45.3,39.4,36.0,33.0,31.1,26.5,21.2,18.8,18.2,18.5,17.3,17.2
2026-06-25T05:00:00Z,,,0.0,0.0,0.0,0.0,0.0,0.0,0.0,0.0,0.0,0.0,0.0,0.0,0.0,0.0,0.0,0.0,0.0,0.0,0.0,0.0,0.0,0.0,0.0,0.0
2026-06-25T05:30:00Z,,,0.0,0.0,0.0,0.0,0.0,0.0,0.0,0.0,0.0,0.0,0.0,0.0,0.0,0.0,0.0,0.0,0.0,0.0,0.0,0.0,0.0,0.0,0.0,0.0
2026-06-25T06:00:00Z,imputed,,47.6,51.2,54.5,55.5,57.2,53.7,50.9,48.2,42.8,40.0,34.5,31.9,28.9,25.8,23.7,21.1,20.1,18.8,17.3,16.2,16.5,16.2,15.5,15.9
2026-06-25T06:30:00Z,,,0.0,0.0,0.0,0.0,0.0,0.0,0.0,0.0,0.0,0.0,0.0,0.0,0.0,0.0,0.0,0.0,0.0,0.0,0.0,0.0,0.0,0.0,0.0,0.0
2026-06-25T07:00:00Z,,,0.0,0.0,0.0,0.0,0.0,0.0,0.0,0.0,0.0,0.0,0.0,0.0,0.0,0.0,0.0,0.0,0.0,0.0,0.0,0.0,0.0,0.0,0.0,0.0
2026-06-25T07:30:00Z,imputed,,43.4,46.0,48.3,46.7,45.1,37.4,33.0,31.9,30.4,29.6,24.4,21.9,20.2,19.2,19.2,17.6,17.4,16.0,16.0,15.6,15.9,16.6,15.6,15.6
2026-06-25T08:00:00Z,,,0.0,0.0,0.0,0.0,0.0,0.0,0.0,0.0,0.0,0.0,0.0,0.0,0.0,0.0,0.0,0.0,0.0,0.0,0.0,0.0,0.0,0.0,0.0,0.0
2026-06-25T08:30:00Z,imputed,,34.5,36.0,37.4,36.3,35.7,31.1,28.3,26.5,24.6,23.7,20.0,18.9,18.1,17.8,18.2,17.6,17.9,16.9,17.1,16.5,16.5,16.9,15.9,15.7
2026-06-25T09:00:00Z,,,0.0,0.0,0.0,0.0,0.0,0.0,0.0,0.0,0.0,0.0,0.0,0.0,0.0,0.0,0.0,0.0,0.0,0.0,0.0,0.0,0.0,0.0,0.0,0.0
2026-06-25T09:30:00Z,imputed,,32.4,33.4,34.0,31.4,29.7,25.5,23.3,22.9,22.7,22.4,20.9,21.0,21.4,21.1,21.3,17.8,15.0,12.1,11.4,10.8,11.1,11.9,11.6,11.2
2026-06-25T10:00:00Z,,,0.0,0.0,0.0,0.0,0.0,0.0,0.0,0.0,0.0,0.0,0.0,0.0,0.0,0.0,0.0,0.0,0.0,0.0,0.0,0.0,0.0,0.0,0.0,0.0
2026-06-25T10:30:00Z,imputed,,27.9,28.3,28.4,26.6,26.4,23.6,22.5,22.1,22.0,23.0,23.1,23.3,22.4,19.1,17.1,13.3,11.6,10.4,10.3,9.8,10.1,10.8,10.2,10.3
2026-06-25T11:00:00Z,,,0.0,0.0,0.0,0.0,0.0,0.0,0.0,0.0,0.0,0.0,0.0,0.0,0.0,0.0,0.0,0.0,0.0,0.0,0.0,0.0,0.0,0.0,0.0,0.0
2026-06-25T11:30:00Z,imputed,,23.9,24.7,25.5,24.6,24.9,21.5,20.8,21.6,23.5,25.5,24.0,21.0,17.7,14.2,13.4,11.8,11.1,10.4,10.2,10.2,10.7,11.7,11.2,11.3
2026-06-25T12:00:00Z,,,0.0,0.0,0.0,0.0,0.0,0.0,0.0,0.0,0.0,0.0,0.0,0.0,0.0,0.0,0.0,0.0,0.0,0.0,0.0,0.0,0.0,0.0,0.0,0.0
2026-06-25T12:30:00Z,imputed,,23.9,24.1,24.9,22.7,23.9,21.7,21.4,22.8,23.9,23.1,17.8,14.4,12.8,12.4,13.4,12.3,11.2,9.1,8.1,8.1,8.3,9.0,8.7,8.7
2026-06-25T13:00:00Z,imputed,,23.0,22.8,23.2,22.4,23.6,22.4,22.6,22.4,20.5,19.1,15.2,13.8,13.0,13.0,13.4,13.5,14.6,15.5,17.2,17.5,16.6,16.8,16.0,15.7
2026-06-25T13:30:00Z,,,0.0,0.0,0.0,0.0,0.0,0.0,0.0,0.0,0.0,0.0,0.0,0.0,0.0,0.0,0.0,0.0,0.0,0.0,0.0,0.0,0.0,0.0,0.0,0.0
2026-06-25T14:00:00Z,imputed,,22.0,23.3,24.7,24.6,24.9,23.2,21.1,17.6,15.6,14.9,13.0,13.0,12.7,12.8,14.9,15.9,17.6,16.6,14.9,13.5,13.4,13.2,12.9,12.7
2026-06-25T14:30:00Z,,,0.0,0.0,0.0,0.0,0.0,0.0,0.0,0.0,0.0,0.0,0.0,0.0,0.0,0.0,0.0,0.0,0.0,0.0,0.0,0.0,0.0,0.0,0.0,0.0
2026-06-25T15:00:00Z,,,0.0,0.0,0.0,0.0,0.0,0.0,0.0,0.0,0.0,0.0,0.0,0.0,0.0,0.0,0.0,0.0,0.0,0.0,0.0,0.0,0.0,0.0,0.0,0.0
2026-06-25T15:30:00Z,imputed,,27.6,27.4,26.6,23.9,21.6,16.6,15.0,15.3,15.3,14.7,15.1,15.7,17.7,19.1,20.5,17.0,12.8,9.3,8.1,7.6,7.9,8.6,8.9,8.4
2026-06-25T16:00:00Z,imputed,,25.9,24.8,23.0,19.6,17.5,15.4,13.9,13.9,13.8,14.9,16.4,18.2,19.2,17.7,16.8,13.8,12.1,10.7,10.8,10.1,10.1,10.9,10.4,10.1
2026-06-25T16:30:00Z,,,0.0,0.0,0.0,0.0,0.0,0.0,0.0,0.0,0.0,0.0,0.0,0.0,0.0,0.0,0.0,0.0,0.0,0.0,0.0,0.0,0.0,0.0,0.0,0.0
2026-06-25T17:00:00Z,imputed,,11.5,11.2,12.6,13.6,15.1,14.8,15.0,16.2,17.3,20.2,21.4,21.4,19.3,16.0,14.1,13.6,14.3,15.1,15.7,15.9,16.0,15.1,15.1,14.7
2026-06-25T17:30:00Z,,,0.0,0.0,0.0,0.0,0.0,0.0,0.0,0.0,0.0,0.0,0.0,0.0,0.0,0.0,0.0,0.0,0.0,0.0,0.0,0.0,0.0,0.0,0.0,0.0
2026-06-25T18:00:00Z,imputed,,12.5,13.3,13.7,14.1,15.0,15.2,16.2,18.3,20.3,21.4,17.5,14.8,13.1,12.6,13.1,13.6,13.4,12.2,11.2,10.8,10.8,10.9,10.6,10.3
2026-06-25T18:30:00Z,imputed,,17.4,16.8,16.7,15.6,16.8,17.6,18.8,20.4,20.0,19.8,15.4,13.8,13.2,13.4,14.1,13.9,14.3,13.3,12.6,12.2,11.3,11.3,11.1,10.9
2026-06-25T19:00:00Z,,,0.0,0.0,0.0,0.0,0.0,0.0,0.0,0.0,0.0,0.0,0.0,0.0,0.0,0.0,0.0,0.0,0.0,0.0,0.0,0.0,0.0,0.0,0.0,0.0
2026-06-25T19:30:00Z,imputed,,16.9,16.7,17.2,17.5,19.7,20.7,20.1,18.0,16.0,14.4,12.5,13.0,13.8,14.1,14.4,13.3,12.4,10.3,8.7,8.1,7.8,7.6,7.9,7.6
2026-06-25T20:00:00Z,ok,,15.8,16.8,18.4,19.5,21.0,20.0,17.9,15.5,13.9,13.8,12.5,13.4,13.9,13.8,14.0,13.4,13.4,12.3,11.3,10.8,10.8,10.6,10.6,10.6
2026-06-25T20:30:00Z,,,0.0,0.0,0.0,0.0,0.0,0.0,0.0,0.0,0.0,0.0,0.0,0.0,0.0,0.0,0.0,0.0,0.0,0.0,0.0,0.0,0.0,0.0,0.0,0.0
2026-06-25T21:00:00Z,ok,,18.3,18.9,20.2,19.5,18.1,15.0,12.9,12.4,12.0,13.8,13.5,14.2,14.5,13.7,13.3,12.5,13.0,12.6,13.1,12.7,12.8,12.9,12.2,12.3
2026-06-25T21:30:00Z,ok,,17.8,18.4,18.1,15.8,14.6,12.6,11.2,11.5,12.2,13.3,12.3,12.7,12.6,12.0,12.7,11.4,10.8,9.5,9.1,8.7,8.6,9.4,9.2,8.8
2026-06-25T22:00:00Z,ok,,18.4,18.1,17.0,14.1,13.2,11.8,11.1,11.9,12.5,13.4,12.3,12.2,12.2,11.8,12.4,11.0,10.0,8.6,8.4,8.1,7.9,8.8,8.5,8.2
2026-06-25T22:30:00Z,ok,,16.7,15.7,14.7,12.2,11.9,11.0,10.6,11.5,12.5,12.9,11.6,11.2,11.3,11.3,11.9,10.4,9.0,6.9,6.5,6.2,6.3,7.0,6.9,6.7
2026-06-25T23:00:00Z,ok,,15.8,14.2,13.4,11.8,11.9,11.5,11.5,12.1,12.1,13.1,12.2,12.1,12.3,11.6,10.7,9.4,9.2,9.0,9.9,10.3,9.9,10.4,9.9,9.9
2026-06-25T23:30:00Z,ok,,11.2,11.1,11.3,10.9,11.8,11.6,11.0,11.1,11.5,12.1,11.3,11.3,10.6,9.5,9.0,8.1,8.1,7.3,6.9,6.9,6.9,7.0,6.9,6.8
2026-06-26T00:00:00Z,,,0.0,0.0,0.0,0.0,0.0,0.0,0.0,0.0,0.0,0.0,0.0,0.0,0.0,0.0,0.0,0.0,0.0,0.0,0.0,0.0,0.0,0.0,0.0,0.0
2026-06-26T00:30:00Z,ok,,11.0,11.4,12.1,12.1,12.6,11.6,10.6,10.7,11.7,11.7,10.8,10.0,9.1,8.6,9.1,8.0,6.8,5.2,4.5,4.7,5.1,5.4,5.5,5.4
2026-06-26T01:00:00Z,ok,,12.1,12.9,13.3,12.4,12.7,11.8,10.9,11.3,11.9,12.1,10.1,9.3,8.9,8.7,8.8,8.0,7.4,6.3,6.1,6.4,6.4,7.0,6.8,6.8
2026-06-26T01:30:00Z,,,0.0,0.0,0.0,0.0,0.0,0.0,0.0,0.0,0.0,0.0,0.0,0.0,0.0,0.0,0.0,0.0,0.0,0.0,0.0,0.0,0.0,0.0,0.0,0.0
2026-06-26T02:00:00Z,ok,,11.4,11.5,11.6,11.0,11.2,11.0,10.6,10.1,9.5,9.5,8.5,8.4,7.9,7.2,6.7,6.2,6.5,6.7,6.9,7.4,7.2,7.4,7.2,7.1
2026-06-26T02:30:00Z,,,0.0,0.0,0.0,0.0,0.0,0.0,0.0,0.0,0.0,0.0,0.0,0.0,0.0,0.0,0.0,0.0,0.0,0.0,0.0,0.0,0.0,0.0,0.0,0.0
2026-06-26T03:00:00Z,,,0.0,0.0,0.0,0.0,0.0,0.0,0.0,0.0,0.0,0.0,0.0,0.0,0.0,0.0,0.0,0.0,0.0,0.0,0.0,0.0,0.0,0.0,0.0,0.0
2026-06-26T03:30:00Z,failed,,0.0,0.0,0.0,0.0,0.0,0.0,0.0,0.0,0.0,0.0,0.0,0.0,0.0,0.0,0.0,0.0,0.0,0.0,0.0,0.0,0.0,0.0,0.0,0.0
2026-06-26T04:00:00Z,,,0.0,0.0,0.0,0.0,0.0,0.0,0.0,0.0,0.0,0.0,0.0,0.0,0.0,0.0,0.0,0.0,0.0,0.0,0.0,0.0,0.0,0.0,0.0,0.0
2026-06-26T04:30:00Z,,,0.0,0.0,0.0,0.0,0.0,0.0,0.0,0.0,0.0,0.0,0.0,0.0,0.0,0.0,0.0,0.0,0.0,0.0,0.0,0.0,0.0,0.0,0.0,0.0
2026-06-26T05:00:00Z,ok,,12.0,10.8,9.8,8.5,8.4,8.2,8.0,7.8,7.8,7.5,7.0,7.6,8.5,9.7,11.9,12.0,11.7,9.5,8.0,7.0,7.1,7.0,6.9,6.7
2026-06-26T05:30:00Z,,,0.0,0.0,0.0,0.0,0.0,0.0,0.0,0.0,0.0,0.0,0.0,0.0,0.0,0.0,0.0,0.0,0.0,0.0,0.0,0.0,0.0,0.0,0.0,0.0
2026-06-26T06:00:00Z,,,0.0,0.0,0.0,0.0,0.0,0.0,0.0,0.0,0.0,0.0,0.0,0.0,0.0,0.0,0.0,0.0,0.0,0.0,0.0,0.0,0.0,0.0,0.0,0.0
2026-06-26T06:30:00Z,ok,,10.0,9.2,8.8,8.0,7.9,8.1,7.7,7.6,8.5,9.4,10.2,11.4,11.8,11.4,11.7,10.9,10.2,9.0,8.3,7.3,6.7,7.1,6.7,6.4
2026-06-26T07:00:00Z,,,0.0,0.0,0.0,0.0,0.0,0.0,0.0,0.0,0.0,0.0,0.0,0.0,0.0,0.0,0.0,0.0,0.0,0.0,0.0,0.0,0.0,0.0,0.0,0.0
2026-06-26T07:30:00Z,,,0.0,0.0,0.0,0.0,0.0,0.0,0.0,0.0,0.0,0.0,0.0,0.0,0.0,0.0,0.0,0.0,0.0,0.0,0.0,0.0,0.0,0.0,0.0,0.0
2026-06-26T08:00:00Z,failed,,0.0,0.0,0.0,0.0,0.0,0.0,0.0,0.0,0.0,0.0,0.0,0.0,0.0,0.0,0.0,0.0,0.0,0.0,0.0,0.0,0.0,0.0,0.0,0.0
2026-06-26T08:30:00Z,,,0.0,0.0,0.0,0.0,0.0,0.0,0.0,0.0,0.0,0.0,0.0,0.0,0.0,0.0,0.0,0.0,0.0,0.0,0.0,0.0,0.0,0.0,0.0,0.0
2026-06-26T09:00:00Z,ok,,7.4,7.4,7.7,8.2,9.1,10.8,11.9,12.3,12.6,12.6,11.6,11.8,12.0,12.9,13.6,13.0,12.3,10.8,9.5,8.4,7.8,7.9,7.4,7.3
2026-06-26T09:30:00Z,,,0.0,0.0,0.0,0.0,0.0,0.0,0.0,0.0,0.0,0.0,0.0,0.0,0.0,0.0,0.0,0.0,0.0,0.0,0.0,0.0,0.0,0.0,0.0,0.0
2026-06-26T10:00:00Z,ok,,7.5,8.3,9.3,10.4,12.1,13.6,12.8,12.3,12.2,12.3,12.2,13.8,14.1,13.3,12.2,10.2,9.5,8.1,7.5,6.7,6.6,6.3,6.0,5.7
2026-06-26T10:30:00Z,,,0.0,0.0,0.0,0.0,0.0,0.0,0.0,0.0,0.0,0.0,0.0,0.0,0.0,0.0,0.0,0.0,0.0,0.0,0.0,0.0,0.0,0.0,0.0,0.0
2026-06-26T11:00:00Z,,,0.0,0.0,0.0,0.0,0.0,0.0,0.0,0.0,0.0,0.0,0.0,0.0,0.0,0.0,0.0,0.0,0.0,0.0,0.0,0.0,0.0,0.0,0.0,0.0
2026-06-26T11:30:00Z,ok,,9.9,10.9,11.7,12.5,13.3,13.4,12.4,12.8,14.6,15.3,14.3,13.5,11.8,10.2,10.0,8.8,8.3,7.0,6.0,5.2,5.5,5.6,5.0,4.8
2026-06-26T12:00:00Z,ok,,11.7,12.3,12.9,12.3,12.5,12.5,12.8,14.1,14.3,15.0,12.9,12.1,11.0,10.1,10.1,9.7,10.2,10.2,10.6,10.1,9.8,9.6,8.9,8.8
2026-06-26T12:30:00Z,,,0.0,0.0,0.0,0.0,0.0,0.0,0.0,0.0,0.0,0.0,0.0,0.0,0.0,0.0,0.0,0.0,0.0,0.0,0.0,0.0,0.0,0.0,0.0,0.0
2026-06-26T13:00:00Z,ok,,13.9,12.9,13.2,12.9,13.8,14.4,14.3,14.0,13.4,12.8,10.8,10.5,10.0,10.3,11.5,11.5,12.4,10.8,9.1,7.8,7.4,7.1,6.8,6.4
2026-06-26T13:30:00Z,ok,,14.1,13.8,14.4,14.1,15.0,15.4,14.7,13.9,13.0,12.3,10.5,10.5,10.6,11.3,13.0,13.0,13.5,11.3,9.8,8.5,8.2,8.0,7.7,7.5
2026-06-26T14:00:00Z,,,0.0,0.0,0.0,0.0,0.0,0.0,0.0,0.0,0.0,0.0,0.0,0.0,0.0,0.0,0.0,0.0,0.0,0.0,0.0,0.0,0.0,0.0,0.0,0.0
2026-06-26T14:30:00Z,,,0.0,0.0,0.0,0.0,0.0,0.0,0.0,0.0,0.0,0.0,0.0,0.0,0.0,0.0,0.0,0.0,0.0,0.0,0.0,0.0,0.0,0.0,0.0,0.0
2026-06-26T15:00:00Z,ok,,13.3,14.0,15.2,15.4,14.9,13.2,11.5,10.8,11.0,12.0,11.8,13.5,13.7,12.9,13.0,11.9,11.7,10.5,10.2,9.2,9.1,9.2,8.6,8.5
2026-06-26T15:30:00Z,ok,,15.4,15.3,15.8,15.3,13.9,12.7,11.5,11.2,11.7,13.3,13.4,14.8,13.8,12.7,13.3,14.3,16.2,15.9,15.6,13.6,12.9,12.4,11.6,11.2
2026-06-26T16:00:00Z,,,0.0,0.0,0.0,0.0,0.0,0.0,0.0,0.0,0.0,0.0,0.0,0.0,0.0,0.0,0.0,0.0,0.0,0.0,0.0,0.0,0.0,0.0,0.0,0.0
2026-06-26T16:30:00Z,ok,,14.5,14.0,13.5,12.0,11.5,10.7,11.1,12.5,14.7,15.6,13.5,12.8,13.1,14.1,17.6,17.5,16.4,13.5,11.0,9.5,9.0,9.7,9.4,8.8
2026-06-26T17:00:00Z,ok,,15.5,13.8,13.0,11.6,11.6,11.8,12.9,14.7,16.1,15.9,13.7,13.6,14.3,15.7,18.5,18.6,17.7,15.2,12.6,10.8,9.9,10.0,9.8,9.2
2026-06-26T17:30:00Z,ok,,13.0,11.8,11.7,11.7,12.5,13.2,14.4,15.2,14.8,15.0,14.4,15.9,17.1,18.3,19.8,19.8,19.4,18.0,17.2,15.3,14.5,13.9,13.5,12.9
2026-06-26T18:00:00Z,,,0.0,0.0,0.0,0.0,0.0,0.0,0.0,0.0,0.0,0.0,0.0,0.0,0.0,0.0,0.0,0.0,0.0,0.0,0.0,0.0,0.0,0.0,0.0,0.0
2026-06-26T18:30:00Z,ok,,11.9,11.7,12.8,13.4,14.6,15.5,15.1,14.2,15.0,15.9,16.5,17.7,18.0,17.5,18.4,17.8,16.7,14.3,12.5,10.7,9.6,10.0,9.5,9.0
2026-06-26T19:00:00Z,ok,,13.0,13.4,14.7,15.7,16.5,15.7,15.1,15.1,16.5,18.7,18.2,18.8,18.3,17.5,18.1,17.9,17.6,15.8,14.5,12.8,11.8,12.1,11.3,10.9
2026-06-26T19:30:00Z,,,0.0,0.0,0.0,0.0,0.0,0.0,0.0,0.0,0.0,0.0,0.0,0.0,0.0,0.0,0.0,0.0,0.0,0.0,0.0,0.0,0.0,0.0,0.0,0.0
2026-06-26T20:00:00Z,ok,,15.8,15.7,16.0,15.5,16.0,16.0,16.6,18.2,19.6,21.1,19.0,18.7,17.9,17.6,18.4,18.8,18.7,17.4,16.0,14.2,13.0,13.0,12.2,11.6
2026-06-26T20:30:00Z,ok,,15.0,14.5,14.5,14.0,14.6,16.1,17.1,18.3,19.7,19.6,17.9,17.5,17.0,16.9,18.0,18.3,17.9,15.8,13.2,11.0,9.8,9.9,9.4,8.7
2026-06-26T21:00:00Z,ok,,14.7,14.4,14.9,14.9,16.1,17.5,18.3,18.9,19.1,19.1,17.7,18.0,17.8,17.8,18.6,18.6,18.2,16.4,14.5,12.7,11.5,11.3,10.8,10.3
2026-06-26T21:30:00Z,ok,,13.6,13.6,14.8,15.6,17.3,18.3,18.5,18.2,17.7,18.0,16.9,17.5,17.4,17.6,18.1,18.1,18.0,16.3,14.7,13.1,11.9,11.6,11.2,10.8
2026-06-26T22:00:00Z,ok,,13.3,13.7,15.2,16.6,18.4,18.7,18.3,17.8,17.3,18.1,17.1,18.0,18.0,18.0,18.0,17.9,17.9,16.6,15.6,14.2,13.2,12.7,12.2,11.8
2026-06-26T22:30:00Z,ok,,14.7,15.4,16.9,17.9,19.1,19.3,18.5,17.8,17.7,18.2,17.3,18.2,17.9,17.8,18.2,18.1,18.0,16.1,14.4,12.7,11.7,11.6,11.1,10.6
2026-06-26T23:00:00Z,ok,,16.8,17.5,18.6,18.6,18.9,18.9,18.2,17.8,18.5,19.1,18.1,18.6,18.0,17.6,18.3,17.9,17.5,15.2,13.1,11.2,10.4,10.6,10.0,9.6
2026-06-26T23:30:00Z,ok,,17.7,18.5,19.4,18.6,18.7,18.2,17.6,17.8,18.8,19.6,18.2,18.1,17.7,17.8,19.0,18.1,16.7,13.9,11.8,10.3,9.6,10.1,9.6,9.2
2026-06-27T00:00:00Z,ok,,17.4,17.9,18.3,17.2,17.4,17.3,17.0,17.7,18.6,19.5,18.0,18.0,17.8,17.7,18.2,16.6,15.1,12.7,11.1,9.8,9.3,9.8,9.2,8.8
2026-06-27T00:30:00Z,,,0.0,0.0,0.0,0.0,0.0,0.0,0.0,0.0,0.0,0.0,0.0,0.0,0.0,0.0,0.0,0.0,0.0,0.0,0.0,0.0,0.0,0.0,0.0,0.0
2026-06-27T01:00:00Z,ok,,17.3,17.3,18.2,17.9,18.9,18.2,18.6,18.8,18.7,19.6,18.7,19.1,19.1,18.3,18.2,16.4,14.7,13.1,12.6,11.9,11.6,12.1,11.6,11.5
2026-06-27T01:30:00Z,,,0.0,0.0,0.0,0.0,0.0,0.0,0.0,0.0,0.0,0.0,0.0,0.0,0.0,0.0,0.0,0.0,0.0,0.0,0.0,0.0,0.0,0.0,0.0,0.0
2026-06-27T02:00:00Z,ok,,14.3,15.0,16.8,17.4,19.0,18.0,18.0,18.3,18.5,20.0,19.0,18.9,18.4,17.2,16.8,14.6,12.9,11.5,11.5,11.4,11.6,12.4,11.7,11.9
2026-06-27T02:30:00Z,,,0.0,0.0,0.0,0.0,0.0,0.0,0.0,0.0,0.0,0.0,0.0,0.0,0.0,0.0,0.0,0.0,0.0,0.0,0.0,0.0,0.0,0.0,0.0,0.0
2026-06-27T03:00:00Z,ok,,14.4,15.8,17.8,18.5,19.5,17.7,17.2,17.9,18.8,19.6,17.6,17.1,16.2,15.0,14.6,12.3,10.1,8.5,8.2,8.2,8.7,9.4,9.1,9.3
2026-06-27T03:30:00Z,,,0.0,0.0,0.0,0.0,0.0,0.0,0.0,0.0,0.0,0.0,0.0,0.0,0.0,0.0,0.0,0.0,0.0,0.0,0.0,0.0,0.0,0.0,0.0,0.0
2026-06-27T04:00:00Z,,,0.0,0.0,0.0,0.0,0.0,0.0,0.0,0.0,0.0,0.0,0.0,0.0,0.0,0.0,0.0,0.0,0.0,0.0,0.0,0.0,0.0,0.0,0.0,0.0
2026-06-27T04:30:00Z,ok,,17.6,17.7,18.4,17.4,18.3,17.8,17.1,17.1,17.0,17.3,15.7,15.1,13.5,11.4,10.8,9.7,10.2,9.7,9.3,8.6,8.7,8.6,8.0,8.0
2026-06-27T05:00:00Z,,,0.0,0.0,0.0,0.0,0.0,0.0,0.0,0.0,0.0,0.0,0.0,0.0,0.0,0.0,0.0,0.0,0.0,0.0,0.0,0.0,0.0,0.0,0.0,0.0
2026-06-27T05:30:00Z,,,0.0,0.0,0.0,0.0,0.0,0.0,0.0,0.0,0.0,0.0,0.0,0.0,0.0,0.0,0.0,0.0,0.0,0.0,0.0,0.0,0.0,0.0,0.0,0.0
2026-06-27T06:00:00Z,ok,,13.9,15.4,16.8,16.6,16.9,15.9,14.6,14.3,13.9,13.8,11.0,10.5,10.3,10.7,12.3,11.7,11.1,9.3,8.7,8.2,8.7,9.0,8.6,8.7
2026-06-27T06:30:00Z,,,0.0,0.0,0.0,0.0,0.0,0.0,0.0,0.0,0.0,0.0,0.0,0.0,0.0,0.0,0.0,0.0,0.0,0.0,0.0,0.0,0.0,0.0,0.0,0.0
2026-06-27T07:00:00Z,ok,,13.9,14.8,16.0,16.2,15.8,13.9,12.4,11.1,10.4,10.5,9.7,10.6,11.4,12.5,14.8,14.8,13.8,11.5,10.5,9.5,10.0,9.9,9.8,9.7
2026-06-27T07:30:00Z,,,0.0,0.0,0.0,0.0,0.0,0.0,0.0,0.0,0.0,0.0,0.0,0.0,0.0,0.0,0.0,0.0,0.0,0.0,0.0,0.0,0.0,0.0,0.0,0.0
2026-06-27T08:00:00Z,ok,,13.5,14.1,14.5,13.6,12.4,10.7,9.3,8.7,8.5,9.9,10.6,12.3,13.8,14.9,16.9,16.3,15.0,12.9,12.5,11.5,11.8,11.9,11.6,11.5
2026-06-27T08:30:00Z,,,0.0,0.0,0.0,0.0,0.0,0.0,0.0,0.0,0.0,0.0,0.0,0.0,0.0,0.0,0.0,0.0,0.0,0.0,0.0,0.0,0.0,0.0,0.0,0.0
2026-06-27T09:00:00Z,ok,,13.5,12.5,11.8,10.4,9.9,10.1,9.9,10.3,11.7,11.8,13.0,13.8,14.6,14.2,15.3,13.5,11.1,8.5,7.2,5.9,5.5,6.0,5.6,5.2
2026-06-27T09:30:00Z,,,0.0,0.0,0.0,0.0,0.0,0.0,0.0,0.0,0.0,0.0,0.0,0.0,0.0,0.0,0.0,0.0,0.0,0.0,0.0,0.0,0.0,0.0,0.0,0.0
2026-06-27T10:00:00Z,ok,,10.1,10.1,9.9,9.4,9.8,11.0,11.1,11.8,12.8,13.7,15.7,16.4,15.9,13.5,12.2,9.7,7.8,6.1,5.6,5.0,4.9,5.3,4.8,4.8
2026-06-27T10:30:00Z,ok,,10.8,9.5,10.5,10.6,11.6,13.2,14.3,15.6,16.8,19.1,20.7,20.5,17.7,15.1,15.2,18.0,22.7,28.1,30.5,27.9,24.7,22.2,20.9,19.5
2026-06-27T11:00:00Z,ok,,7.5,8.3,9.6,11.2,12.8,13.7,13.9,15.2,17.7,18.2,17.0,15.0,12.8,11.8,12.6,12.3,10.8,8.6,7.5,6.7,6.9,7.5,7.1,7.1
2026-06-27T11:30:00Z,failed,,0.0,0.0,0.0,0.0,0.0,0.0,0.0,0.0,0.0,0.0,0.0,0.0,0.0,0.0,0.0,0.0,0.0,0.0,0.0,0.0,0.0,0.0,0.0,0.0
2026-06-27T12:00:00Z,failed,,0.0,0.0,0.0,0.0,0.0,0.0,0.0,0.0,0.0,0.0,0.0,0.0,0.0,0.0,0.0,0.0,0.0,0.0,0.0,0.0,0.0,0.0,0.0,0.0
2026-06-27T12:30:00Z,ok,,10.7,11.3,12.3,14.0,15.9,18.5,18.0,16.6,16.2,15.0,13.9,14.1,14.7,15.8,18.5,18.9,18.3,14.4,11.7,9.3,8.5,8.7,8.5,7.9
2026-06-27T13:00:00Z,ok,,11.0,12.2,13.1,14.7,16.3,18.5,17.1,15.6,14.0,12.4,12.4,14.8,16.8,18.1,18.5,16.3,13.8,10.2,9.0,7.6,7.2,7.2,7.1,6.5
2026-06-27T13:30:00Z,,,0.0,0.0,0.0,0.0,0.0,0.0,0.0,0.0,0.0,0.0,0.0,0.0,0.0,0.0,0.0,0.0,0.0,0.0,0.0,0.0,0.0,0.0,0.0,0.0
2026-06-27T14:00:00Z,ok,,15.9,17.5,21.3,21.5,21.4,19.5,16.2,15.8,15.8,20.8,23.2,27.4,26.7,22.9,20.2,18.3,18.9,19.8,22.0,21.5,21.4,20.5,18.8,18.7
2026-06-27T14:30:00Z,ok,,20.7,23.0,26.2,26.3,22.8,20.6,17.3,17.2,19.7,25.6,27.2,30.4,25.7,21.7,21.2,24.6,31.7,34.1,35.1,30.8,29.0,26.6,24.7,23.4
2026-06-27T15:00:00Z,failed,,0.0,0.0,0.0,0.0,0.0,0.0,0.0,0.0,0.0,0.0,0.0,0.0,0.0,0.0,0.0,0.0,0.0,0.0,0.0,0.0,0.0,0.0,0.0,0.0
2026-06-27T15:30:00Z,ok,,16.1,15.8,16.3,15.3,14.7,15.0,17.9,22.9,24.9,27.0,24.4,22.4,22.3,24.4,32.5,35.8,35.7,33.2,34.0,32.4,34.5,36.0,33.1,33.3
2026-06-27T16:00:00Z,ok,,14.1,13.8,13.6,12.5,13.3,14.7,17.8,23.1,25.2,24.4,19.8,18.7,20.1,23.5,27.1,23.4,18.8,13.9,14.2,13.2,15.0,16.4,15.0,15.5
2026-06-27T16:30:00Z,ok,,10.4,10.8,11.7,13.4,16.0,18.7,19.9,22.6,20.0,18.4,17.3,20.2,23.0,25.0,22.4,17.2,14.0,12.1,15.4,15.2,17.0,17.2,16.7,16.6
2026-06-27T17:00:00Z,ok,,6.4,7.5,9.4,13.1,16.3,18.4,17.9,17.0,14.0,13.4,15.4,21.3,22.3,19.5,15.7,12.0,10.0,10.3,12.1,12.3,13.9,13.1,13.7,13.2
2026-06-27T17:30:00Z,ok,,8.6,9.9,13.4,16.1,18.2,18.7,16.4,14.8,13.1,14.7,17.8,23.1,20.9,15.4,11.9,10.0,10.5,13.1,15.1,16.1,17.2,15.5,15.3,14.8
2026-06-27T18:00:00Z,ok,,8.1,10.6,15.0,18.2,19.7,17.2,13.6,12.8,16.4,21.2,22.7,21.1,15.6,11.7,10.9,11.8,13.2,12.1,10.8,10.6,11.5,11.8,10.6,11.0
2026-06-27T18:30:00Z,ok,,12.1,15.7,18.9,20.0,19.6,14.1,12.1,15.9,22.1,27.4,22.8,16.0,12.5,11.0,11.4,12.3,12.2,9.9,9.7,9.6,10.8,11.6,10.4,10.8
2026-06-27T19:00:00Z,ok,,12.4,14.8,16.3,15.8,14.9,12.5,12.5,16.3,19.5,19.5,14.8,10.9,9.1,9.3,9.8,9.7,8.2,6.6,7.0,7.3,8.2,9.2,8.5,8.8
2026-06-27T19:30:00Z,ok,,11.7,12.8,12.9,12.0,12.4,13.5,15.4,18.3,16.7,15.3,12.3,10.7,10.0,10.0,10.0,8.7,8.2,7.8,9.8,10.8,11.4,12.3,11.3,11.5
2026-06-27T20:00:00Z,ok,,12.5,12.0,11.7,11.0,12.9,15.6,16.5,15.4,12.3,10.4,9.2,9.4,9.4,8.9,8.0,6.7,6.9,7.5,9.1,10.5,11.0,11.3,10.8,10.6
2026-06-27T20:30:00Z,ok,,9.6,10.2,12.1,13.7,17.2,18.3,16.0,13.3,11.2,9.6,9.1,9.6,9.3,8.5,8.1,8.1,9.3,11.1,12.7,13.4,13.9,13.9,13.3,13.0
2026-06-27T21:00:00Z,ok,,6.7,8.4,11.7,15.3,16.5,14.6,11.6,9.8,8.9,8.9,9.0,8.8,8.3,7.6,8.1,10.2,12.3,13.1,14.2,13.5,14.2,13.7,13.0,13.2
2026-06-27T21:30:00Z,ok,,7.8,10.0,13.0,14.4,13.1,10.7,8.3,8.1,8.0,8.8,8.6,7.5,7.3,7.6,9.1,11.4,12.4,11.2,12.0,11.8,13.5,13.4,12.9,13.4
2026-06-27T22:00:00Z,ok,,13.9,15.4,15.8,13.7,11.6,8.8,7.6,8.3,8.6,9.3,8.1,7.6,7.7,9.0,11.5,12.9,13.2,10.6,9.4,8.4,9.0,9.0,8.9,8.9
2026-06-27T22:30:00Z,ok,,15.4,15.5,13.5,10.5,9.0,7.3,7.2,8.3,8.2,8.0,7.1,7.6,8.7,10.4,12.6,12.0,10.2,8.1,7.3,7.2,7.6,7.9,8.1,7.9
2026-06-27T23:00:00Z,ok,,12.7,12.6,11.1,8.9,7.6,7.2,6.7,7.3,6.8,6.8,7.2,8.8,10.9,12.7,11.9,10.4,8.5,7.0,7.4,7.7,7.8,8.1,8.2,7.9
2026-06-27T23:30:00Z,ok,,9.6,9.7,8.7,8.2,7.5,7.6,6.8,6.7,6.5,7.5,8.4,10.7,12.2,12.0,9.8,8.0,7.2,7.8,8.8,9.6,9.5,9.6,10.0,9.1
2026-06-28T00:00:00Z,ok,,8.4,8.1,7.8,7.6,7.6,7.5,7.0,6.8,7.4,9.1,11.3,13.0,12.5,10.2,9.1,8.1,8.3,8.2,7.9,7.4,7.2,7.0,7.1,6.7
2026-06-28T00:30:00Z,,,0.0,0.0,0.0,0.0,0.0,0.0,0.0,0.0,0.0,0.0,0.0,0.0,0.0,0.0,0.0,0.0,0.0,0.0,0.0,0.0,0.0,0.0,0.0,0.0
2026-06-28T01:00:00Z,ok,,7.2,7.6,7.5,7.3,7.7,6.8,7.1,8.8,11.6,13.5,12.5,9.8,8.3,7.6,7.9,7.6,7.0,6.2,5.6,5.6,6.2,6.5,6.3,6.5
2026-06-28T01:30:00Z,,,0.0,0.0,0.0,0.0,0.0,0.0,0.0,0.0,0.0,0.0,0.0,0.0,0.0,0.0,0.0,0.0,0.0,0.0,0.0,0.0,0.0,0.0,0.0,0.0
2026-06-28T02:00:00Z,ok,,7.0,6.3,5.9,5.5,6.6,7.8,9.0,10.0,9.5,8.5,7.6,6.9,6.7,6.6,6.0,6.0,7.1,8.5,9.2,10.1,9.3,8.8,9.3,8.3
2026-06-28T02:30:00Z,,,0.0,0.0,0.0,0.0,0.0,0.0,0.0,0.0,0.0,0.0,0.0,0.0,0.0,0.0,0.0,0.0,0.0,0.0,0.0,0.0,0.0,0.0,0.0,0.0
2026-06-28T03:00:00Z,ok,,5.2,5.6,6.5,7.3,9.0,9.5,8.9,8.2,6.9,6.6,6.1,5.8,5.7,6.1,6.9,8.4,10.4,10.4,10.7,10.9,10.1,10.1,10.1,9.6
2026-06-28T03:30:00Z,,,0.0,0.0,0.0,0.0,0.0,0.0,0.0,0.0,0.0,0.0,0.0,0.0,0.0,0.0,0.0,0.0,0.0,0.0,0.0,0.0,0.0,0.0,0.0,0.0
2026-06-28T04:00:00Z,,,0.0,0.0,0.0,0.0,0.0,0.0,0.0,0.0,0.0,0.0,0.0,0.0,0.0,0.0,0.0,0.0,0.0,0.0,0.0,0.0,0.0,0.0,0.0,0.0
2026-06-28T04:30:00Z,,,0.0,0.0,0.0,0.0,0.0,0.0,0.0,0.0,0.0,0.0,0.0,0.0,0.0,0.0,0.0,0.0,0.0,0.0,0.0,0.0,0.0,0.0,0.0,0.0
2026-06-28T05:00:00Z,ok,,11.1,11.5,10.6,8.9,7.8,7.5,6.5,6.6,6.2,6.7,7.2,8.6,9.7,10.6,10.2,10.4,10.5,10.4,10.3,10.3,10.1,9.4,9.5,9.1
2026-06-28T05:30:00Z,,,0.0,0.0,0.0,0.0,0.0,0.0,0.0,0.0,0.0,0.0,0.0,0.0,0.0,0.0,0.0,0.0,0.0,0.0,0.0,0.0,0.0,0.0,0.0,0.0
2026-06-28T06:00:00Z,,,0.0,0.0,0.0,0.0,0.0,0.0,0.0,0.0,0.0,0.0,0.0,0.0,0.0,0.0,0.0,0.0,0.0,0.0,0.0,0.0,0.0,0.0,0.0,0.0
2026-06-28T06:30:00Z,ok,,5.7,5.9,5.8,5.7,6.0,5.9,6.1,6.9,8.4,9.9,10.4,10.4,9.7,8.9,8.1,7.6,6.7,6.0,5.3,5.4,5.5,5.6,5.8,5.8
2026-06-28T07:00:00Z,,,0.0,0.0,0.0,0.0,0.0,0.0,0.0,0.0,0.0,0.0,0.0,0.0,0.0,0.0,0.0,0.0,0.0,0.0,0.0,0.0,0.0,0.0,0.0,0.0
2026-06-28T07:30:00Z,ok,,5.9,5.5,5.5,5.5,5.9,7.1,8.2,9.1,10.0,10.8,10.1,9.5,8.6,7.4,6.4,5.7,5.2,4.8,4.6,4.6,4.8,5.0,5.0,5.3
2026-06-28T08:00:00Z,,,0.0,0.0,0.0,0.0,0.0,0.0,0.0,0.0,0.0,0.0,0.0,0.0,0.0,0.0,0.0,0.0,0.0,0.0,0.0,0.0,0.0,0.0,0.0,0.0
2026-06-28T08:30:00Z,,,0.0,0.0,0.0,0.0,0.0,0.0,0.0,0.0,0.0,0.0,0.0,0.0,0.0,0.0,0.0,0.0,0.0,0.0,0.0,0.0,0.0,0.0,0.0,0.0
2026-06-28T09:00:00Z,ok,,5.1,5.7,6.6,7.7,8.8,10.1,10.1,9.9,9.4,9.3,7.8,7.3,6.4,5.7,5.1,4.6,4.6,4.3,4.3,4.5,4.5,4.6,4.7,4.6
2026-06-28T09:30:00Z,,,0.0,0.0,0.0,0.0,0.0,0.0,0.0,0.0,0.0,0.0,0.0,0.0,0.0,0.0,0.0,0.0,0.0,0.0,0.0,0.0,0.0,0.0,0.0,0.0
2026-06-28T10:00:00Z,ok,,7.6,8.5,9.6,10.3,10.3,10.0,9.1,8.5,8.0,7.5,6.2,5.7,5.2,5.2,5.3,5.6,5.6,4.9,4.9,4.9,5.1,5.2,5.4,5.4
2026-06-28T10:30:00Z,ok,,8.7,9.5,10.3,10.2,9.8,9.4,8.4,7.6,6.9,6.1,5.2,4.9,4.9,5.3,5.5,5.7,5.2,4.4,4.2,4.3,4.5,4.6,4.7,4.7
2026-06-28T11:00:00Z,ok,,9.7,10.0,10.4,9.8,9.2,8.9,7.8,7.0,6.0,5.3,4.8,4.9,5.3,5.8,5.6,5.2,4.4,3.8,3.8,4.0,4.1,4.3,4.4,4.4
2026-06-28T11:30:00Z,,,0.0,0.0,0.0,0.0,0.0,0.0,0.0,0.0,0.0,0.0,0.0,0.0,0.0,0.0,0.0,0.0,0.0,0.0,0.0,0.0,0.0,0.0,0.0,0.0
2026-06-28T12:00:00Z,ok,,9.1,9.0,8.9,8.5,7.6,6.9,6.0,5.2,4.7,4.7,5.2,5.7,5.5,4.7,3.7,3.0,2.5,2.3,2.4,2.6,2.7,2.8,2.9,2.9
2026-06-28T12:30:00Z,ok,,7.6,7.5,7.1,6.9,6.1,5.4,4.9,4.5,4.3,4.9,5.4,5.6,4.9,3.7,2.9,2.4,2.3,2.3,2.4,2.5,2.6,2.7,2.8,2.8
2026-06-28T13:00:00Z,ok,,6.5,6.3,6.1,5.8,5.0,4.6,4.3,4.2,4.6,5.2,5.3,4.8,3.8,2.9,2.4,2.2,2.4,2.6,2.7,2.8,2.9,3.0,3.0,3.1
2026-06-28T13:30:00Z,ok,,5.8,5.5,5.0,4.7,4.3,4.2,4.2,4.5,4.9,5.2,4.7,3.9,3.1,2.4,2.3,2.3,2.5,2.7,2.6,2.6,2.7,2.8,2.8,2.9
2026-06-28T14:00:00Z,,,0.0,0.0,0.0,0.0,0.0,0.0,0.0,0.0,0.0,0.0,0.0,0.0,0.0,0.0,0.0,0.0,0.0,0.0,0.0,0.0,0.0,0.0,0.0,0.0
2026-06-28T14:30:00Z,ok,,5.2,4.7,4.2,4.2,4.3,4.9,5.5,5.2,4.5,3.8,3.1,2.8,2.7,2.5,2.4,2.3,2.4,2.4,2.4,2.5,2.6,2.6,2.6,2.7
2026-06-28T15:00:00Z,ok,,4.1,3.9,3.7,4.0,4.3,5.0,5.3,4.6,3.7,3.0,2.6,2.6,2.6,2.5,2.3,2.1,2.1,2.1,2.3,2.4,2.5,2.5,2.5,2.6
2026-06-28T15:30:00Z,ok,,3.9,3.9,4.0,4.4,4.8,5.0,4.7,3.9,3.1,2.7,2.5,2.7,2.8,2.6,2.3,2.1,2.2,2.4,2.6,2.7,2.8,2.9,2.7,2.7
2026-06-28T16:00:00Z,ok,,3.6,3.9,4.4,4.9,4.9,4.5,3.8,3.1,2.7,2.5,2.6,2.7,2.6,2.3,2.1,1.9,2.0,2.2,2.4,2.5,2.6,2.6,2.5,2.5
2026-06-28T16:30:00Z,ok,,2.7,3.2,3.8,4.3,4.0,3.3,2.6,2.2,2.0,2.1,2.3,2.3,2.0,1.6,1.4,1.3,1.4,1.6,1.7,1.7,1.8,1.8,1.8,1.8
2026-06-28T17:00:00Z,ok,,4.4,4.7,5.1,4.6,3.6,3.0,2.4,2.2,2.2,2.3,2.5,2.5,2.4,2.4,2.4,2.7,3.5,4.8,5.5,5.8,5.7,5.6,5.1,5.0
2026-06-28T17:30:00Z,ok,,5.3,5.0,4.5,3.8,2.9,2.5,2.2,2.3,2.3,2.4,2.4,2.5,2.5,2.6,2.8,3.2,4.1,5.0,5.2,5.3,5.1,4.8,4.6,4.4
2026-06-28T18:00:00Z,ok,,5.1,4.4,3.5,2.7,2.2,2.0,2.1,2.2,2.3,2.4,2.3,2.4,2.6,2.9,3.5,3.9,4.3,4.1,3.7,3.6,3.5,3.4,3.4,3.3
2026-06-28T18:30:00Z,ok,,4.2,3.6,2.9,2.4,2.1,2.1,2.3,2.4,2.3,2.3,2.4,2.6,3.1,3.6,4.2,4.4,4.6,4.3,4.1,3.9,3.9,3.7,3.7,3.7
2026-06-28T19:00:00Z,ok,,3.2,2.8,2.4,2.2,2.1,2.2,2.2,2.3,2.3,2.4,2.6,3.0,3.5,4.1,4.3,4.3,4.8,4.9,4.9,4.8,4.6,4.4,4.2,4.1
2026-06-28T19:30:00Z,ok,,3.0,2.8,2.5,2.4,2.3,2.4,2.2,2.2,2.3,2.6,2.9,3.5,4.0,4.4,4.5,4.5,5.0,5.4,5.4,5.4,5.0,4.9,4.7,4.5
2026-06-28T20:00:00Z,ok,,2.5,2.5,2.4,2.4,2.3,2.2,2.1,2.1,2.3,2.7,3.3,3.9,4.3,4.5,4.5,4.4,4.7,4.8,4.6,4.5,4.1,4.0,3.9,3.7
2026-06-28T20:30:00Z,ok,,2.7,2.8,2.7,2.6,2.4,2.3,2.3,2.5,3.0,3.6,4.2,4.6,4.7,4.6,4.5,4.4,4.6,4.6,4.4,4.3,3.9,3.9,3.8,3.7
2026-06-28T21:00:00Z,ok,,2.0,2.1,2.1,2.1,2.1,2.2,2.3,2.6,3.2,3.7,4.1,4.3,4.3,4.3,4.2,4.2,4.4,4.7,4.6,4.5,4.3,4.1,3.9,3.7
2026-06-28T21:30:00Z,ok,,3.4,3.2,3.0,2.9,2.9,3.2,3.4,3.9,4.5,4.9,4.9,4.9,4.9,4.7,4.6,4.6,5.0,5.5,5.4,5.0,4.7,4.5,4.2,4.0
2026-06-28T22:00:00Z,ok,,3.8,3.5,3.3,3.2,3.4,3.9,4.4,4.8,5.3,5.5,5.4,5.4,5.3,4.9,4.8,4.8,5.4,5.7,5.4,4.9,4.4,4.2,4.0,3.8
2026-06-28T22:30:00Z,ok,,3.4,3.2,3.1,3.3,3.7,4.3,4.9,5.3,5.6,5.5,5.5,5.3,5.2,4.9,4.9,4.9,5.4,5.3,4.9,4.4,4.1,3.8,3.7,3.6
2026-06-28T23:00:00Z,ok,,3.3,3.3,3.4,3.6,4.1,4.6,5.1,5.5,5.6,5.5,5.3,5.1,5.1,5.0,5.0,5.0,5.4,5.2,4.8,4.4,4.1,3.9,3.8,3.7
2026-06-28T23:30:00Z,ok,,3.5,3.7,3.9,4.2,4.8,5.2,5.3,5.6,5.7,5.6,5.2,5.2,5.3,5.4,5.3,5.1,5.1,4.8,4.5,4.2,3.9,3.8,3.7,3.5
2026-06-29T00:00:00Z,ok,,3.2,3.5,3.9,4.3,4.9,5.3,5.3,5.5,5.4,5.3,5.1,5.2,5.3,5.2,4.9,4.5,4.4,4.2,4.0,3.7,3.5,3.4,3.3,3.1
2026-06-29T00:30:00Z,,,0.0,0.0,0.0,0.0,0.0,0.0,0.0,0.0,0.0,0.0,0.0,0.0,0.0,0.0,0.0,0.0,0.0,0.0,0.0,0.0,0.0,0.0,0.0,0.0
2026-06-29T01:00:00Z,ok,,4.7,5.1,5.3,5.3,5.6,5.6,5.5,5.4,5.2,5.4,5.3,5.5,5.5,5.0,4.6,4.1,4.2,4.3,4.3,4.3,4.2,4.0,4.0,3.8
2026-06-29T01:30:00Z,,,0.0,0.0,0.0,0.0,0.0,0.0,0.0,0.0,0.0,0.0,0.0,0.0,0.0,0.0,0.0,0.0,0.0,0.0,0.0,0.0,0.0,0.0,0.0,0.0
2026-06-29T02:00:00Z,ok,,5.1,5.4,5.3,5.3,5.4,5.3,5.1,5.2,5.3,5.5,5.3,5.1,4.8,4.3,4.1,3.8,4.0,4.0,3.8,3.6,3.6,3.5,3.5,3.4
2026-06-29T02:30:00Z,,,0.0,0.0,0.0,0.0,0.0,0.0,0.0,0.0,0.0,0.0,0.0,0.0,0.0,0.0,0.0,0.0,0.0,0.0,0.0,0.0,0.0,0.0,0.0,0.0
2026-06-29T03:00:00Z,,,0.0,0.0,0.0,0.0,0.0,0.0,0.0,0.0,0.0,0.0,0.0,0.0,0.0,0.0,0.0,0.0,0.0,0.0,0.0,0.0,0.0,0.0,0.0,0.0
2026-06-29T03:30:00Z,failed,,0.0,0.0,0.0,0.0,0.0,0.0,0.0,0.0,0.0,0.0,0.0,0.0,0.0,0.0,0.0,0.0,0.0,0.0,0.0,0.0,0.0,0.0,0.0,0.0
2026-06-29T04:00:00Z,,,0.0,0.0,0.0,0.0,0.0,0.0,0.0,0.0,0.0,0.0,0.0,0.0,0.0,0.0,0.0,0.0,0.0,0.0,0.0,0.0,0.0,0.0,0.0,0.0
2026-06-29T04:30:00Z,,,0.0,0.0,0.0,0.0,0.0,0.0,0.0,0.0,0.0,0.0,0.0,0.0,0.0,0.0,0.0,0.0,0.0,0.0,0.0,0.0,0.0,0.0,0.0,0.0
2026-06-29T05:00:00Z,ok,,4.5,4.8,5.0,5.1,5.3,5.1,4.7,4.4,4.1,4.2,4.2,4.5,4.6,4.4,4.0,3.4,3.3,3.3,3.4,3.5,3.5,3.5,3.4,3.3
2026-06-29T05:30:00Z,,,0.0,0.0,0.0,0.0,0.0,0.0,0.0,0.0,0.0,0.0,0.0,0.0,0.0,0.0,0.0,0.0,0.0,0.0,0.0,0.0,0.0,0.0,0.0,0.0
2026-06-29T06:00:00Z,,,0.0,0.0,0.0,0.0,0.0,0.0,0.0,0.0,0.0,0.0,0.0,0.0,0.0,0.0,0.0,0.0,0.0,0.0,0.0,0.0,0.0,0.0,0.0,0.0
2026-06-29T06:30:00Z,failed,,0.0,0.0,0.0,0.0,0.0,0.0,0.0,0.0,0.0,0.0,0.0,0.0,0.0,0.0,0.0,0.0,0.0,0.0,0.0,0.0,0.0,0.0,0.0,0.0
2026-06-29T07:00:00Z,,,0.0,0.0,0.0,0.0,0.0,0.0,0.0,0.0,0.0,0.0,0.0,0.0,0.0,0.0,0.0,0.0,0.0,0.0,0.0,0.0,0.0,0.0,0.0,0.0
2026-06-29T07:30:00Z,,,0.0,0.0,0.0,0.0,0.0,0.0,0.0,0.0,0.0,0.0,0.0,0.0,0.0,0.0,0.0,0.0,0.0,0.0,0.0,0.0,0.0,0.0,0.0,0.0
2026-06-29T08:00:00Z,,,0.0,0.0,0.0,0.0,0.0,0.0,0.0,0.0,0.0,0.0,0.0,0.0,0.0,0.0,0.0,0.0,0.0,0.0,0.0,0.0,0.0,0.0,0.0,0.0
2026-06-29T08:30:00Z,ok,,3.8,3.9,4.0,4.2,4.4,4.4,4.4,4.1,3.7,3.5,3.3,3.2,3.0,2.7,2.5,2.2,2.1,2.0,2.1,2.2,2.4,2.4,2.4,2.4
2026-06-29T09:00:00Z,,,0.0,0.0,0.0,0.0,0.0,0.0,0.0,0.0,0.0,0.0,0.0,0.0,0.0,0.0,0.0,0.0,0.0,0.0,0.0,0.0,0.0,0.0,0.0,0.0
2026-06-29T09:30:00Z,,,0.0,0.0,0.0,0.0,0.0,0.0,0.0,0.0,0.0,0.0,0.0,0.0,0.0,0.0,0.0,0.0,0.0,0.0,0.0,0.0,0.0,0.0,0.0,0.0
2026-06-29T10:00:00Z,ok,,4.3,4.5,4.5,4.6,4.3,4.0,3.7,3.4,3.2,3.0,3.0,2.9,2.7,2.4,2.2,2.0,2.1,2.2,2.1,2.1,2.2,2.2,2.1,2.1
2026-06-29T10:30:00Z,,,0.0,0.0,0.0,0.0,0.0,0.0,0.0,0.0,0.0,0.0,0.0,0.0,0.0,0.0,0.0,0.0,0.0,0.0,0.0,0.0,0.0,0.0,0.0,0.0
2026-06-29T11:00:00Z,,,0.0,0.0,0.0,0.0,0.0,0.0,0.0,0.0,0.0,0.0,0.0,0.0,0.0,0.0,0.0,0.0,0.0,0.0,0.0,0.0,0.0,0.0,0.0,0.0
2026-06-29T11:30:00Z,ok,,5.7,5.4,4.7,4.3,3.9,3.6,3.3,3.3,3.3,3.3,3.3,3.2,3.2,3.0,3.0,3.1,3.8,4.3,4.1,3.8,3.7,3.3,3.1,2.9
2026-06-29T12:00:00Z,,,0.0,0.0,0.0,0.0,0.0,0.0,0.0,0.0,0.0,0.0,0.0,0.0,0.0,0.0,0.0,0.0,0.0,0.0,0.0,0.0,0.0,0.0,0.0,0.0
2026-06-29T12:30:00Z,,,0.0,0.0,0.0,0.0,0.0,0.0,0.0,0.0,0.0,0.0,0.0,0.0,0.0,0.0,0.0,0.0,0.0,0.0,0.0,0.0,0.0,0.0,0.0,0.0
2026-06-29T13:00:00Z,,,0.0,0.0,0.0,0.0,0.0,0.0,0.0,0.0,0.0,0.0,0.0,0.0,0.0,0.0,0.0,0.0,0.0,0.0,0.0,0.0,0.0,0.0,0.0,0.0
2026-06-29T13:30:00Z,ok,,4.1,3.9,3.5,3.4,3.3,3.3,3.2,3.2,3.3,3.1,3.1,3.3,3.6,4.0,4.7,4.8,4.8,4.1,3.6,3.2,3.0,2.9,2.8,2.7
2026-06-29T14:00:00Z,,,0.0,0.0,0.0,0.0,0.0,0.0,0.0,0.0,0.0,0.0,0.0,0.0,0.0,0.0,0.0,0.0,0.0,0.0,0.0,0.0,0.0,0.0,0.0,0.0
2026-06-29T14:30:00Z,ok,,6.1,5.4,4.8,4.5,4.4,4.4,4.3,4.4,4.7,4.4,4.6,4.8,5.2,5.5,5.9,5.7,5.3,4.3,3.9,3.2,3.0,2.8,2.6,2.6
2026-06-29T15:00:00Z,,,0.0,0.0,0.0,0.0,0.0,0.0,0.0,0.0,0.0,0.0,0.0,0.0,0.0,0.0,0.0,0.0,0.0,0.0,0.0,0.0,0.0,0.0,0.0,0.0
2026-06-29T15:30:00Z,,,0.0,0.0,0.0,0.0,0.0,0.0,0.0,0.0,0.0,0.0,0.0,0.0,0.0,0.0,0.0,0.0,0.0,0.0,0.0,0.0,0.0,0.0,0.0,0.0
2026-06-29T16:00:00Z,ok,,4.6,4.5,4.6,4.7,4.9,5.3,5.3,5.3,5.6,5.7,6.2,6.5,6.5,5.6,5.0,4.4,4.9,5.0,5.0,4.1,3.8,3.5,3.2,3.0
2026-06-29T16:30:00Z,,,0.0,0.0,0.0,0.0,0.0,0.0,0.0,0.0,0.0,0.0,0.0,0.0,0.0,0.0,0.0,0.0,0.0,0.0,0.0,0.0,0.0,0.0,0.0,0.0
2026-06-29T17:00:00Z,failed,,0.0,0.0,0.0,0.0,0.0,0.0,0.0,0.0,0.0,0.0,0.0,0.0,0.0,0.0,0.0,0.0,0.0,0.0,0.0,0.0,0.0,0.0,0.0,0.0
2026-06-29T17:30:00Z,,,0.0,0.0,0.0,0.0,0.0,0.0,0.0,0.0,0.0,0.0,0.0,0.0,0.0,0.0,0.0,0.0,0.0,0.0,0.0,0.0,0.0,0.0,0.0,0.0
2026-06-29T18:00:00Z,ok,,4.4,4.3,4.4,4.7,5.7,6.1,6.4,6.6,6.6,6.2,5.4,5.3,5.2,5.4,5.8,5.7,6.6,6.5,6.0,5.5,5.1,4.8,4.6,4.2
2026-06-29T18:30:00Z,ok,,5.9,5.3,5.5,5.7,6.9,7.4,7.4,7.1,6.7,6.1,5.6,5.8,5.9,6.3,6.8,7.0,8.5,8.1,7.4,6.6,5.9,5.5,5.3,4.8
2026-06-29T19:00:00Z,ok,,4.9,4.8,5.3,6.0,7.1,7.4,6.9,6.3,6.0,5.7,5.5,6.0,6.1,6.7,7.8,8.3,9.6,8.1,7.5,6.1,5.7,5.4,5.0,4.7
2026-06-29T19:30:00Z,,,0.0,0.0,0.0,0.0,0.0,0.0,0.0,0.0,0.0,0.0,0.0,0.0,0.0,0.0,0.0,0.0,0.0,0.0,0.0,0.0,0.0,0.0,0.0,0.0
2026-06-29T20:00:00Z,ok,,5.3,5.8,6.3,6.8,6.7,6.3,5.5,5.2,5.5,6.2,6.3,7.2,7.5,8.3,9.9,10.8,11.3,9.9,8.8,7.4,7.2,6.9,6.6,6.3
2026-06-29T20:30:00Z,ok,,6.2,6.6,6.7,6.6,6.3,5.4,5.2,5.5,6.0,6.7,7.1,7.9,8.8,10.2,11.8,11.5,10.3,8.3,7.2,6.6,6.6,6.4,6.4,6.1
2026-06-29T21:00:00Z,,,0.0,0.0,0.0,0.0,0.0,0.0,0.0,0.0,0.0,0.0,0.0,0.0,0.0,0.0,0.0,0.0,0.0,0.0,0.0,0.0,0.0,0.0,0.0,0.0
2026-06-29T21:30:00Z,ok,,7.5,7.1,6.8,6.1,6.1,6.8,6.7,7.1,7.7,8.7,10.1,11.4,11.8,10.9,10.5,9.5,8.8,8.1,7.7,6.8,6.2,6.1,5.6,5.4
2026-06-29T22:00:00Z,,,0.0,0.0,0.0,0.0,0.0,0.0,0.0,0.0,0.0,0.0,0.0,0.0,0.0,0.0,0.0,0.0,0.0,0.0,0.0,0.0,0.0,0.0,0.0,0.0
2026-06-29T22:30:00Z,ok,,5.3,5.2,5.2,5.7,6.3,7.1,7.8,8.9,10.6,11.6,11.8,11.6,10.3,9.2,9.0,9.7,10.5,11.1,10.0,8.5,7.6,7.0,6.7,6.1
2026-06-29T23:00:00Z,ok,,5.0,5.1,5.5,6.6,7.4,8.3,9.0,10.1,11.8,12.3,11.5,10.9,9.7,9.5,9.6,10.4,10.9,10.8,9.4,8.0,7.1,6.7,6.3,5.9
2026-06-29T23:30:00Z,ok,,4.9,5.2,5.8,7.0,7.9,9.2,9.8,10.9,12.1,12.2,10.7,10.1,9.5,9.9,10.4,10.1,9.7,8.4,7.1,6.0,5.6,5.6,5.1,4.9
2026-06-30T00:00:00Z,ok,,5.6,6.2,6.9,8.0,9.2,10.6,11.1,11.8,12.0,11.9,10.3,10.6,10.5,11.0,11.0,9.7,9.0,7.6,7.0,6.2,6.1,5.9,5.6,5.4
2026-06-30T00:30:00Z,,,0.0,0.0,0.0,0.0,0.0,0.0,0.0,0.0,0.0,0.0,0.0,0.0,0.0,0.0,0.0,0.0,0.0,0.0,0.0,0.0,0.0,0.0,0.0,0.0
2026-06-30T01:00:00Z,ok,,6.1,6.7,8.5,10.3,12.2,13.0,12.0,11.3,10.7,11.0,10.9,11.8,10.9,10.3,10.0,10.4,11.8,11.5,11.3,9.8,9.1,8.3,7.8,7.6
2026-06-30T01:30:00Z,,,0.0,0.0,0.0,0.0,0.0,0.0,0.0,0.0,0.0,0.0,0.0,0.0,0.0,0.0,0.0,0.0,0.0,0.0,0.0,0.0,0.0,0.0,0.0,0.0
2026-06-30T02:00:00Z,failed,,0.0,0.0,0.0,0.0,0.0,0.0,0.0,0.0,0.0,0.0,0.0,0.0,0.0,0.0,0.0,0.0,0.0,0.0,0.0,0.0,0.0,0.0,0.0,0.0
2026-06-30T02:30:00Z,,,0.0,0.0,0.0,0.0,0.0,0.0,0.0,0.0,0.0,0.0,0.0,0.0,0.0,0.0,0.0,0.0,0.0,0.0,0.0,0.0,0.0,0.0,0.0,0.0
2026-06-30T03:00:00Z,ok,,9.2,9.8,10.2,10.1,10.0,9.8,9.8,10.5,10.1,10.4,9.6,11.0,12.4,13.7,13.9,11.8,10.2,8.8,8.4,8.0,8.1,7.9,7.6,7.3
2026-06-30T03:30:00Z,,,0.0,0.0,0.0,0.0,0.0,0.0,0.0,0.0,0.0,0.0,0.0,0.0,0.0,0.0,0.0,0.0,0.0,0.0,0.0,0.0,0.0,0.0,0.0,0.0
2026-06-30T04:00:00Z,,,0.0,0.0,0.0,0.0,0.0,0.0,0.0,0.0,0.0,0.0,0.0,0.0,0.0,0.0,0.0,0.0,0.0,0.0,0.0,0.0,0.0,0.0,0.0,0.0
2026-06-30T04:30:00Z,ok,,6.7,7.5,8.7,9.1,10.0,9.3,8.9,9.4,10.5,12.3,13.0,13.1,11.9,10.1,9.5,8.4,7.5,6.8,6.7,6.9,7.1,7.4,7.0,6.9
2026-06-30T05:00:00Z,,,0.0,0.0,0.0,0.0,0.0,0.0,0.0,0.0,0.0,0.0,0.0,0.0,0.0,0.0,0.0,0.0,0.0,0.0,0.0,0.0,0.0,0.0,0.0,0.0
2026-06-30T05:30:00Z,,,0.0,0.0,0.0,0.0,0.0,0.0,0.0,0.0,0.0,0.0,0.0,0.0,0.0,0.0,0.0,0.0,0.0,0.0,0.0,0.0,0.0,0.0,0.0,0.0
2026-06-30T06:00:00Z,ok,,6.1,6.5,7.2,7.8,8.9,10.5,12.2,13.0,11.8,11.1,10.5,10.1,8.9,7.5,6.4,5.4,4.9,5.1,5.7,6.2,6.5,6.6,6.4,6.6
2026-06-30T06:30:00Z,,,0.0,0.0,0.0,0.0,0.0,0.0,0.0,0.0,0.0,0.0,0.0,0.0,0.0,0.0,0.0,0.0,0.0,0.0,0.0,0.0,0.0,0.0,0.0,0.0
2026-06-30T07:00:00Z,,,0.0,0.0,0.0,0.0,0.0,0.0,0.0,0.0,0.0,0.0,0.0,0.0,0.0,0.0,0.0,0.0,0.0,0.0,0.0,0.0,0.0,0.0,0.0,0.0
2026-06-30T07:30:00Z,ok,,5.7,6.8,9.2,10.8,12.8,12.3,10.8,10.2,9.8,8.8,7.4,6.6,5.7,5.2,5.0,5.1,5.1,5.1,5.4,5.9,6.3,6.4,6.1,6.4
2026-06-30T08:00:00Z,,,0.0,0.0,0.0,0.0,0.0,0.0,0.0,0.0,0.0,0.0,0.0,0.0,0.0,0.0,0.0,0.0,0.0,0.0,0.0,0.0,0.0,0.0,0.0,0.0
2026-06-30T08:30:00Z,ok,,9.3,10.8,12.3,11.8,11.4,10.9,9.2,8.3,7.5,7.1,6.2,5.7,5.4,5.0,4.9,4.7,4.9,5.4,6.3,7.0,7.2,7.7,7.2,7.1
2026-06-30T09:00:00Z,,,0.0,0.0,0.0,0.0,0.0,0.0,0.0,0.0,0.0,0.0,0.0,0.0,0.0,0.0,0.0,0.0,0.0,0.0,0.0,0.0,0.0,0.0,0.0,0.0
2026-06-30T09:30:00Z,,,0.0,0.0,0.0,0.0,0.0,0.0,0.0,0.0,0.0,0.0,0.0,0.0,0.0,0.0,0.0,0.0,0.0,0.0,0.0,0.0,0.0,0.0,0.0,0.0
2026-06-30T10:00:00Z,ok,,7.0,7.8,8.3,8.2,7.4,6.5,5.4,4.8,4.6,4.7,4.4,4.7,4.6,4.7,4.8,4.9,5.3,6.1,6.8,7.1,7.5,7.5,7.0,6.7
2026-06-30T10:30:00Z,,,0.0,0.0,0.0,0.0,0.0,0.0,0.0,0.0,0.0,0.0,0.0,0.0,0.0,0.0,0.0,0.0,0.0,0.0,0.0,0.0,0.0,0.0,0.0,0.0
2026-06-30T11:00:00Z,ok,,11.8,10.6,9.0,7.7,5.9,5.6,5.4,5.7,5.4,5.4,5.7,6.1,6.0,6.2,6.6,7.7,11.7,19.4,25.4,24.7,23.6,19.6,18.4,16.1
2026-06-30T11:30:00Z,,,0.0,0.0,0.0,0.0,0.0,0.0,0.0,0.0,0.0,0.0,0.0,0.0,0.0,0.0,0.0,0.0,0.0,0.0,0.0,0.0,0.0,0.0,0.0,0.0
2026-06-30T12:00:00Z,ok,,4.9,4.9,4.8,4.7,4.2,3.8,3.7,3.8,4.0,4.0,4.6,4.8,6.4,8.6,14.1,21.4,24.0,23.9,24.0,22.3,24.1,24.9,24.6,26.0
2026-06-30T12:30:00Z,ok,,9.6,8.5,8.0,7.0,6.3,5.5,6.3,6.2,6.1,5.6,6.0,6.9,10.2,14.8,24.5,29.2,26.2,20.7,20.3,18.7,23.3,25.2,25.6,28.3
2026-06-30T13:00:00Z,,,0.0,0.0,0.0,0.0,0.0,0.0,0.0,0.0,0.0,0.0,0.0,0.0,0.0,0.0,0.0,0.0,0.0,0.0,0.0,0.0,0.0,0.0,0.0,0.0
2026-06-30T13:30:00Z,ok,,6.0,5.4,5.1,5.1,5.2,5.0,5.4,5.9,6.6,7.3,8.9,13.3,20.7,25.9,24.6,17.8,14.5,15.5,20.5,23.8,30.1,31.9,33.7,31.8
2026-06-30T14:00:00Z,,,0.0,0.0,0.0,0.0,0.0,0.0,0.0,0.0,0.0,0.0,0.0,0.0,0.0,0.0,0.0,0.0,0.0,0.0,0.0,0.0,0.0,0.0,0.0,0.0
2026-06-30T14:30:00Z,ok,,8.6,7.9,7.8,7.4,6.6,6.3,6.6,6.8,8.8,13.1,20.1,26.4,24.6,18.9,15.9,11.8,10.7,10.7,10.6,12.4,13.4,15.8,17.4,17.6
2026-06-30T15:00:00Z,,,0.0,0.0,0.0,0.0,0.0,0.0,0.0,0.0,0.0,0.0,0.0,0.0,0.0,0.0,0.0,0.0,0.0,0.0,0.0,0.0,0.0,0.0,0.0,0.0
2026-06-30T15:30:00Z,ok,,8.1,7.2,7.2,6.7,7.4,7.3,9.3,16.0,24.9,26.7,22.7,18.1,14.9,14.4,13.7,11.8,11.7,11.2,16.6,18.6,25.4,26.5,27.1,28.0
2026-06-30T16:00:00Z,,,0.0,0.0,0.0,0.0,0.0,0.0,0.0,0.0,0.0,0.0,0.0,0.0,0.0,0.0,0.0,0.0,0.0,0.0,0.0,0.0,0.0,0.0,0.0,0.0
2026-06-30T16:30:00Z,ok,,7.1,6.3,6.5,7.6,10.0,13.4,18.9,20.9,20.7,15.4,14.0,12.3,11.4,12.3,15.7,21.2,28.6,41.5,56.9,57.1,56.2,57.0,58.6,55.0
2026-06-30T17:00:00Z,failed,,0.0,0.0,0.0,0.0,0.0,0.0,0.0,0.0,0.0,0.0,0.0,0.0,0.0,0.0,0.0,0.0,0.0,0.0,0.0,0.0,0.0,0.0,0.0,0.0
2026-06-30T17:30:00Z,,,0.0,0.0,0.0,0.0,0.0,0.0,0.0,0.0,0.0,0.0,0.0,0.0,0.0,0.0,0.0,0.0,0.0,0.0,0.0,0.0,0.0,0.0,0.0,0.0
2026-06-30T18:00:00Z,ok,,10.5,13.1,18.0,25.8,28.8,25.3,22.4,18.1,16.2,15.4,15.0,15.7,19.3,26.2,41.4,54.3,53.9,43.1,32.5,29.3,31.2,32.5,35.9,36.1
2026-06-30T18:30:00Z,ok,,15.9,20.1,24.7,29.5,27.4,21.2,19.9,18.2,16.1,16.5,18.0,21.2,28.8,40.3,53.8,54.8,43.9,33.1,24.6,24.9,29.2,29.9,33.6,34.4
2026-06-30T19:00:00Z,ok,,26.4,31.2,31.2,28.9,23.0,18.8,17.5,17.0,15.6,16.2,21.6,30.5,42.8,52.6,58.6,48.0,34.5,26.9,21.9,23.7,26.7,28.5,33.6,31.2
2026-06-30T19:30:00Z,,,0.0,0.0,0.0,0.0,0.0,0.0,0.0,0.0,0.0,0.0,0.0,0.0,0.0,0.0,0.0,0.0,0.0,0.0,0.0,0.0,0.0,0.0,0.0,0.0
2026-06-30T20:00:00Z,imputed,,23.3,21.7,20.0,16.7,15.7,13.4,13.7,15.9,20.6,30.5,43.4,55.6,56.4,45.2,32.5,22.1,18.3,17.3,19.3,22.0,23.3,27.2,29.3,28.3
2026-06-30T20:30:00Z,,,0.0,0.0,0.0,0.0,0.0,0.0,0.0,0.0,0.0,0.0,0.0,0.0,0.0,0.0,0.0,0.0,0.0,0.0,0.0,0.0,0.0,0.0,0.0,0.0
2026-06-30T21:00:00Z,imputed,,17.4,15.8,14.9,14.2,14.8,14.7,18.6,25.4,38.5,47.2,49.3,41.6,27.2,19.9,16.5,15.3,15.0,14.0,15.4,16.7,21.8,22.8,24.4,24.6
2026-06-30T21:30:00Z,imputed,,15.4,14.5,14.0,13.7,15.6,17.5,23.6,34.3,48.7,50.1,39.9,28.8,19.5,16.7,15.4,15.1,14.5,12.6,14.7,16.1,20.7,22.3,23.5,24.2
2026-06-30T22:00:00Z,imputed,,13.2,13.3,13.5,14.4,18.1,23.1,31.6,44.8,50.6,41.9,27.0,18.8,14.7,14.6,14.7,14.2,13.3,12.0,15.4,17.3,21.4,23.5,24.9,25.6
2026-06-30T22:30:00Z,imputed,,11.7,12.2,13.5,16.3,22.6,30.7,39.1,42.2,34.6,24.6,17.1,13.5,12.6,12.9,13.0,11.5,10.1,9.0,11.3,13.2,15.6,17.6,18.9,20.2
2026-06-30T23:00:00Z,failed,,0.0,0.0,0.0,0.0,0.0,0.0,0.0,0.0,0.0,0.0,0.0,0.0,0.0,0.0,0.0,0.0,0.0,0.0,0.0,0.0,0.0,0.0,0.0,0.0
2026-06-30T23:30:00Z,failed,,0.0,0.0,0.0,0.0,0.0,0.0,0.0,0.0,0.0,0.0,0.0,0.0,0.0,0.0,0.0,0.0,0.0,0.0,0.0,0.0,0.0,0.0,0.0,0.0
2026-07-01T00:00:00Z,imputed,,18.6,26.0,36.7,46.2,47.9,37.7,23.7,17.2,14.4,12.5,12.3,11.4,10.4,9.6,8.9,8.9,8.7,9.3,11.0,12.9,14.6,16.4,17.2,17.6
2026-07-01T00:30:00Z,,,0.0,0.0,0.0,0.0,0.0,0.0,0.0,0.0,0.0,0.0,0.0,0.0,0.0,0.0,0.0,0.0,0.0,0.0,0.0,0.0,0.0,0.0,0.0,0.0
2026-07-01T01:00:00Z,imputed,,37.0,43.3,42.7,34.9,25.4,18.0,13.1,12.3,11.5,10.6,10.2,9.3,8.9,9.1,8.8,8.4,8.0,8.4,10.7,12.1,12.5,14.8,15.5,14.5
2026-07-01T01:30:00Z,,,0.0,0.0,0.0,0.0,0.0,0.0,0.0,0.0,0.0,0.0,0.0,0.0,0.0,0.0,0.0,0.0,0.0,0.0,0.0,0.0,0.0,0.0,0.0,0.0
2026-07-01T02:00:00Z,imputed,,39.6,32.4,23.3,15.5,11.7,9.9,10.0,10.4,10.5,9.6,8.5,8.3,7.9,8.2,8.1,7.5,7.6,8.3,10.5,11.5,11.9,13.5,14.5,13.5
2026-07-01T02:30:00Z,,,0.0,0.0,0.0,0.0,0.0,0.0,0.0,0.0,0.0,0.0,0.0,0.0,0.0,0.0,0.0,0.0,0.0,0.0,0.0,0.0,0.0,0.0,0.0,0.0
2026-07-01T03:00:00Z,,,0.0,0.0,0.0,0.0,0.0,0.0,0.0,0.0,0.0,0.0,0.0,0.0,0.0,0.0,0.0,0.0,0.0,0.0,0.0,0.0,0.0,0.0,0.0,0.0
2026-07-01T03:30:00Z,imputed,,13.1,11.6,10.6,9.4,8.9,8.7,8.3,8.2,8.3,7.8,7.6,7.6,7.2,7.2,7.3,6.9,6.7,6.9,8.4,9.3,10.5,11.5,12.5,12.3
2026-07-01T04:00:00Z,,,0.0,0.0,0.0,0.0,0.0,0.0,0.0,0.0,0.0,0.0,0.0,0.0,0.0,0.0,0.0,0.0,0.0,0.0,0.0,0.0,0.0,0.0,0.0,0.0
2026-07-01T04:30:00Z,,,0.0,0.0,0.0,0.0,0.0,0.0,0.0,0.0,0.0,0.0,0.0,0.0,0.0,0.0,0.0,0.0,0.0,0.0,0.0,0.0,0.0,0.0,0.0,0.0
2026-07-01T05:00:00Z,imputed,,7.9,7.8,8.0,7.6,7.2,7.4,7.0,7.3,7.5,7.1,6.8,6.9,6.8,7.0,7.3,6.8,6.4,6.3,7.8,8.9,10.3,11.4,12.6,12.3
2026-07-01T05:30:00Z,,,0.0,0.0,0.0,0.0,0.0,0.0,0.0,0.0,0.0,0.0,0.0,0.0,0.0,0.0,0.0,0.0,0.0,0.0,0.0,0.0,0.0,0.0,0.0,0.0
2026-07-01T06:00:00Z,imputed,,7.6,7.3,7.3,6.8,6.6,7.1,7.0,7.3,7.6,7.1,6.7,6.8,6.6,6.7,6.9,6.6,6.2,6.2,7.6,8.7,10.1,11.1,12.4,12.2
2026-07-01T06:30:00Z,,,0.0,0.0,0.0,0.0,0.0,0.0,0.0,0.0,0.0,0.0,0.0,0.0,0.0,0.0,0.0,0.0,0.0,0.0,0.0,0.0,0.0,0.0,0.0,0.0
2026-07-01T07:00:00Z,,,0.0,0.0,0.0,0.0,0.0,0.0,0.0,0.0,0.0,0.0,0.0,0.0,0.0,0.0,0.0,0.0,0.0,0.0,0.0,0.0,0.0,0.0,0.0,0.0
2026-07-01T07:30:00Z,,,0.0,0.0,0.0,0.0,0.0,0.0,0.0,0.0,0.0,0.0,0.0,0.0,0.0,0.0,0.0,0.0,0.0,0.0,0.0,0.0,0.0,0.0,0.0,0.0
2026-07-01T08:00:00Z,failed,,0.0,0.0,0.0,0.0,0.0,0.0,0.0,0.0,0.0,0.0,0.0,0.0,0.0,0.0,0.0,0.0,0.0,0.0,0.0,0.0,0.0,0.0,0.0,0.0
2026-07-01T08:30:00Z,,,0.0,0.0,0.0,0.0,0.0,0.0,0.0,0.0,0.0,0.0,0.0,0.0,0.0,0.0,0.0,0.0,0.0,0.0,0.0,0.0,0.0,0.0,0.0,0.0
2026-07-01T09:00:00Z,,,0.0,0.0,0.0,0.0,0.0,0.0,0.0,0.0,0.0,0.0,0.0,0.0,0.0,0.0,0.0,0.0,0.0,0.0,0.0,0.0,0.0,0.0,0.0,0.0
2026-07-01T09:30:00Z,failed,,0.0,0.0,0.0,0.0,0.0,0.0,0.0,0.0,0.0,0.0,0.0,0.0,0.0,0.0,0.0,0.0,0.0,0.0,0.0,0.0,0.0,0.0,0.0,0.0
2026-07-01T10:00:00Z,,,0.0,0.0,0.0,0.0,0.0,0.0,0.0,0.0,0.0,0.0,0.0,0.0,0.0,0.0,0.0,0.0,0.0,0.0,0.0,0.0,0.0,0.0,0.0,0.0
2026-07-01T10:30:00Z,failed,,0.0,0.0,0.0,0.0,0.0,0.0,0.0,0.0,0.0,0.0,0.0,0.0,0.0,0.0,0.0,0.0,0.0,0.0,0.0,0.0,0.0,0.0,0.0,0.0
2026-07-01T11:00:00Z,,,0.0,0.0,0.0,0.0,0.0,0.0,0.0,0.0,0.0,0.0,0.0,0.0,0.0,0.0,0.0,0.0,0.0,0.0,0.0,0.0,0.0,0.0,0.0,0.0
2026-07-01T11:30:00Z,failed,,0.0,0.0,0.0,0.0,0.0,0.0,0.0,0.0,0.0,0.0,0.0,0.0,0.0,0.0,0.0,0.0,0.0,0.0,0.0,0.0,0.0,0.0,0.0,0.0
2026-07-01T12:00:00Z,,,0.0,0.0,0.0,0.0,0.0,0.0,0.0,0.0,0.0,0.0,0.0,0.0,0.0,0.0,0.0,0.0,0.0,0.0,0.0,0.0,0.0,0.0,0.0,0.0
2026-07-01T12:30:00Z,,,0.0,0.0,0.0,0.0,0.0,0.0,0.0,0.0,0.0,0.0,0.0,0.0,0.0,0.0,0.0,0.0,0.0,0.0,0.0,0.0,0.0,0.0,0.0,0.0
2026-07-01T13:00:00Z,failed,,0.0,0.0,0.0,0.0,0.0,0.0,0.0,0.0,0.0,0.0,0.0,0.0,0.0,0.0,0.0,0.0,0.0,0.0,0.0,0.0,0.0,0.0,0.0,0.0
2026-07-01T13:30:00Z,failed,,0.0,0.0,0.0,0.0,0.0,0.0,0.0,0.0,0.0,0.0,0.0,0.0,0.0,0.0,0.0,0.0,0.0,0.0,0.0,0.0,0.0,0.0,0.0,0.0
2026-07-01T14:00:00Z,,,0.0,0.0,0.0,0.0,0.0,0.0,0.0,0.0,0.0,0.0,0.0,0.0,0.0,0.0,0.0,0.0,0.0,0.0,0.0,0.0,0.0,0.0,0.0,0.0
2026-07-01T14:30:00Z,failed,,0.0,0.0,0.0,0.0,0.0,0.0,0.0,0.0,0.0,0.0,0.0,0.0,0.0,0.0,0.0,0.0,0.0,0.0,0.0,0.0,0.0,0.0,0.0,0.0
2026-07-01T15:00:00Z,,,0.0,0.0,0.0,0.0,0.0,0.0,0.0,0.0,0.0,0.0,0.0,0.0,0.0,0.0,0.0,0.0,0.0,0.0,0.0,0.0,0.0,0.0,0.0,0.0
2026-07-01T15:30:00Z,failed,,0.0,0.0,0.0,0.0,0.0,0.0,0.0,0.0,0.0,0.0,0.0,0.0,0.0,0.0,0.0,0.0,0.0,0.0,0.0,0.0,0.0,0.0,0.0,0.0
2026-07-01T16:00:00Z,,,0.0,0.0,0.0,0.0,0.0,0.0,0.0,0.0,0.0,0.0,0.0,0.0,0.0,0.0,0.0,0.0,0.0,0.0,0.0,0.0,0.0,0.0,0.0,0.0
2026-07-01T16:30:00Z,failed,,0.0,0.0,0.0,0.0,0.0,0.0,0.0,0.0,0.0,0.0,0.0,0.0,0.0,0.0,0.0,0.0,0.0,0.0,0.0,0.0,0.0,0.0,0.0,0.0
2026-07-01T17:00:00Z,failed,,0.0,0.0,0.0,0.0,0.0,0.0,0.0,0.0,0.0,0.0,0.0,0.0,0.0,0.0,0.0,0.0,0.0,0.0,0.0,0.0,0.0,0.0,0.0,0.0
2026-07-01T17:30:00Z,,,0.0,0.0,0.0,0.0,0.0,0.0,0.0,0.0,0.0,0.0,0.0,0.0,0.0,0.0,0.0,0.0,0.0,0.0,0.0,0.0,0.0,0.0,0.0,0.0
2026-07-01T18:00:00Z,failed,,0.0,0.0,0.0,0.0,0.0,0.0,0.0,0.0,0.0,0.0,0.0,0.0,0.0,0.0,0.0,0.0,0.0,0.0,0.0,0.0,0.0,0.0,0.0,0.0
2026-07-01T18:30:00Z,failed,,0.0,0.0,0.0,0.0,0.0,0.0,0.0,0.0,0.0,0.0,0.0,0.0,0.0,0.0,0.0,0.0,0.0,0.0,0.0,0.0,0.0,0.0,0.0,0.0
2026-07-01T19:00:00Z,,,0.0,0.0,0.0,0.0,0.0,0.0,0.0,0.0,0.0,0.0,0.0,0.0,0.0,0.0,0.0,0.0,0.0,0.0,0.0,0.0,0.0,0.0,0.0,0.0
2026-07-01T19:30:00Z,failed,,0.0,0.0,0.0,0.0,0.0,0.0,0.0,0.0,0.0,0.0,0.0,0.0,0.0,0.0,0.0,0.0,0.0,0.0,0.0,0.0,0.0,0.0,0.0,0.0
2026-07-01T20:00:00Z,failed,,0.0,0.0,0.0,0.0,0.0,0.0,0.0,0.0,0.0,0.0,0.0,0.0,0.0,0.0,0.0,0.0,0.0,0.0,0.0,0.0,0.0,0.0,0.0,0.0
2026-07-01T20:30:00Z,failed,,0.0,0.0,0.0,0.0,0.0,0.0,0.0,0.0,0.0,0.0,0.0,0.0,0.0,0.0,0.0,0.0,0.0,0.0,0.0,0.0,0.0,0.0,0.0,0.0
2026-07-01T21:00:00Z,,,0.0,0.0,0.0,0.0,0.0,0.0,0.0,0.0,0.0,0.0,0.0,0.0,0.0,0.0,0.0,0.0,0.0,0.0,0.0,0.0,0.0,0.0,0.0,0.0
2026-07-01T21:30:00Z,failed,,0.0,0.0,0.0,0.0,0.0,0.0,0.0,0.0,0.0,0.0,0.0,0.0,0.0,0.0,0.0,0.0,0.0,0.0,0.0,0.0,0.0,0.0,0.0,0.0
2026-07-01T22:00:00Z,failed,,0.0,0.0,0.0,0.0,0.0,0.0,0.0,0.0,0.0,0.0,0.0,0.0,0.0,0.0,0.0,0.0,0.0,0.0,0.0,0.0,0.0,0.0,0.0,0.0
2026-07-01T22:30:00Z,failed,,0.0,0.0,0.0,0.0,0.0,0.0,0.0,0.0,0.0,0.0,0.0,0.0,0.0,0.0,0.0,0.0,0.0,0.0,0.0,0.0,0.0,0.0,0.0,0.0
2026-07-01T23:00:00Z,failed,,0.0,0.0,0.0,0.0,0.0,0.0,0.0,0.0,0.0,0.0,0.0,0.0,0.0,0.0,0.0,0.0,0.0,0.0,0.0,0.0,0.0,0.0,0.0,0.0
2026-07-01T23:30:00Z,failed,,0.0,0.0,0.0,0.0,0.0,0.0,0.0,0.0,0.0,0.0,0.0,0.0,0.0,0.0,0.0,0.0,0.0,0.0,0.0,0.0,0.0,0.0,0.0,0.0
2026-07-02T00:00:00Z,failed,,0.0,0.0,0.0,0.0,0.0,0.0,0.0,0.0,0.0,0.0,0.0,0.0,0.0,0.0,0.0,0.0,0.0,0.0,0.0,0.0,0.0,0.0,0.0,0.0
2026-07-02T00:30:00Z,,,0.0,0.0,0.0,0.0,0.0,0.0,0.0,0.0,0.0,0.0,0.0,0.0,0.0,0.0,0.0,0.0,0.0,0.0,0.0,0.0,0.0,0.0,0.0,0.0
2026-07-02T01:00:00Z,failed,,0.0,0.0,0.0,0.0,0.0,0.0,0.0,0.0,0.0,0.0,0.0,0.0,0.0,0.0,0.0,0.0,0.0,0.0,0.0,0.0,0.0,0.0,0.0,0.0
2026-07-02T01:30:00Z,,,0.0,0.0,0.0,0.0,0.0,0.0,0.0,0.0,0.0,0.0,0.0,0.0,0.0,0.0,0.0,0.0,0.0,0.0,0.0,0.0,0.0,0.0,0.0,0.0
2026-07-02T02:00:00Z,failed,,0.0,0.0,0.0,0.0,0.0,0.0,0.0,0.0,0.0,0.0,0.0,0.0,0.0,0.0,0.0,0.0,0.0,0.0,0.0,0.0,0.0,0.0,0.0,0.0
2026-07-02T02:30:00Z,,,0.0,0.0,0.0,0.0,0.0,0.0,0.0,0.0,0.0,0.0,0.0,0.0,0.0,0.0,0.0,0.0,0.0,0.0,0.0,0.0,0.0,0.0,0.0,0.0
2026-07-02T03:00:00Z,failed,,0.0,0.0,0.0,0.0,0.0,0.0,0.0,0.0,0.0,0.0,0.0,0.0,0.0,0.0,0.0,0.0,0.0,0.0,0.0,0.0,0.0,0.0,0.0,0.0
2026-07-02T03:30:00Z,,,0.0,0.0,0.0,0.0,0.0,0.0,0.0,0.0,0.0,0.0,0.0,0.0,0.0,0.0,0.0,0.0,0.0,0.0,0.0,0.0,0.0,0.0,0.0,0.0
2026-07-02T04:00:00Z,,,0.0,0.0,0.0,0.0,0.0,0.0,0.0,0.0,0.0,0.0,0.0,0.0,0.0,0.0,0.0,0.0,0.0,0.0,0.0,0.0,0.0,0.0,0.0,0.0
2026-07-02T04:30:00Z,failed,,0.0,0.0,0.0,0.0,0.0,0.0,0.0,0.0,0.0,0.0,0.0,0.0,0.0,0.0,0.0,0.0,0.0,0.0,0.0,0.0,0.0,0.0,0.0,0.0
2026-07-02T05:00:00Z,,,0.0,0.0,0.0,0.0,0.0,0.0,0.0,0.0,0.0,0.0,0.0,0.0,0.0,0.0,0.0,0.0,0.0,0.0,0.0,0.0,0.0,0.0,0.0,0.0
2026-07-02T05:30:00Z,,,0.0,0.0,0.0,0.0,0.0,0.0,0.0,0.0,0.0,0.0,0.0,0.0,0.0,0.0,0.0,0.0,0.0,0.0,0.0,0.0,0.0,0.0,0.0,0.0
2026-07-02T06:00:00Z,failed,,0.0,0.0,0.0,0.0,0.0,0.0,0.0,0.0,0.0,0.0,0.0,0.0,0.0,0.0,0.0,0.0,0.0,0.0,0.0,0.0,0.0,0.0,0.0,0.0
2026-07-02T06:30:00Z,,,0.0,0.0,0.0,0.0,0.0,0.0,0.0,0.0,0.0,0.0,0.0,0.0,0.0,0.0,0.0,0.0,0.0,0.0,0.0,0.0,0.0,0.0,0.0,0.0
2026-07-02T07:00:00Z,failed,,0.0,0.0,0.0,0.0,0.0,0.0,0.0,0.0,0.0,0.0,0.0,0.0,0.0,0.0,0.0,0.0,0.0,0.0,0.0,0.0,0.0,0.0,0.0,0.0
2026-07-02T07:30:00Z,,,0.0,0.0,0.0,0.0,0.0,0.0,0.0,0.0,0.0,0.0,0.0,0.0,0.0,0.0,0.0,0.0,0.0,0.0,0.0,0.0,0.0,0.0,0.0,0.0
2026-07-02T08:00:00Z,failed,,0.0,0.0,0.0,0.0,0.0,0.0,0.0,0.0,0.0,0.0,0.0,0.0,0.0,0.0,0.0,0.0,0.0,0.0,0.0,0.0,0.0,0.0,0.0,0.0
2026-07-02T08:30:00Z,,,0.0,0.0,0.0,0.0,0.0,0.0,0.0,0.0,0.0,0.0,0.0,0.0,0.0,0.0,0.0,0.0,0.0,0.0,0.0,0.0,0.0,0.0,0.0,0.0
2026-07-02T09:00:00Z,,,0.0,0.0,0.0,0.0,0.0,0.0,0.0,0.0,0.0,0.0,0.0,0.0,0.0,0.0,0.0,0.0,0.0,0.0,0.0,0.0,0.0,0.0,0.0,0.0
2026-07-02T09:30:00Z,failed,,0.0,0.0,0.0,0.0,0.0,0.0,0.0,0.0,0.0,0.0,0.0,0.0,0.0,0.0,0.0,0.0,0.0,0.0,0.0,0.0,0.0,0.0,0.0,0.0
2026-07-02T10:00:00Z,,,0.0,0.0,0.0,0.0,0.0,0.0,0.0,0.0,0.0,0.0,0.0,0.0,0.0,0.0,0.0,0.0,0.0,0.0,0.0,0.0,0.0,0.0,0.0,0.0
2026-07-02T10:30:00Z,failed,,0.0,0.0,0.0,0.0,0.0,0.0,0.0,0.0,0.0,0.0,0.0,0.0,0.0,0.0,0.0,0.0,0.0,0.0,0.0,0.0,0.0,0.0,0.0,0.0
2026-07-02T11:00:00Z,,,0.0,0.0,0.0,0.0,0.0,0.0,0.0,0.0,0.0,0.0,0.0,0.0,0.0,0.0,0.0,0.0,0.0,0.0,0.0,0.0,0.0,0.0,0.0,0.0
2026-07-02T11:30:00Z,failed,,0.0,0.0,0.0,0.0,0.0,0.0,0.0,0.0,0.0,0.0,0.0,0.0,0.0,0.0,0.0,0.0,0.0,0.0,0.0,0.0,0.0,0.0,0.0,0.0
2026-07-02T12:00:00Z,failed,,0.0,0.0,0.0,0.0,0.0,0.0,0.0,0.0,0.0,0.0,0.0,0.0,0.0,0.0,0.0,0.0,0.0,0.0,0.0,0.0,0.0,0.0,0.0,0.0
2026-07-02T12:30:00Z,,,0.0,0.0,0.0,0.0,0.0,0.0,0.0,0.0,0.0,0.0,0.0,0.0,0.0,0.0,0.0,0.0,0.0,0.0,0.0,0.0,0.0,0.0,0.0,0.0
2026-07-02T13:00:00Z,failed,,0.0,0.0,0.0,0.0,0.0,0.0,0.0,0.0,0.0,0.0,0.0,0.0,0.0,0.0,0.0,0.0,0.0,0.0,0.0,0.0,0.0,0.0,0.0,0.0
2026-07-02T13:30:00Z,failed,,0.0,0.0,0.0,0.0,0.0,0.0,0.0,0.0,0.0,0.0,0.0,0.0,0.0,0.0,0.0,0.0,0.0,0.0,0.0,0.0,0.0,0.0,0.0,0.0
2026-07-02T14:00:00Z,,,0.0,0.0,0.0,0.0,0.0,0.0,0.0,0.0,0.0,0.0,0.0,0.0,0.0,0.0,0.0,0.0,0.0,0.0,0.0,0.0,0.0,0.0,0.0,0.0
2026-07-02T14:30:00Z,failed,,0.0,0.0,0.0,0.0,0.0,0.0,0.0,0.0,0.0,0.0,0.0,0.0,0.0,0.0,0.0,0.0,0.0,0.0,0.0,0.0,0.0,0.0,0.0,0.0
2026-07-02T15:00:00Z,,,0.0,0.0,0.0,0.0,0.0,0.0,0.0,0.0,0.0,0.0,0.0,0.0,0.0,0.0,0.0,0.0,0.0,0.0,0.0,0.0,0.0,0.0,0.0,0.0
2026-07-02T15:30:00Z,failed,,0.0,0.0,0.0,0.0,0.0,0.0,0.0,0.0,0.0,0.0,0.0,0.0,0.0,0.0,0.0,0.0,0.0,0.0,0.0,0.0,0.0,0.0,0.0,0.0
2026-07-02T16:00:00Z,failed,,0.0,0.0,0.0,0.0,0.0,0.0,0.0,0.0,0.0,0.0,0.0,0.0,0.0,0.0,0.0,0.0,0.0,0.0,0.0,0.0,0.0,0.0,0.0,0.0
2026-07-02T16:30:00Z,,,0.0,0.0,0.0,0.0,0.0,0.0,0.0,0.0,0.0,0.0,0.0,0.0,0.0,0.0,0.0,0.0,0.0,0.0,0.0,0.0,0.0,0.0,0.0,0.0
2026-07-02T17:00:00Z,failed,,0.0,0.0,0.0,0.0,0.0,0.0,0.0,0.0,0.0,0.0,0.0,0.0,0.0,0.0,0.0,0.0,0.0,0.0,0.0,0.0,0.0,0.0,0.0,0.0
2026-07-02T17:30:00Z,failed,,0.0,0.0,0.0,0.0,0.0,0.0,0.0,0.0,0.0,0.0,0.0,0.0,0.0,0.0,0.0,0.0,0.0,0.0,0.0,0.0,0.0,0.0,0.0,0.0
2026-07-02T18:00:00Z,failed,,0.0,0.0,0.0,0.0,0.0,0.0,0.0,0.0,0.0,0.0,0.0,0.0,0.0,0.0,0.0,0.0,0.0,0.0,0.0,0.0,0.0,0.0,0.0,0.0
2026-07-02T18:30:00Z,failed,,0.0,0.0,0.0,0.0,0.0,0.0,0.0,0.0,0.0,0.0,0.0,0.0,0.0,0.0,0.0,0.0,0.0,0.0,0.0,0.0,0.0,0.0,0.0,0.0
2026-07-02T19:00:00Z,,,0.0,0.0,0.0,0.0,0.0,0.0,0.0,0.0,0.0,0.0,0.0,0.0,0.0,0.0,0.0,0.0,0.0,0.0,0.0,0.0,0.0,0.0,0.0,0.0
2026-07-02T19:30:00Z,failed,,0.0,0.0,0.0,0.0,0.0,0.0,0.0,0.0,0.0,0.0,0.0,0.0,0.0,0.0,0.0,0.0,0.0,0.0,0.0,0.0,0.0,0.0,0.0,0.0
2026-07-02T20:00:00Z,failed,,0.0,0.0,0.0,0.0,0.0,0.0,0.0,0.0,0.0,0.0,0.0,0.0,0.0,0.0,0.0,0.0,0.0,0.0,0.0,0.0,0.0,0.0,0.0,0.0
2026-07-02T20:30:00Z,failed,,0.0,0.0,0.0,0.0,0.0,0.0,0.0,0.0,0.0,0.0,0.0,0.0,0.0,0.0,0.0,0.0,0.0,0.0,0.0,0.0,0.0,0.0,0.0,0.0
2026-07-02T21:00:00Z,failed,,0.0,0.0,0.0,0.0,0.0,0.0,0.0,0.0,0.0,0.0,0.0,0.0,0.0,0.0,0.0,0.0,0.0,0.0,0.0,0.0,0.0,0.0,0.0,0.0
2026-07-02T21:30:00Z,failed,,0.0,0.0,0.0,0.0,0.0,0.0,0.0,0.0,0.0,0.0,0.0,0.0,0.0,0.0,0.0,0.0,0.0,0.0,0.0,0.0,0.0,0.0,0.0,0.0
2026-07-02T22:00:00Z,failed,,0.0,0.0,0.0,0.0,0.0,0.0,0.0,0.0,0.0,0.0,0.0,0.0,0.0,0.0,0.0,0.0,0.0,0.0,0.0,0.0,0.0,0.0,0.0,0.0
2026-07-02T22:30:00Z,failed,,0.0,0.0,0.0,0.0,0.0,0.0,0.0,0.0,0.0,0.0,0.0,0.0,0.0,0.0,0.0,0.0,0.0,0.0,0.0,0.0,0.0,0.0,0.0,0.0
2026-07-02T23:00:00Z,failed,,0.0,0.0,0.0,0.0,0.0,0.0,0.0,0.0,0.0,0.0,0.0,0.0,0.0,0.0,0.0,0.0,0.0,0.0,0.0,0.0,0.0,0.0,0.0,0.0
2026-07-02T23:30:00Z,failed,,0.0,0.0,0.0,0.0,0.0,0.0,0.0,0.0,0.0,0.0,0.0,0.0,0.0,0.0,0.0,0.0,0.0,0.0,0.0,0.0,0.0,0.0,0.0,0.0
2026-07-03T00:00:00Z,,,0.0,0.0,0.0,0.0,0.0,0.0,0.0,0.0,0.0,0.0,0.0,0.0,0.0,0.0,0.0,0.0,0.0,0.0,0.0,0.0,0.0,0.0,0.0,0.0
2026-07-03T00:30:00Z,failed,,0.0,0.0,0.0,0.0,0.0,0.0,0.0,0.0,0.0,0.0,0.0,0.0,0.0,0.0,0.0,0.0,0.0,0.0,0.0,0.0,0.0,0.0,0.0,0.0
2026-07-03T01:00:00Z,failed,,0.0,0.0,0.0,0.0,0.0,0.0,0.0,0.0,0.0,0.0,0.0,0.0,0.0,0.0,0.0,0.0,0.0,0.0,0.0,0.0,0.0,0.0,0.0,0.0
2026-07-03T01:30:00Z,,,0.0,0.0,0.0,0.0,0.0,0.0,0.0,0.0,0.0,0.0,0.0,0.0,0.0,0.0,0.0,0.0,0.0,0.0,0.0,0.0,0.0,0.0,0.0,0.0
2026-07-03T02:00:00Z,failed,,0.0,0.0,0.0,0.0,0.0,0.0,0.0,0.0,0.0,0.0,0.0,0.0,0.0,0.0,0.0,0.0,0.0,0.0,0.0,0.0,0.0,0.0,0.0,0.0
2026-07-03T02:30:00Z,,,0.0,0.0,0.0,0.0,0.0,0.0,0.0,0.0,0.0,0.0,0.0,0.0,0.0,0.0,0.0,0.0,0.0,0.0,0.0,0.0,0.0,0.0,0.0,0.0
2026-07-03T03:00:00Z,,,0.0,0.0,0.0,0.0,0.0,0.0,0.0,0.0,0.0,0.0,0.0,0.0,0.0,0.0,0.0,0.0,0.0,0.0,0.0,0.0,0.0,0.0,0.0,0.0
2026-07-03T03:30:00Z,failed,,0.0,0.0,0.0,0.0,0.0,0.0,0.0,0.0,0.0,0.0,0.0,0.0,0.0,0.0,0.0,0.0,0.0,0.0,0.0,0.0,0.0,0.0,0.0,0.0
2026-07-03T04:00:00Z,,,0.0,0.0,0.0,0.0,0.0,0.0,0.0,0.0,0.0,0.0,0.0,0.0,0.0,0.0,0.0,0.0,0.0,0.0,0.0,0.0,0.0,0.0,0.0,0.0
2026-07-03T04:30:00Z,,,0.0,0.0,0.0,0.0,0.0,0.0,0.0,0.0,0.0,0.0,0.0,0.0,0.0,0.0,0.0,0.0,0.0,0.0,0.0,0.0,0.0,0.0,0.0,0.0
2026-07-03T05:00:00Z,failed,,0.0,0.0,0.0,0.0,0.0,0.0,0.0,0.0,0.0,0.0,0.0,0.0,0.0,0.0,0.0,0.0,0.0,0.0,0.0,0.0,0.0,0.0,0.0,0.0
2026-07-03T05:30:00Z,,,0.0,0.0,0.0,0.0,0.0,0.0,0.0,0.0,0.0,0.0,0.0,0.0,0.0,0.0,0.0,0.0,0.0,0.0,0.0,0.0,0.0,0.0,0.0,0.0
2026-07-03T06:00:00Z,failed,,0.0,0.0,0.0,0.0,0.0,0.0,0.0,0.0,0.0,0.0,0.0,0.0,0.0,0.0,0.0,0.0,0.0,0.0,0.0,0.0,0.0,0.0,0.0,0.0
2026-07-03T06:30:00Z,,,0.0,0.0,0.0,0.0,0.0,0.0,0.0,0.0,0.0,0.0,0.0,0.0,0.0,0.0,0.0,0.0,0.0,0.0,0.0,0.0,0.0,0.0,0.0,0.0
2026-07-03T07:00:00Z,,,0.0,0.0,0.0,0.0,0.0,0.0,0.0,0.0,0.0,0.0,0.0,0.0,0.0,0.0,0.0,0.0,0.0,0.0,0.0,0.0,0.0,0.0,0.0,0.0
2026-07-03T07:30:00Z,failed,,0.0,0.0,0.0,0.0,0.0,0.0,0.0,0.0,0.0,0.0,0.0,0.0,0.0,0.0,0.0,0.0,0.0,0.0,0.0,0.0,0.0,0.0,0.0,0.0
2026-07-03T08:00:00Z,,,0.0,0.0,0.0,0.0,0.0,0.0,0.0,0.0,0.0,0.0,0.0,0.0,0.0,0.0,0.0,0.0,0.0,0.0,0.0,0.0,0.0,0.0,0.0,0.0
2026-07-03T08:30:00Z,failed,,0.0,0.0,0.0,0.0,0.0,0.0,0.0,0.0,0.0,0.0,0.0,0.0,0.0,0.0,0.0,0.0,0.0,0.0,0.0,0.0,0.0,0.0,0.0,0.0
2026-07-03T09:00:00Z,,,0.0,0.0,0.0,0.0,0.0,0.0,0.0,0.0,0.0,0.0,0.0,0.0,0.0,0.0,0.0,0.0,0.0,0.0,0.0,0.0,0.0,0.0,0.0,0.0
2026-07-03T09:30:00Z,failed,,0.0,0.0,0.0,0.0,0.0,0.0,0.0,0.0,0.0,0.0,0.0,0.0,0.0,0.0,0.0,0.0,0.0,0.0,0.0,0.0,0.0,0.0,0.0,0.0
2026-07-03T10:00:00Z,,,0.0,0.0,0.0,0.0,0.0,0.0,0.0,0.0,0.0,0.0,0.0,0.0,0.0,0.0,0.0,0.0,0.0,0.0,0.0,0.0,0.0,0.0,0.0,0.0
2026-07-03T10:30:00Z,failed,,0.0,0.0,0.0,0.0,0.0,0.0,0.0,0.0,0.0,0.0,0.0,0.0,0.0,0.0,0.0,0.0,0.0,0.0,0.0,0.0,0.0,0.0,0.0,0.0
2026-07-03T11:00:00Z,,,0.0,0.0,0.0,0.0,0.0,0.0,0.0,0.0,0.0,0.0,0.0,0.0,0.0,0.0,0.0,0.0,0.0,0.0,0.0,0.0,0.0,0.0,0.0,0.0
2026-07-03T11:30:00Z,failed,,0.0,0.0,0.0,0.0,0.0,0.0,0.0,0.0,0.0,0.0,0.0,0.0,0.0,0.0,0.0,0.0,0.0,0.0,0.0,0.0,0.0,0.0,0.0,0.0
2026-07-03T12:00:00Z,failed,,0.0,0.0,0.0,0.0,0.0,0.0,0.0,0.0,0.0,0.0,0.0,0.0,0.0,0.0,0.0,0.0,0.0,0.0,0.0,0.0,0.0,0.0,0.0,0.0
2026-07-03T12:30:00Z,,,0.0,0.0,0.0,0.0,0.0,0.0,0.0,0.0,0.0,0.0,0.0,0.0,0.0,0.0,0.0,0.0,0.0,0.0,0.0,0.0,0.0,0.0,0.0,0.0
2026-07-03T13:00:00Z,failed,,0.0,0.0,0.0,0.0,0.0,0.0,0.0,0.0,0.0,0.0,0.0,0.0,0.0,0.0,0.0,0.0,0.0,0.0,0.0,0.0,0.0,0.0,0.0,0.0
2026-07-03T13:30:00Z,failed,,0.0,0.0,0.0,0.0,0.0,0.0,0.0,0.0,0.0,0.0,0.0,0.0,0.0,0.0,0.0,0.0,0.0,0.0,0.0,0.0,0.0,0.0,0.0,0.0
2026-07-03T14:00:00Z,,,0.0,0.0,0.0,0.0,0.0,0.0,0.0,0.0,0.0,0.0,0.0,0.0,0.0,0.0,0.0,0.0,0.0,0.0,0.0,0.0,0.0,0.0,0.0,0.0
2026-07-03T14:30:00Z,failed,,0.0,0.0,0.0,0.0,0.0,0.0,0.0,0.0,0.0,0.0,0.0,0.0,0.0,0.0,0.0,0.0,0.0,0.0,0.0,0.0,0.0,0.0,0.0,0.0
2026-07-03T15:00:00Z,,,0.0,0.0,0.0,0.0,0.0,0.0,0.0,0.0,0.0,0.0,0.0,0.0,0.0,0.0,0.0,0.0,0.0,0.0,0.0,0.0,0.0,0.0,0.0,0.0
2026-07-03T15:30:00Z,failed,,0.0,0.0,0.0,0.0,0.0,0.0,0.0,0.0,0.0,0.0,0.0,0.0,0.0,0.0,0.0,0.0,0.0,0.0,0.0,0.0,0.0,0.0,0.0,0.0
2026-07-03T16:00:00Z,failed,,0.0,0.0,0.0,0.0,0.0,0.0,0.0,0.0,0.0,0.0,0.0,0.0,0.0,0.0,0.0,0.0,0.0,0.0,0.0,0.0,0.0,0.0,0.0,0.0
2026-07-03T16:30:00Z,failed,,0.0,0.0,0.0,0.0,0.0,0.0,0.0,0.0,0.0,0.0,0.0,0.0,0.0,0.0,0.0,0.0,0.0,0.0,0.0,0.0,0.0,0.0,0.0,0.0
2026-07-03T17:00:00Z,failed,,0.0,0.0,0.0,0.0,0.0,0.0,0.0,0.0,0.0,0.0,0.0,0.0,0.0,0.0,0.0,0.0,0.0,0.0,0.0,0.0,0.0,0.0,0.0,0.0
2026-07-03T17:30:00Z,failed,,0.0,0.0,0.0,0.0,0.0,0.0,0.0,0.0,0.0,0.0,0.0,0.0,0.0,0.0,0.0,0.0,0.0,0.0,0.0,0.0,0.0,0.0,0.0,0.0
2026-07-03T18:00:00Z,failed,,0.0,0.0,0.0,0.0,0.0,0.0,0.0,0.0,0.0,0.0,0.0,0.0,0.0,0.0,0.0,0.0,0.0,0.0,0.0,0.0,0.0,0.0,0.0,0.0
2026-07-03T18:30:00Z,failed,,0.0,0.0,0.0,0.0,0.0,0.0,0.0,0.0,0.0,0.0,0.0,0.0,0.0,0.0,0.0,0.0,0.0,0.0,0.0,0.0,0.0,0.0,0.0,0.0
2026-07-03T19:00:00Z,failed,,0.0,0.0,0.0,0.0,0.0,0.0,0.0,0.0,0.0,0.0,0.0,0.0,0.0,0.0,0.0,0.0,0.0,0.0,0.0,0.0,0.0,0.0,0.0,0.0
2026-07-03T19:30:00Z,failed,,0.0,0.0,0.0,0.0,0.0,0.0,0.0,0.0,0.0,0.0,0.0,0.0,0.0,0.0,0.0,0.0,0.0,0.0,0.0,0.0,0.0,0.0,0.0,0.0
2026-07-03T20:00:00Z,,,0.0,0.0,0.0,0.0,0.0,0.0,0.0,0.0,0.0,0.0,0.0,0.0,0.0,0.0,0.0,0.0,0.0,0.0,0.0,0.0,0.0,0.0,0.0,0.0
2026-07-03T20:30:00Z,failed,,0.0,0.0,0.0,0.0,0.0,0.0,0.0,0.0,0.0,0.0,0.0,0.0,0.0,0.0,0.0,0.0,0.0,0.0,0.0,0.0,0.0,0.0,0.0,0.0
2026-07-03T21:00:00Z,failed,,0.0,0.0,0.0,0.0,0.0,0.0,0.0,0.0,0.0,0.0,0.0,0.0,0.0,0.0,0.0,0.0,0.0,0.0,0.0,0.0,0.0,0.0,0.0,0.0
2026-07-03T21:30:00Z,failed,,0.0,0.0,0.0,0.0,0.0,0.0,0.0,0.0,0.0,0.0,0.0,0.0,0.0,0.0,0.0,0.0,0.0,0.0,0.0,0.0,0.0,0.0,0.0,0.0
2026-07-03T22:00:00Z,failed,,0.0,0.0,0.0,0.0,0.0,0.0,0.0,0.0,0.0,0.0,0.0,0.0,0.0,0.0,0.0,0.0,0.0,0.0,0.0,0.0,0.0,0.0,0.0,0.0
2026-07-03T22:30:00Z,failed,,0.0,0.0,0.0,0.0,0.0,0.0,0.0,0.0,0.0,0.0,0.0,0.0,0.0,0.0,0.0,0.0,0.0,0.0,0.0,0.0,0.0,0.0,0.0,0.0
2026-07-03T23:00:00Z,failed,,0.0,0.0,0.0,0.0,0.0,0.0,0.0,0.0,0.0,0.0,0.0,0.0,0.0,0.0,0.0,0.0,0.0,0.0,0.0,0.0,0.0,0.0,0.0,0.0
2026-07-03T23:30:00Z,failed,,0.0,0.0,0.0,0.0,0.0,0.0,0.0,0.0,0.0,0.0,0.0,0.0,0.0,0.0,0.0,0.0,0.0,0.0,0.0,0.0,0.0,0.0,0.0,0.0
2026-07-04T00:00:00Z,failed,,0.0,0.0,0.0,0.0,0.0,0.0,0.0,0.0,0.0,0.0,0.0,0.0,0.0,0.0,0.0,0.0,0.0,0.0,0.0,0.0,0.0,0.0,0.0,0.0
2026-07-04T00:30:00Z,failed,,0.0,0.0,0.0,0.0,0.0,0.0,0.0,0.0,0.0,0.0,0.0,0.0,0.0,0.0,0.0,0.0,0.0,0.0,0.0,0.0,0.0,0.0,0.0,0.0
2026-07-04T01:00:00Z,,,0.0,0.0,0.0,0.0,0.0,0.0,0.0,0.0,0.0,0.0,0.0,0.0,0.0,0.0,0.0,0.0,0.0,0.0,0.0,0.0,0.0,0.0,0.0,0.0
2026-07-04T01:30:00Z,failed,,0.0,0.0,0.0,0.0,0.0,0.0,0.0,0.0,0.0,0.0,0.0,0.0,0.0,0.0,0.0,0.0,0.0,0.0,0.0,0.0,0.0,0.0,0.0,0.0
2026-07-04T02:00:00Z,,,0.0,0.0,0.0,0.0,0.0,0.0,0.0,0.0,0.0,0.0,0.0,0.0,0.0,0.0,0.0,0.0,0.0,0.0,0.0,0.0,0.0,0.0,0.0,0.0
2026-07-04T02:30:00Z,failed,,0.0,0.0,0.0,0.0,0.0,0.0,0.0,0.0,0.0,0.0,0.0,0.0,0.0,0.0,0.0,0.0,0.0,0.0,0.0,0.0,0.0,0.0,0.0,0.0
2026-07-04T03:00:00Z,,,0.0,0.0,0.0,0.0,0.0,0.0,0.0,0.0,0.0,0.0,0.0,0.0,0.0,0.0,0.0,0.0,0.0,0.0,0.0,0.0,0.0,0.0,0.0,0.0
2026-07-04T03:30:00Z,,,0.0,0.0,0.0,0.0,0.0,0.0,0.0,0.0,0.0,0.0,0.0,0.0,0.0,0.0,0.0,0.0,0.0,0.0,0.0,0.0,0.0,0.0,0.0,0.0
2026-07-04T04:00:00Z,failed,,0.0,0.0,0.0,0.0,0.0,0.0,0.0,0.0,0.0,0.0,0.0,0.0,0.0,0.0,0.0,0.0,0.0,0.0,0.0,0.0,0.0,0.0,0.0,0.0
2026-07-04T04:30:00Z,,,0.0,0.0,0.0,0.0,0.0,0.0,0.0,0.0,0.0,0.0,0.0,0.0,0.0,0.0,0.0,0.0,0.0,0.0,0.0,0.0,0.0,0.0,0.0,0.0
2026-07-04T05:00:00Z,failed,,0.0,0.0,0.0,0.0,0.0,0.0,0.0,0.0,0.0,0.0,0.0,0.0,0.0,0.0,0.0,0.0,0.0,0.0,0.0,0.0,0.0,0.0,0.0,0.0
2026-07-04T05:30:00Z,,,0.0,0.0,0.0,0.0,0.0,0.0,0.0,0.0,0.0,0.0,0.0,0.0,0.0,0.0,0.0,0.0,0.0,0.0,0.0,0.0,0.0,0.0,0.0,0.0
2026-07-04T06:00:00Z,,,0.0,0.0,0.0,0.0,0.0,0.0,0.0,0.0,0.0,0.0,0.0,0.0,0.0,0.0,0.0,0.0,0.0,0.0,0.0,0.0,0.0,0.0,0.0,0.0
2026-07-04T06:30:00Z,failed,,0.0,0.0,0.0,0.0,0.0,0.0,0.0,0.0,0.0,0.0,0.0,0.0,0.0,0.0,0.0,0.0,0.0,0.0,0.0,0.0,0.0,0.0,0.0,0.0
2026-07-04T07:00:00Z,,,0.0,0.0,0.0,0.0,0.0,0.0,0.0,0.0,0.0,0.0,0.0,0.0,0.0,0.0,0.0,0.0,0.0,0.0,0.0,0.0,0.0,0.0,0.0,0.0
2026-07-04T07:30:00Z,failed,,0.0,0.0,0.0,0.0,0.0,0.0,0.0,0.0,0.0,0.0,0.0,0.0,0.0,0.0,0.0,0.0,0.0,0.0,0.0,0.0,0.0,0.0,0.0,0.0
2026-07-04T08:00:00Z,failed,,0.0,0.0,0.0,0.0,0.0,0.0,0.0,0.0,0.0,0.0,0.0,0.0,0.0,0.0,0.0,0.0,0.0,0.0,0.0,0.0,0.0,0.0,0.0,0.0
2026-07-04T08:30:00Z,,,0.0,0.0,0.0,0.0,0.0,0.0,0.0,0.0,0.0,0.0,0.0,0.0,0.0,0.0,0.0,0.0,0.0,0.0,0.0,0.0,0.0,0.0,0.0,0.0
2026-07-04T09:00:00Z,failed,,0.0,0.0,0.0,0.0,0.0,0.0,0.0,0.0,0.0,0.0,0.0,0.0,0.0,0.0,0.0,0.0,0.0,0.0,0.0,0.0,0.0,0.0,0.0,0.0
2026-07-04T09:30:00Z,,,0.0,0.0,0.0,0.0,0.0,0.0,0.0,0.0,0.0,0.0,0.0,0.0,0.0,0.0,0.0,0.0,0.0,0.0,0.0,0.0,0.0,0.0,0.0,0.0
2026-07-04T10:00:00Z,failed,,0.0,0.0,0.0,0.0,0.0,0.0,0.0,0.0,0.0,0.0,0.0,0.0,0.0,0.0,0.0,0.0,0.0,0.0,0.0,0.0,0.0,0.0,0.0,0.0
2026-07-04T10:30:00Z,failed,,0.0,0.0,0.0,0.0,0.0,0.0,0.0,0.0,0.0,0.0,0.0,0.0,0.0,0.0,0.0,0.0,0.0,0.0,0.0,0.0,0.0,0.0,0.0,0.0
2026-07-04T11:00:00Z,failed,,0.0,0.0,0.0,0.0,0.0,0.0,0.0,0.0,0.0,0.0,0.0,0.0,0.0,0.0,0.0,0.0,0.0,0.0,0.0,0.0,0.0,0.0,0.0,0.0
2026-07-04T11:30:00Z,failed,,0.0,0.0,0.0,0.0,0.0,0.0,0.0,0.0,0.0,0.0,0.0,0.0,0.0,0.0,0.0,0.0,0.0,0.0,0.0,0.0,0.0,0.0,0.0,0.0
2026-07-04T12:00:00Z,,,0.0,0.0,0.0,0.0,0.0,0.0,0.0,0.0,0.0,0.0,0.0,0.0,0.0,0.0,0.0,0.0,0.0,0.0,0.0,0.0,0.0,0.0,0.0,0.0
2026-07-04T12:30:00Z,failed,,0.0,0.0,0.0,0.0,0.0,0.0,0.0,0.0,0.0,0.0,0.0,0.0,0.0,0.0,0.0,0.0,0.0,0.0,0.0,0.0,0.0,0.0,0.0,0.0
2026-07-04T13:00:00Z,failed,,0.0,0.0,0.0,0.0,0.0,0.0,0.0,0.0,0.0,0.0,0.0,0.0,0.0,0.0,0.0,0.0,0.0,0.0,0.0,0.0,0.0,0.0,0.0,0.0
2026-07-04T13:30:00Z,failed,,0.0,0.0,0.0,0.0,0.0,0.0,0.0,0.0,0.0,0.0,0.0,0.0,0.0,0.0,0.0,0.0,0.0,0.0,0.0,0.0,0.0,0.0,0.0,0.0
2026-07-04T14:00:00Z,failed,,0.0,0.0,0.0,0.0,0.0,0.0,0.0,0.0,0.0,0.0,0.0,0.0,0.0,0.0,0.0,0.0,0.0,0.0,0.0,0.0,0.0,0.0,0.0,0.0
2026-07-04T14:30:00Z,failed,,0.0,0.0,0.0,0.0,0.0,0.0,0.0,0.0,0.0,0.0,0.0,0.0,0.0,0.0,0.0,0.0,0.0,0.0,0.0,0.0,0.0,0.0,0.0,0.0
2026-07-04T15:00:00Z,failed,,0.0,0.0,0.0,0.0,0.0,0.0,0.0,0.0,0.0,0.0,0.0,0.0,0.0,0.0,0.0,0.0,0.0,0.0,0.0,0.0,0.0,0.0,0.0,0.0
2026-07-04T15:30:00Z,failed,,0.0,0.0,0.0,0.0,0.0,0.0,0.0,0.0,0.0,0.0,0.0,0.0,0.0,0.0,0.0,0.0,0.0,0.0,0.0,0.0,0.0,0.0,0.0,0.0
2026-07-04T16:00:00Z,failed,,0.0,0.0,0.0,0.0,0.0,0.0,0.0,0.0,0.0,0.0,0.0,0.0,0.0,0.0,0.0,0.0,0.0,0.0,0.0,0.0,0.0,0.0,0.0,0.0
2026-07-04T16:30:00Z,failed,,0.0,0.0,0.0,0.0,0.0,0.0,0.0,0.0,0.0,0.0,0.0,0.0,0.0,0.0,0.0,0.0,0.0,0.0,0.0,0.0,0.0,0.0,0.0,0.0
2026-07-04T17:00:00Z,failed,,0.0,0.0,0.0,0.0,0.0,0.0,0.0,0.0,0.0,0.0,0.0,0.0,0.0,0.0,0.0,0.0,0.0,0.0,0.0,0.0,0.0,0.0,0.0,0.0
2026-07-04T17:30:00Z,failed,,0.0,0.0,0.0,0.0,0.0,0.0,0.0,0.0,0.0,0.0,0.0,0.0,0.0,0.0,0.0,0.0,0.0,0.0,0.0,0.0,0.0,0.0,0.0,0.0
2026-07-04T18:00:00Z,failed,,0.0,0.0,0.0,0.0,0.0,0.0,0.0,0.0,0.0,0.0,0.0,0.0,0.0,0.0,0.0,0.0,0.0,0.0,0.0,0.0,0.0,0.0,0.0,0.0
2026-07-04T18:30:00Z,failed,,0.0,0.0,0.0,0.0,0.0,0.0,0.0,0.0,0.0,0.0,0.0,0.0,0.0,0.0,0.0,0.0,0.0,0.0,0.0,0.0,0.0,0.0,0.0,0.0
2026-07-04T19:00:00Z,failed,,0.0,0.0,0.0,0.0,0.0,0.0,0.0,0.0,0.0,0.0,0.0,0.0,0.0,0.0,0.0,0.0,0.0,0.0,0.0,0.0,0.0,0.0,0.0,0.0
2026-07-04T19:30:00Z,failed,,0.0,0.0,0.0,0.0,0.0,0.0,0.0,0.0,0.0,0.0,0.0,0.0,0.0,0.0,0.0,0.0,0.0,0.0,0.0,0.0,0.0,0.0,0.0,0.0
2026-07-04T20:00:00Z,failed,,0.0,0.0,0.0,0.0,0.0,0.0,0.0,0.0,0.0,0.0,0.0,0.0,0.0,0.0,0.0,0.0,0.0,0.0,0.0,0.0,0.0,0.0,0.0,0.0
2026-07-04T20:30:00Z,failed,,0.0,0.0,0.0,0.0,0.0,0.0,0.0,0.0,0.0,0.0,0.0,0.0,0.0,0.0,0.0,0.0,0.0,0.0,0.0,0.0,0.0,0.0,0.0,0.0
2026-07-04T21:00:00Z,failed,,0.0,0.0,0.0,0.0,0.0,0.0,0.0,0.0,0.0,0.0,0.0,0.0,0.0,0.0,0.0,0.0,0.0,0.0,0.0,0.0,0.0,0.0,0.0,0.0
2026-07-04T21:30:00Z,failed,,0.0,0.0,0.0,0.0,0.0,0.0,0.0,0.0,0.0,0.0,0.0,0.0,0.0,0.0,0.0,0.0,0.0,0.0,0.0,0.0,0.0,0.0,0.0,0.0
2026-07-04T22:00:00Z,failed,,0.0,0.0,0.0,0.0,0.0,0.0,0.0,0.0,0.0,0.0,0.0,0.0,0.0,0.0,0.0,0.0,0.0,0.0,0.0,0.0,0.0,0.0,0.0,0.0
2026-07-04T22:30:00Z,failed,,0.0,0.0,0.0,0.0,0.0,0.0,0.0,0.0,0.0,0.0,0.0,0.0,0.0,0.0,0.0,0.0,0.0,0.0,0.0,0.0,0.0,0.0,0.0,0.0
2026-07-04T23:00:00Z,failed,,0.0,0.0,0.0,0.0,0.0,0.0,0.0,0.0,0.0,0.0,0.0,0.0,0.0,0.0,0.0,0.0,0.0,0.0,0.0,0.0,0.0,0.0,0.0,0.0
2026-07-04T23:30:00Z,failed,,0.0,0.0,0.0,0.0,0.0,0.0,0.0,0.0,0.0,0.0,0.0,0.0,0.0,0.0,0.0,0.0,0.0,0.0,0.0,0.0,0.0,0.0,0.0,0.0
2026-07-05T00:00:00Z,failed,,0.0,0.0,0.0,0.0,0.0,0.0,0.0,0.0,0.0,0.0,0.0,0.0,0.0,0.0,0.0,0.0,0.0,0.0,0.0,0.0,0.0,0.0,0.0,0.0
2026-07-05T00:30:00Z,,,0.0,0.0,0.0,0.0,0.0,0.0,0.0,0.0,0.0,0.0,0.0,0.0,0.0,0.0,0.0,0.0,0.0,0.0,0.0,0.0,0.0,0.0,0.0,0.0
2026-07-05T01:00:00Z,failed,,0.0,0.0,0.0,0.0,0.0,0.0,0.0,0.0,0.0,0.0,0.0,0.0,0.0,0.0,0.0,0.0,0.0,0.0,0.0,0.0,0.0,0.0,0.0,0.0
2026-07-05T01:30:00Z,failed,,0.0,0.0,0.0,0.0,0.0,0.0,0.0,0.0,0.0,0.0,0.0,0.0,0.0,0.0,0.0,0.0,0.0,0.0,0.0,0.0,0.0,0.0,0.0,0.0
2026-07-05T02:00:00Z,,,0.0,0.0,0.0,0.0,0.0,0.0,0.0,0.0,0.0,0.0,0.0,0.0,0.0,0.0,0.0,0.0,0.0,0.0,0.0,0.0,0.0,0.0,0.0,0.0
2026-07-05T02:30:00Z,failed,,0.0,0.0,0.0,0.0,0.0,0.0,0.0,0.0,0.0,0.0,0.0,0.0,0.0,0.0,0.0,0.0,0.0,0.0,0.0,0.0,0.0,0.0,0.0,0.0
2026-07-05T03:00:00Z,,,0.0,0.0,0.0,0.0,0.0,0.0,0.0,0.0,0.0,0.0,0.0,0.0,0.0,0.0,0.0,0.0,0.0,0.0,0.0,0.0,0.0,0.0,0.0,0.0
2026-07-05T03:30:00Z,,,0.0,0.0,0.0,0.0,0.0,0.0,0.0,0.0,0.0,0.0,0.0,0.0,0.0,0.0,0.0,0.0,0.0,0.0,0.0,0.0,0.0,0.0,0.0,0.0
2026-07-05T04:00:00Z,failed,,0.0,0.0,0.0,0.0,0.0,0.0,0.0,0.0,0.0,0.0,0.0,0.0,0.0,0.0,0.0,0.0,0.0,0.0,0.0,0.0,0.0,0.0,0.0,0.0
2026-07-05T04:30:00Z,,,0.0,0.0,0.0,0.0,0.0,0.0,0.0,0.0,0.0,0.0,0.0,0.0,0.0,0.0,0.0,0.0,0.0,0.0,0.0,0.0,0.0,0.0,0.0,0.0
2026-07-05T05:00:00Z,,,0.0,0.0,0.0,0.0,0.0,0.0,0.0,0.0,0.0,0.0,0.0,0.0,0.0,0.0,0.0,0.0,0.0,0.0,0.0,0.0,0.0,0.0,0.0,0.0
2026-07-05T05:30:00Z,failed,,0.0,0.0,0.0,0.0,0.0,0.0,0.0,0.0,0.0,0.0,0.0,0.0,0.0,0.0,0.0,0.0,0.0,0.0,0.0,0.0,0.0,0.0,0.0,0.0
2026-07-05T06:00:00Z,,,0.0,0.0,0.0,0.0,0.0,0.0,0.0,0.0,0.0,0.0,0.0,0.0,0.0,0.0,0.0,0.0,0.0,0.0,0.0,0.0,0.0,0.0,0.0,0.0
2026-07-05T06:30:00Z,failed,,0.0,0.0,0.0,0.0,0.0,0.0,0.0,0.0,0.0,0.0,0.0,0.0,0.0,0.0,0.0,0.0,0.0,0.0,0.0,0.0,0.0,0.0,0.0,0.0
2026-07-05T07:00:00Z,,,0.0,0.0,0.0,0.0,0.0,0.0,0.0,0.0,0.0,0.0,0.0,0.0,0.0,0.0,0.0,0.0,0.0,0.0,0.0,0.0,0.0,0.0,0.0,0.0
2026-07-05T07:30:00Z,,,0.0,0.0,0.0,0.0,0.0,0.0,0.0,0.0,0.0,0.0,0.0,0.0,0.0,0.0,0.0,0.0,0.0,0.0,0.0,0.0,0.0,0.0,0.0,0.0
2026-07-05T08:00:00Z,failed,,0.0,0.0,0.0,0.0,0.0,0.0,0.0,0.0,0.0,0.0,0.0,0.0,0.0,0.0,0.0,0.0,0.0,0.0,0.0,0.0,0.0,0.0,0.0,0.0
2026-07-05T08:30:00Z,,,0.0,0.0,0.0,0.0,0.0,0.0,0.0,0.0,0.0,0.0,0.0,0.0,0.0,0.0,0.0,0.0,0.0,0.0,0.0,0.0,0.0,0.0,0.0,0.0
2026-07-05T09:00:00Z,failed,,0.0,0.0,0.0,0.0,0.0,0.0,0.0,0.0,0.0,0.0,0.0,0.0,0.0,0.0,0.0,0.0,0.0,0.0,0.0,0.0,0.0,0.0,0.0,0.0
2026-07-05T09:30:00Z,,,0.0,0.0,0.0,0.0,0.0,0.0,0.0,0.0,0.0,0.0,0.0,0.0,0.0,0.0,0.0,0.0,0.0,0.0,0.0,0.0,0.0,0.0,0.0,0.0
2026-07-05T10:00:00Z,failed,,0.0,0.0,0.0,0.0,0.0,0.0,0.0,0.0,0.0,0.0,0.0,0.0,0.0,0.0,0.0,0.0,0.0,0.0,0.0,0.0,0.0,0.0,0.0,0.0
2026-07-05T10:30:00Z,failed,,0.0,0.0,0.0,0.0,0.0,0.0,0.0,0.0,0.0,0.0,0.0,0.0,0.0,0.0,0.0,0.0,0.0,0.0,0.0,0.0,0.0,0.0,0.0,0.0
2026-07-05T11:00:00Z,,,0.0,0.0,0.0,0.0,0.0,0.0,0.0,0.0,0.0,0.0,0.0,0.0,0.0,0.0,0.0,0.0,0.0,0.0,0.0,0.0,0.0,0.0,0.0,0.0
2026-07-05T11:30:00Z,failed,,0.0,0.0,0.0,0.0,0.0,0.0,0.0,0.0,0.0,0.0,0.0,0.0,0.0,0.0,0.0,0.0,0.0,0.0,0.0,0.0,0.0,0.0,0.0,0.0
2026-07-05T12:00:00Z,failed,,0.0,0.0,0.0,0.0,0.0,0.0,0.0,0.0,0.0,0.0,0.0,0.0,0.0,0.0,0.0,0.0,0.0,0.0,0.0,0.0,0.0,0.0,0.0,0.0
2026-07-05T12:30:00Z,failed,,0.0,0.0,0.0,0.0,0.0,0.0,0.0,0.0,0.0,0.0,0.0,0.0,0.0,0.0,0.0,0.0,0.0,0.0,0.0,0.0,0.0,0.0,0.0,0.0
2026-07-05T13:00:00Z,failed,,0.0,0.0,0.0,0.0,0.0,0.0,0.0,0.0,0.0,0.0,0.0,0.0,0.0,0.0,0.0,0.0,0.0,0.0,0.0,0.0,0.0,0.0,0.0,0.0
2026-07-05T13:30:00Z,failed,,0.0,0.0,0.0,0.0,0.0,0.0,0.0,0.0,0.0,0.0,0.0,0.0,0.0,0.0,0.0,0.0,0.0,0.0,0.0,0.0,0.0,0.0,0.0,0.0
2026-07-05T14:00:00Z,failed,,0.0,0.0,0.0,0.0,0.0,0.0,0.0,0.0,0.0,0.0,0.0,0.0,0.0,0.0,0.0,0.0,0.0,0.0,0.0,0.0,0.0,0.0,0.0,0.0
2026-07-05T14:30:00Z,,,0.0,0.0,0.0,0.0,0.0,0.0,0.0,0.0,0.0,0.0,0.0,0.0,0.0,0.0,0.0,0.0,0.0,0.0,0.0,0.0,0.0,0.0,0.0,0.0
2026-07-05T15:00:00Z,failed,,0.0,0.0,0.0,0.0,0.0,0.0,0.0,0.0,0.0,0.0,0.0,0.0,0.0,0.0,0.0,0.0,0.0,0.0,0.0,0.0,0.0,0.0,0.0,0.0
2026-07-05T15:30:00Z,failed,,0.0,0.0,0.0,0.0,0.0,0.0,0.0,0.0,0.0,0.0,0.0,0.0,0.0,0.0,0.0,0.0,0.0,0.0,0.0,0.0,0.0,0.0,0.0,0.0
2026-07-05T16:00:00Z,failed,,0.0,0.0,0.0,0.0,0.0,0.0,0.0,0.0,0.0,0.0,0.0,0.0,0.0,0.0,0.0,0.0,0.0,0.0,0.0,0.0,0.0,0.0,0.0,0.0
2026-07-05T16:30:00Z,failed,,0.0,0.0,0.0,0.0,0.0,0.0,0.0,0.0,0.0,0.0,0.0,0.0,0.0,0.0,0.0,0.0,0.0,0.0,0.0,0.0,0.0,0.0,0.0,0.0
2026-07-05T17:00:00Z,failed,,0.0,0.0,0.0,0.0,0.0,0.0,0.0,0.0,0.0,0.0,0.0,0.0,0.0,0.0,0.0,0.0,0.0,0.0,0.0,0.0,0.0,0.0,0.0,0.0
2026-07-05T17:30:00Z,failed,,0.0,0.0,0.0,0.0,0.0,0.0,0.0,0.0,0.0,0.0,0.0,0.0,0.0,0.0,0.0,0.0,0.0,0.0,0.0,0.0,0.0,0.0,0.0,0.0
2026-07-05T18:00:00Z,failed,,0.0,0.0,0.0,0.0,0.0,0.0,0.0,0.0,0.0,0.0,0.0,0.0,0.0,0.0,0.0,0.0,0.0,0.0,0.0,0.0,0.0,0.0,0.0,0.0
2026-07-05T18:30:00Z,failed,,0.0,0.0,0.0,0.0,0.0,0.0,0.0,0.0,0.0,0.0,0.0,0.0,0.0,0.0,0.0,0.0,0.0,0.0,0.0,0.0,0.0,0.0,0.0,0.0
2026-07-05T19:00:00Z,failed,,0.0,0.0,0.0,0.0,0.0,0.0,0.0,0.0,0.0,0.0,0.0,0.0,0.0,0.0,0.0,0.0,0.0,0.0,0.0,0.0,0.0,0.0,0.0,0.0
2026-07-05T19:30:00Z,failed,,0.0,0.0,0.0,0.0,0.0,0.0,0.0,0.0,0.0,0.0,0.0,0.0,0.0,0.0,0.0,0.0,0.0,0.0,0.0,0.0,0.0,0.0,0.0,0.0
2026-07-05T20:00:00Z,failed,,0.0,0.0,0.0,0.0,0.0,0.0,0.0,0.0,0.0,0.0,0.0,0.0,0.0,0.0,0.0,0.0,0.0,0.0,0.0,0.0,0.0,0.0,0.0,0.0
2026-07-05T20:30:00Z,failed,,0.0,0.0,0.0,0.0,0.0,0.0,0.0,0.0,0.0,0.0,0.0,0.0,0.0,0.0,0.0,0.0,0.0,0.0,0.0,0.0,0.0,0.0,0.0,0.0
2026-07-05T21:00:00Z,failed,,0.0,0.0,0.0,0.0,0.0,0.0,0.0,0.0,0.0,0.0,0.0,0.0,0.0,0.0,0.0,0.0,0.0,0.0,0.0,0.0,0.0,0.0,0.0,0.0
2026-07-05T21:30:00Z,failed,,0.0,0.0,0.0,0.0,0.0,0.0,0.0,0.0,0.0,0.0,0.0,0.0,0.0,0.0,0.0,0.0,0.0,0.0,0.0,0.0,0.0,0.0,0.0,0.0
2026-07-05T22:00:00Z,failed,,0.0,0.0,0.0,0.0,0.0,0.0,0.0,0.0,0.0,0.0,0.0,0.0,0.0,0.0,0.0,0.0,0.0,0.0,0.0,0.0,0.0,0.0,0.0,0.0
2026-07-05T22:30:00Z,failed,,0.0,0.0,0.0,0.0,0.0,0.0,0.0,0.0,0.0,0.0,0.0,0.0,0.0,0.0,0.0,0.0,0.0,0.0,0.0,0.0,0.0,0.0,0.0,0.0
2026-07-05T23:00:00Z,failed,,0.0,0.0,0.0,0.0,0.0,0.0,0.0,0.0,0.0,0.0,0.0,0.0,0.0,0.0,0.0,0.0,0.0,0.0,0.0,0.0,0.0,0.0,0.0,0.0
2026-07-05T23:30:00Z,failed,,0.0,0.0,0.0,0.0,0.0,0.0,0.0,0.0,0.0,0.0,0.0,0.0,0.0,0.0,0.0,0.0,0.0,0.0,0.0,0.0,0.0,0.0,0.0,0.0
2026-07-06T00:00:00Z,failed,,0.0,0.0,0.0,0.0,0.0,0.0,0.0,0.0,0.0,0.0,0.0,0.0,0.0,0.0,0.0,0.0,0.0,0.0,0.0,0.0,0.0,0.0,0.0,0.0
2026-07-06T00:30:00Z,,,0.0,0.0,0.0,0.0,0.0,0.0,0.0,0.0,0.0,0.0,0.0,0.0,0.0,0.0,0.0,0.0,0.0,0.0,0.0,0.0,0.0,0.0,0.0,0.0
2026-07-06T01:00:00Z,ok,,12.9,13.2,13.6,13.1,13.5,12.8,12.7,13.2,13.6,15.3,14.1,14.1,13.5,12.8,12.6,12.0,11.9,11.7,11.7,11.3,11.1,11.1,10.5,10.4
2026-07-06T01:30:00Z,ok,,12.8,12.2,12.4,11.7,11.8,12.1,12.2,12.6,12.4,13.2,12.3,12.5,11.9,11.4,11.0,11.5,13.2,14.1,14.1,13.0,12.1,11.0,10.6,10.2
2026-07-06T02:00:00Z,,,0.0,0.0,0.0,0.0,0.0,0.0,0.0,0.0,0.0,0.0,0.0,0.0,0.0,0.0,0.0,0.0,0.0,0.0,0.0,0.0,0.0,0.0,0.0,0.0
2026-07-06T02:30:00Z,ok,,11.6,10.1,10.1,10.2,10.4,11.5,11.5,11.1,11.7,11.2,11.1,11.4,10.4,10.9,12.5,15.7,20.4,19.7,15.8,12.7,10.7,9.4,9.1,8.3
2026-07-06T03:00:00Z,,,0.0,0.0,0.0,0.0,0.0,0.0,0.0,0.0,0.0,0.0,0.0,0.0,0.0,0.0,0.0,0.0,0.0,0.0,0.0,0.0,0.0,0.0,0.0,0.0
2026-07-06T03:30:00Z,,,0.0,0.0,0.0,0.0,0.0,0.0,0.0,0.0,0.0,0.0,0.0,0.0,0.0,0.0,0.0,0.0,0.0,0.0,0.0,0.0,0.0,0.0,0.0,0.0
2026-07-06T04:00:00Z,ok,,11.5,11.7,11.7,12.4,12.6,13.1,12.9,13.1,11.3,10.3,11.3,14.0,18.7,22.2,20.1,14.8,10.9,8.7,8.7,8.3,8.9,8.6,8.4,8.2
2026-07-06T04:30:00Z,,,0.0,0.0,0.0,0.0,0.0,0.0,0.0,0.0,0.0,0.0,0.0,0.0,0.0,0.0,0.0,0.0,0.0,0.0,0.0,0.0,0.0,0.0,0.0,0.0
2026-07-06T05:00:00Z,,,0.0,0.0,0.0,0.0,0.0,0.0,0.0,0.0,0.0,0.0,0.0,0.0,0.0,0.0,0.0,0.0,0.0,0.0,0.0,0.0,0.0,0.0,0.0,0.0
2026-07-06T05:30:00Z,,,0.0,0.0,0.0,0.0,0.0,0.0,0.0,0.0,0.0,0.0,0.0,0.0,0.0,0.0,0.0,0.0,0.0,0.0,0.0,0.0,0.0,0.0,0.0,0.0
2026-07-06T06:00:00Z,ok,,7.0,7.9,8.3,9.1,9.6,9.0,8.7,10.2,13.9,16.0,14.6,11.6,9.4,8.0,8.4,8.3,8.7,8.2,6.8,5.8,5.8,6.0,5.3,5.0
2026-07-06T06:30:00Z,,,0.0,0.0,0.0,0.0,0.0,0.0,0.0,0.0,0.0,0.0,0.0,0.0,0.0,0.0,0.0,0.0,0.0,0.0,0.0,0.0,0.0,0.0,0.0,0.0
2026-07-06T07:00:00Z,,,0.0,0.0,0.0,0.0,0.0,0.0,0.0,0.0,0.0,0.0,0.0,0.0,0.0,0.0,0.0,0.0,0.0,0.0,0.0,0.0,0.0,0.0,0.0,0.0
2026-07-06T07:30:00Z,ok,,9.3,8.1,8.0,8.4,10.7,13.0,15.1,13.5,10.3,9.1,8.8,9.3,9.5,9.0,8.4,7.3,8.5,8.5,8.2,8.0,7.4,6.7,6.9,6.4
2026-07-06T08:00:00Z,,,0.0,0.0,0.0,0.0,0.0,0.0,0.0,0.0,0.0,0.0,0.0,0.0,0.0,0.0,0.0,0.0,0.0,0.0,0.0,0.0,0.0,0.0,0.0,0.0
2026-07-06T08:30:00Z,,,0.0,0.0,0.0,0.0,0.0,0.0,0.0,0.0,0.0,0.0,0.0,0.0,0.0,0.0,0.0,0.0,0.0,0.0,0.0,0.0,0.0,0.0,0.0,0.0
2026-07-06T09:00:00Z,ok,,8.3,10.9,16.1,20.0,20.8,14.3,10.2,9.1,9.4,10.4,10.0,9.0,8.1,7.3,7.1,7.6,7.7,7.5,7.6,7.8,8.8,8.8,8.3,9.2
2026-07-06T09:30:00Z,,,0.0,0.0,0.0,0.0,0.0,0.0,0.0,0.0,0.0,0.0,0.0,0.0,0.0,0.0,0.0,0.0,0.0,0.0,0.0,0.0,0.0,0.0,0.0,0.0
2026-07-06T10:00:00Z,,,0.0,0.0,0.0,0.0,0.0,0.0,0.0,0.0,0.0,0.0,0.0,0.0,0.0,0.0,0.0,0.0,0.0,0.0,0.0,0.0,0.0,0.0,0.0,0.0
2026-07-06T10:30:00Z,ok,,17.9,15.3,12.3,9.5,8.0,7.7,7.7,7.6,6.8,6.8,6.6,6.9,7.0,6.8,6.4,6.3,7.1,8.5,9.6,9.4,9.1,8.6,8.0,7.7
2026-07-06T11:00:00Z,,,0.0,0.0,0.0,0.0,0.0,0.0,0.0,0.0,0.0,0.0,0.0,0.0,0.0,0.0,0.0,0.0,0.0,0.0,0.0,0.0,0.0,0.0,0.0,0.0
2026-07-06T11:30:00Z,,,0.0,0.0,0.0,0.0,0.0,0.0,0.0,0.0,0.0,0.0,0.0,0.0,0.0,0.0,0.0,0.0,0.0,0.0,0.0,0.0,0.0,0.0,0.0,0.0
2026-07-06T12:00:00Z,ok,,10.5,8.7,8.1,8.0,7.5,7.6,7.8,7.0,6.3,6.2,6.6,7.2,6.6,6.5,6.6,7.8,11.3,14.9,15.7,14.0,12.7,10.4,9.9,8.9
2026-07-06T12:30:00Z,,,0.0,0.0,0.0,0.0,0.0,0.0,0.0,0.0,0.0,0.0,0.0,0.0,0.0,0.0,0.0,0.0,0.0,0.0,0.0,0.0,0.0,0.0,0.0,0.0
2026-07-06T13:00:00Z,,,0.0,0.0,0.0,0.0,0.0,0.0,0.0,0.0,0.0,0.0,0.0,0.0,0.0,0.0,0.0,0.0,0.0,0.0,0.0,0.0,0.0,0.0,0.0,0.0
2026-07-06T13:30:00Z,ok,,5.6,5.8,5.8,5.7,5.9,5.7,5.6,5.7,5.8,6.2,5.8,6.4,6.9,7.6,7.7,7.2,6.9,7.0,7.4,7.7,7.9,7.7,7.6,6.9
2026-07-06T14:00:00Z,,,0.0,0.0,0.0,0.0,0.0,0.0,0.0,0.0,0.0,0.0,0.0,0.0,0.0,0.0,0.0,0.0,0.0,0.0,0.0,0.0,0.0,0.0,0.0,0.0
2026-07-06T14:30:00Z,ok,,5.1,5.5,5.7,5.6,5.9,6.0,5.7,5.6,5.6,6.0,6.0,6.5,6.6,6.4,5.8,5.1,4.9,4.8,4.7,4.8,4.8,4.6,4.5,4.1
2026-07-06T15:00:00Z,,,0.0,0.0,0.0,0.0,0.0,0.0,0.0,0.0,0.0,0.0,0.0,0.0,0.0,0.0,0.0,0.0,0.0,0.0,0.0,0.0,0.0,0.0,0.0,0.0
2026-07-06T15:30:00Z,ok,,5.2,5.5,5.7,5.6,5.7,5.6,5.4,5.5,5.9,6.5,6.3,6.4,6.0,5.5,5.1,4.7,4.7,4.7,4.6,4.6,4.6,4.5,4.4,4.2
2026-07-06T16:00:00Z,,,0.0,0.0,0.0,0.0,0.0,0.0,0.0,0.0,0.0,0.0,0.0,0.0,0.0,0.0,0.0,0.0,0.0,0.0,0.0,0.0,0.0,0.0,0.0,0.0
2026-07-06T16:30:00Z,,,0.0,0.0,0.0,0.0,0.0,0.0,0.0,0.0,0.0,0.0,0.0,0.0,0.0,0.0,0.0,0.0,0.0,0.0,0.0,0.0,0.0,0.0,0.0,0.0
2026-07-06T17:00:00Z,ok,,5.5,5.3,5.3,5.2,5.8,6.2,6.5,6.7,6.6,6.1,5.4,5.2,5.0,5.2,5.4,5.9,7.3,9.4,10.4,10.9,10.3,9.8,10.0,8.6
2026-07-06T17:30:00Z,,,0.0,0.0,0.0,0.0,0.0,0.0,0.0,0.0,0.0,0.0,0.0,0.0,0.0,0.0,0.0,0.0,0.0,0.0,0.0,0.0,0.0,0.0,0.0,0.0
2026-07-06T18:00:00Z,,,0.0,0.0,0.0,0.0,0.0,0.0,0.0,0.0,0.0,0.0,0.0,0.0,0.0,0.0,0.0,0.0,0.0,0.0,0.0,0.0,0.0,0.0,0.0,0.0
2026-07-06T18:30:00Z,,,0.0,0.0,0.0,0.0,0.0,0.0,0.0,0.0,0.0,0.0,0.0,0.0,0.0,0.0,0.0,0.0,0.0,0.0,0.0,0.0,0.0,0.0,0.0,0.0
2026-07-06T19:00:00Z,ok,,6.2,6.6,6.7,6.7,6.8,6.1,5.9,5.7,5.1,5.4,5.4,6.3,7.9,9.7,10.8,10.4,9.1,7.9,7.5,7.6,8.5,8.1,8.3,8.2
2026-07-06T19:30:00Z,,,0.0,0.0,0.0,0.0,0.0,0.0,0.0,0.0,0.0,0.0,0.0,0.0,0.0,0.0,0.0,0.0,0.0,0.0,0.0,0.0,0.0,0.0,0.0,0.0
2026-07-06T20:00:00Z,ok,,6.6,7.0,6.8,6.4,6.0,5.4,5.0,5.1,5.2,6.2,7.6,9.3,10.8,10.7,9.4,7.8,6.5,6.1,6.1,6.7,6.6,6.9,7.2,6.7
2026-07-06T20:30:00Z,ok,,5.9,6.3,6.1,5.6,5.3,4.9,4.8,5.1,5.8,7.3,9.0,10.3,10.4,9.1,7.6,6.2,5.0,4.4,4.3,4.5,4.6,4.8,5.1,5.0
2026-07-06T21:00:00Z,ok,,5.1,5.5,5.4,5.0,4.9,4.7,4.9,5.7,6.7,8.3,9.1,9.2,8.5,7.1,6.0,4.9,4.1,3.9,3.9,4.2,4.6,4.7,5.0,5.0
2026-07-06T21:30:00Z,,,0.0,0.0,0.0,0.0,0.0,0.0,0.0,0.0,0.0,0.0,0.0,0.0,0.0,0.0,0.0,0.0,0.0,0.0,0.0,0.0,0.0,0.0,0.0,0.0
2026-07-06T22:00:00Z,ok,,4.8,4.8,4.6,4.6,5.0,5.9,7.0,8.6,9.6,9.6,8.8,7.4,6.1,5.1,4.5,4.5,4.9,5.7,6.0,6.2,6.5,6.1,6.4,6.3
2026-07-06T22:30:00Z,ok,,4.5,4.4,4.4,4.7,5.6,6.9,8.2,9.3,9.1,8.0,7.1,6.0,5.2,4.6,4.4,4.6,5.4,6.7,7.1,7.6,7.6,7.3,7.7,7.2
2026-07-06T23:00:00Z,,,0.0,0.0,0.0,0.0,0.0,0.0,0.0,0.0,0.0,0.0,0.0,0.0,0.0,0.0,0.0,0.0,0.0,0.0,0.0,0.0,0.0,0.0,0.0,0.0
2026-07-06T23:30:00Z,ok,,5.4,5.7,6.4,6.9,8.5,9.4,9.2,8.6,7.5,6.5,5.1,4.7,4.7,4.8,5.2,5.3,5.5,5.4,5.5,6.0,6.0,6.4,6.5,6.4
2026-07-07T00:00:00Z,,,0.0,0.0,0.0,0.0,0.0,0.0,0.0,0.0,0.0,0.0,0.0,0.0,0.0,0.0,0.0,0.0,0.0,0.0,0.0,0.0,0.0,0.0,0.0,0.0
2026-07-07T00:30:00Z,ok,,5.2,6.3,7.5,8.2,8.7,8.3,6.9,5.7,4.7,4.4,4.1,4.6,5.0,5.2,4.8,4.4,4.3,4.2,4.5,4.7,5.0,4.8,4.9,4.8
2026-07-07T01:00:00Z,ok,,6.6,7.7,8.6,8.9,8.4,7.4,6.1,5.1,4.3,4.2,4.5,5.1,5.2,5.0,4.4,3.8,3.4,3.4,3.6,3.9,4.1,4.1,4.3,4.1
2026-07-07T01:30:00Z,,,0.0,0.0,0.0,0.0,0.0,0.0,0.0,0.0,0.0,0.0,0.0,0.0,0.0,0.0,0.0,0.0,0.0,0.0,0.0,0.0,0.0,0.0,0.0,0.0
2026-07-07T02:00:00Z,ok,,7.1,7.5,7.4,6.6,5.5,4.6,3.8,3.8,4.1,4.7,5.0,4.9,4.3,3.7,3.3,3.0,2.9,3.1,3.1,3.3,3.3,3.5,3.6,3.5
2026-07-07T02:30:00Z,,,0.0,0.0,0.0,0.0,0.0,0.0,0.0,0.0,0.0,0.0,0.0,0.0,0.0,0.0,0.0,0.0,0.0,0.0,0.0,0.0,0.0,0.0,0.0,0.0
2026-07-07T03:00:00Z,,,0.0,0.0,0.0,0.0,0.0,0.0,0.0,0.0,0.0,0.0,0.0,0.0,0.0,0.0,0.0,0.0,0.0,0.0,0.0,0.0,0.0,0.0,0.0,0.0
2026-07-07T03:30:00Z,ok,,5.8,5.0,4.2,3.6,3.5,3.8,4.3,4.4,4.4,4.2,3.6,3.3,3.1,2.8,2.7,2.7,3.0,3.1,3.0,3.1,3.3,3.2,3.2,3.3
2026-07-07T04:00:00Z,,,0.0,0.0,0.0,0.0,0.0,0.0,0.0,0.0,0.0,0.0,0.0,0.0,0.0,0.0,0.0,0.0,0.0,0.0,0.0,0.0,0.0,0.0,0.0,0.0
2026-07-07T04:30:00Z,,,0.0,0.0,0.0,0.0,0.0,0.0,0.0,0.0,0.0,0.0,0.0,0.0,0.0,0.0,0.0,0.0,0.0,0.0,0.0,0.0,0.0,0.0,0.0,0.0
2026-07-07T05:00:00Z,ok,,4.1,4.2,4.4,4.4,4.7,4.9,4.6,4.1,3.5,3.3,3.1,3.3,3.6,3.6,3.3,2.9,2.9,3.3,3.7,4.4,4.6,5.0,5.1,5.0
2026-07-07T05:30:00Z,,,0.0,0.0,0.0,0.0,0.0,0.0,0.0,0.0,0.0,0.0,0.0,0.0,0.0,0.0,0.0,0.0,0.0,0.0,0.0,0.0,0.0,0.0,0.0,0.0
2026-07-07T06:00:00Z,,,0.0,0.0,0.0,0.0,0.0,0.0,0.0,0.0,0.0,0.0,0.0,0.0,0.0,0.0,0.0,0.0,0.0,0.0,0.0,0.0,0.0,0.0,0.0,0.0
2026-07-07T06:30:00Z,failed,,0.0,0.0,0.0,0.0,0.0,0.0,0.0,0.0,0.0,0.0,0.0,0.0,0.0,0.0,0.0,0.0,0.0,0.0,0.0,0.0,0.0,0.0,0.0,0.0
2026-07-07T07:00:00Z,,,0.0,0.0,0.0,0.0,0.0,0.0,0.0,0.0,0.0,0.0,0.0,0.0,0.0,0.0,0.0,0.0,0.0,0.0,0.0,0.0,0.0,0.0,0.0,0.0
2026-07-07T07:30:00Z,ok,,5.0,4.6,4.0,3.5,3.2,3.2,3.2,3.2,3.1,3.0,3.0,3.1,3.1,3.0,2.6,2.1,1.9,1.8,1.8,2.1,2.3,2.4,2.5,2.6
2026-07-07T08:00:00Z,,,0.0,0.0,0.0,0.0,0.0,0.0,0.0,0.0,0.0,0.0,0.0,0.0,0.0,0.0,0.0,0.0,0.0,0.0,0.0,0.0,0.0,0.0,0.0,0.0
2026-07-07T08:30:00Z,ok,,3.5,3.3,3.0,3.0,2.9,3.1,3.1,2.9,2.6,2.7,2.8,3.0,2.8,2.2,1.5,1.0,0.8,0.7,0.9,1.1,1.4,1.5,1.6,1.7
2026-07-07T09:00:00Z,,,0.0,0.0,0.0,0.0,0.0,0.0,0.0,0.0,0.0,0.0,0.0,0.0,0.0,0.0,0.0,0.0,0.0,0.0,0.0,0.0,0.0,0.0,0.0,0.0
2026-07-07T09:30:00Z,,,0.0,0.0,0.0,0.0,0.0,0.0,0.0,0.0,0.0,0.0,0.0,0.0,0.0,0.0,0.0,0.0,0.0,0.0,0.0,0.0,0.0,0.0,0.0,0.0
2026-07-07T10:00:00Z,ok,,1.8,2.0,2.2,2.4,2.3,2.4,2.3,2.3,2.2,1.9,1.7,1.2,0.8,0.5,0.3,0.3,0.5,0.9,1.1,1.4,1.6,1.8,1.9,1.9
2026-07-07T10:30:00Z,,,0.0,0.0,0.0,0.0,0.0,0.0,0.0,0.0,0.0,0.0,0.0,0.0,0.0,0.0,0.0,0.0,0.0,0.0,0.0,0.0,0.0,0.0,0.0,0.0
2026-07-07T11:00:00Z,ok,,4.0,3.8,3.4,3.1,2.9,3.1,3.1,2.8,2.4,1.7,1.1,0.7,0.6,0.6,0.7,0.9,1.2,1.8,2.2,2.4,2.5,2.9,2.8,2.9
2026-07-07T11:30:00Z,,,0.0,0.0,0.0,0.0,0.0,0.0,0.0,0.0,0.0,0.0,0.0,0.0,0.0,0.0,0.0,0.0,0.0,0.0,0.0,0.0,0.0,0.0,0.0,0.0
2026-07-07T12:00:00Z,ok,,3.7,3.7,3.4,3.2,3.0,2.8,2.3,1.7,1.2,0.8,0.7,0.7,1.0,1.3,1.5,1.6,2.0,2.8,3.5,3.8,3.8,4.3,3.9,3.8
2026-07-07T12:30:00Z,,,0.0,0.0,0.0,0.0,0.0,0.0,0.0,0.0,0.0,0.0,0.0,0.0,0.0,0.0,0.0,0.0,0.0,0.0,0.0,0.0,0.0,0.0,0.0,0.0
2026-07-07T13:00:00Z,ok,,3.4,3.5,3.2,3.0,2.3,1.8,1.2,0.8,0.6,0.7,1.0,1.3,1.6,1.7,1.7,1.6,2.0,3.0,3.9,4.3,4.2,4.5,4.0,4.0
2026-07-07T13:30:00Z,ok,,3.1,3.2,2.9,2.6,1.8,1.3,0.9,0.7,0.8,0.9,1.3,1.6,1.8,1.9,1.9,2.0,2.7,4.3,5.3,5.7,5.6,5.6,5.2,5.0
2026-07-07T14:00:00Z,,,0.0,0.0,0.0,0.0,0.0,0.0,0.0,0.0,0.0,0.0,0.0,0.0,0.0,0.0,0.0,0.0,0.0,0.0,0.0,0.0,0.0,0.0,0.0,0.0
2026-07-07T14:30:00Z,ok,,2.7,2.3,1.8,1.2,0.8,0.6,0.6,0.7,1.0,1.4,1.6,1.6,1.6,1.6,1.7,1.9,2.7,3.7,4.2,4.7,4.6,4.5,4.5,4.3
2026-07-07T15:00:00Z,,,0.0,0.0,0.0,0.0,0.0,0.0,0.0,0.0,0.0,0.0,0.0,0.0,0.0,0.0,0.0,0.0,0.0,0.0,0.0,0.0,0.0,0.0,0.0,0.0
2026-07-07T15:30:00Z,ok,,1.8,1.4,0.9,0.7,0.6,0.8,1.1,1.3,1.5,1.6,1.5,1.5,1.8,2.1,2.5,2.9,3.8,4.7,5.2,5.6,5.5,5.7,5.6,5.6
2026-07-07T16:00:00Z,,,0.0,0.0,0.0,0.0,0.0,0.0,0.0,0.0,0.0,0.0,0.0,0.0,0.0,0.0,0.0,0.0,0.0,0.0,0.0,0.0,0.0,0.0,0.0,0.0
2026-07-07T16:30:00Z,ok,,1.0,1.0,1.0,1.0,1.3,1.5,1.6,1.7,1.6,1.7,1.9,2.1,2.6,3.1,3.8,4.1,5.0,5.7,6.0,6.1,6.1,6.0,5.9,5.9
2026-07-07T17:00:00Z,ok,,1.4,1.5,1.6,1.7,1.9,1.9,1.8,1.9,1.9,2.1,2.5,2.8,3.4,3.8,4.3,4.8,5.7,6.7,6.9,6.9,6.6,6.3,6.2,6.1
2026-07-07T17:30:00Z,,,0.0,0.0,0.0,0.0,0.0,0.0,0.0,0.0,0.0,0.0,0.0,0.0,0.0,0.0,0.0,0.0,0.0,0.0,0.0,0.0,0.0,0.0,0.0,0.0
2026-07-07T18:00:00Z,ok,,2.9,2.9,2.7,2.5,2.3,2.3,2.3,2.5,2.8,3.3,3.7,4.0,4.5,4.8,5.2,5.5,6.0,6.2,5.9,5.9,5.6,5.4,5.3,5.3
2026-07-07T18:30:00Z,,,0.0,0.0,0.0,0.0,0.0,0.0,0.0,0.0,0.0,0.0,0.0,0.0,0.0,0.0,0.0,0.0,0.0,0.0,0.0,0.0,0.0,0.0,0.0,0.0
2026-07-07T19:00:00Z,ok,,2.9,3.0,2.7,2.4,2.3,2.5,2.8,3.3,3.7,4.2,4.4,4.7,5.0,5.5,5.4,5.1,5.0,4.9,4.8,5.1,5.2,5.1,5.2,5.2
2026-07-07T19:30:00Z,ok,,2.6,2.6,2.4,2.3,2.5,2.9,3.4,4.1,4.5,5.0,5.1,5.3,5.4,5.5,5.1,4.6,4.8,5.3,5.4,5.7,5.8,5.5,5.6,5.4
2026-07-07T20:00:00Z,,,0.0,0.0,0.0,0.0,0.0,0.0,0.0,0.0,0.0,0.0,0.0,0.0,0.0,0.0,0.0,0.0,0.0,0.0,0.0,0.0,0.0,0.0,0.0,0.0
2026-07-07T20:30:00Z,ok,,2.7,2.6,2.8,3.0,3.5,4.2,4.8,5.4,5.6,5.8,5.8,5.7,5.4,4.9,4.8,5.0,5.8,6.4,6.2,5.9,5.4,5.2,5.1,4.8
2026-07-07T21:00:00Z,ok,,2.6,2.8,3.1,3.5,3.9,4.4,4.8,5.4,5.6,5.7,5.6,5.3,4.9,4.9,5.3,6.4,7.8,8.0,7.8,7.3,6.8,6.4,6.2,5.9
2026-07-07T21:30:00Z,ok,,3.7,3.8,4.1,4.3,4.7,5.2,5.5,6.0,6.2,6.2,5.8,5.5,5.4,5.8,6.5,7.6,8.8,8.6,8.1,7.7,7.1,6.9,6.8,6.4
2026-07-07T22:00:00Z,ok,,5.2,5.1,5.2,5.1,5.6,6.2,6.4,6.8,6.5,6.4,5.6,5.6,6.1,6.9,7.7,8.1,8.9,9.0,8.6,8.6,8.2,8.1,8.1,7.6
2026-07-07T22:30:00Z,ok,,4.8,4.9,5.0,5.0,5.7,6.2,6.5,6.6,6.1,6.0,5.5,6.1,6.7,7.7,8.2,8.1,8.3,7.7,7.3,7.1,7.1,6.8,6.8,6.5
2026-07-07T23:00:00Z,ok,,5.7,5.9,6.1,5.9,6.5,6.8,6.3,6.2,5.8,6.1,6.1,6.9,7.6,8.4,8.2,8.1,8.5,8.2,8.2,8.1,8.1,7.5,7.5,7.0
2026-07-07T23:30:00Z,ok,,5.9,6.1,6.4,6.4,6.5,6.7,6.1,6.1,5.8,6.5,7.2,8.1,8.2,8.3,8.1,8.7,10.5,12.1,13.0,12.6,11.9,10.6,10.2,9.3
2026-07-08T00:00:00Z,,,0.0,0.0,0.0,0.0,0.0,0.0,0.0,0.0,0.0,0.0,0.0,0.0,0.0,0.0,0.0,0.0,0.0,0.0,0.0,0.0,0.0,0.0,0.0,0.0
2026-07-08T00:30:00Z,ok,,5.5,5.9,6.0,6.0,5.8,5.7,5.6,6.2,6.9,7.9,7.8,8.1,8.0,8.5,8.6,10.1,11.6,12.2,11.9,11.6,10.9,9.8,10.0,9.3
2026-07-08T01:00:00Z,ok,,7.9,7.4,7.0,6.3,6.3,6.5,7.0,8.0,8.9,9.2,8.5,8.7,8.7,9.7,10.7,12.1,13.2,12.9,11.5,10.7,10.4,9.3,9.6,9.0
2026-07-08T01:30:00Z,,,0.0,0.0,0.0,0.0,0.0,0.0,0.0,0.0,0.0,0.0,0.0,0.0,0.0,0.0,0.0,0.0,0.0,0.0,0.0,0.0,0.0,0.0,0.0,0.0
2026-07-08T02:00:00Z,ok,,7.3,6.5,5.9,5.7,6.7,7.7,8.8,10.0,9.8,9.6,9.7,10.7,11.7,13.2,13.2,13.5,15.2,17.8,20.0,19.7,19.2,17.0,17.0,15.7
2026-07-08T02:30:00Z,,,0.0,0.0,0.0,0.0,0.0,0.0,0.0,0.0,0.0,0.0,0.0,0.0,0.0,0.0,0.0,0.0,0.0,0.0,0.0,0.0,0.0,0.0,0.0,0.0
2026-07-08T03:00:00Z,,,0.0,0.0,0.0,0.0,0.0,0.0,0.0,0.0,0.0,0.0,0.0,0.0,0.0,0.0,0.0,0.0,0.0,0.0,0.0,0.0,0.0,0.0,0.0,0.0
2026-07-08T03:30:00Z,ok,,6.9,7.1,8.2,9.3,10.2,10.6,10.6,11.0,11.6,13.4,13.7,14.4,14.4,15.2,15.8,18.0,20.3,21.4,21.2,20.1,18.3,17.4,16.7,16.4
2026-07-08T04:00:00Z,,,0.0,0.0,0.0,0.0,0.0,0.0,0.0,0.0,0.0,0.0,0.0,0.0,0.0,0.0,0.0,0.0,0.0,0.0,0.0,0.0,0.0,0.0,0.0,0.0
2026-07-08T04:30:00Z,ok,,10.9,10.9,11.0,11.4,11.5,11.7,12.8,14.5,15.4,16.5,15.3,16.0,17.1,19.4,21.0,21.6,20.9,18.9,17.1,15.5,14.7,14.4,14.0,13.5
2026-07-08T05:00:00Z,,,0.0,0.0,0.0,0.0,0.0,0.0,0.0,0.0,0.0,0.0,0.0,0.0,0.0,0.0,0.0,0.0,0.0,0.0,0.0,0.0,0.0,0.0,0.0,0.0
2026-07-08T05:30:00Z,ok,,11.8,11.3,11.4,12.1,13.6,15.4,16.9,17.8,17.0,17.7,18.2,20.9,21.7,22.3,20.9,20.1,20.5,21.5,21.9,20.6,19.2,17.7,17.3,16.6
2026-07-08T06:00:00Z,,,0.0,0.0,0.0,0.0,0.0,0.0,0.0,0.0,0.0,0.0,0.0,0.0,0.0,0.0,0.0,0.0,0.0,0.0,0.0,0.0,0.0,0.0,0.0,0.0
2026-07-08T06:30:00Z,ok,,10.8,11.4,12.6,14.6,16.0,16.3,16.9,16.6,18.2,20.7,20.6,21.1,20.0,19.3,19.0,18.9,18.0,16.7,14.8,13.3,12.5,13.0,12.5,12.3
2026-07-08T07:00:00Z,,,0.0,0.0,0.0,0.0,0.0,0.0,0.0,0.0,0.0,0.0,0.0,0.0,0.0,0.0,0.0,0.0,0.0,0.0,0.0,0.0,0.0,0.0,0.0,0.0
2026-07-08T07:30:00Z,ok,,11.6,12.6,13.4,14.5,15.9,15.6,16.8,18.1,19.2,20.7,18.8,17.9,17.7,17.5,16.9,15.4,13.4,11.8,10.9,10.5,10.7,11.2,10.6,10.7
2026-07-08T08:00:00Z,,,0.0,0.0,0.0,0.0,0.0,0.0,0.0,0.0,0.0,0.0,0.0,0.0,0.0,0.0,0.0,0.0,0.0,0.0,0.0,0.0,0.0,0.0,0.0,0.0
2026-07-08T08:30:00Z,ok,,15.7,14.6,14.6,15.1,17.0,18.6,20.5,21.0,18.9,18.6,18.4,19.2,18.0,16.2,14.4,14.3,16.1,19.8,21.9,21.1,20.0,17.9,17.9,16.9
2026-07-08T09:00:00Z,,,0.0,0.0,0.0,0.0,0.0,0.0,0.0,0.0,0.0,0.0,0.0,0.0,0.0,0.0,0.0,0.0,0.0,0.0,0.0,0.0,0.0,0.0,0.0,0.0
2026-07-08T09:30:00Z,ok,,10.8,12.3,14.5,16.6,18.4,18.0,17.3,16.7,17.0,17.8,15.6,14.7,13.0,12.5,13.3,14.3,14.7,14.1,12.7,12.4,12.4,12.3,12.3,12.2
2026-07-08T10:00:00Z,ok,,14.3,15.5,17.5,18.4,19.6,18.5,17.6,17.4,17.4,17.9,14.8,13.6,12.9,13.4,14.9,16.4,17.3,16.8,15.0,14.2,13.4,13.2,13.1,12.8
2026-07-08T10:30:00Z,,,0.0,0.0,0.0,0.0,0.0,0.0,0.0,0.0,0.0,0.0,0.0,0.0,0.0,0.0,0.0,0.0,0.0,0.0,0.0,0.0,0.0,0.0,0.0,0.0
2026-07-08T11:00:00Z,ok,,14.9,15.4,16.2,16.2,16.2,15.6,15.5,14.9,13.6,13.4,12.0,13.7,15.0,16.3,16.4,15.1,13.6,12.5,11.9,12.0,12.1,12.1,12.2,12.0
2026-07-08T11:30:00Z,ok,,20.6,19.8,19.0,17.8,17.6,17.5,17.2,15.3,13.3,13.5,14.0,16.7,17.7,17.2,16.0,14.8,14.5,15.1,14.7,14.5,14.3,13.5,13.5,13.0
2026-07-08T12:00:00Z,ok,,16.0,15.8,15.9,15.4,15.6,14.6,13.6,12.2,11.8,13.6,14.8,16.9,16.9,15.3,14.0,13.1,13.2,13.5,13.4,13.0,12.7,12.6,12.3,12.0
2026-07-08T12:30:00Z,ok,,15.1,15.5,15.9,15.4,15.0,12.8,12.0,11.6,12.9,15.4,15.4,15.8,14.9,13.6,13.3,12.8,12.9,12.4,11.7,11.1,10.8,11.3,11.1,10.8
2026-07-08T13:00:00Z,,,0.0,0.0,0.0,0.0,0.0,0.0,0.0,0.0,0.0,0.0,0.0,0.0,0.0,0.0,0.0,0.0,0.0,0.0,0.0,0.0,0.0,0.0,0.0,0.0
2026-07-08T13:30:00Z,ok,,11.3,11.8,11.8,11.0,11.3,10.5,11.4,12.7,13.5,14.8,13.1,12.7,12.4,12.1,12.1,11.0,10.2,9.7,9.9,10.1,10.7,11.0,10.7,10.7
2026-07-08T14:00:00Z,,,0.0,0.0,0.0,0.0,0.0,0.0,0.0,0.0,0.0,0.0,0.0,0.0,0.0,0.0,0.0,0.0,0.0,0.0,0.0,0.0,0.0,0.0,0.0,0.0
2026-07-08T14:30:00Z,ok,,9.4,9.3,9.5,9.5,10.7,11.6,12.6,12.6,11.7,11.9,11.1,11.8,11.4,10.6,9.7,8.7,8.7,9.1,9.3,9.7,9.9,9.5,9.6,9.6
2026-07-08T15:00:00Z,ok,,8.8,8.8,9.7,10.8,12.5,12.6,13.4,13.5,12.5,11.9,11.4,11.4,11.1,10.2,9.6,9.1,9.2,11.1,13.0,14.0,15.1,14.7,14.5,14.6
2026-07-08T15:30:00Z,,,0.0,0.0,0.0,0.0,0.0,0.0,0.0,0.0,0.0,0.0,0.0,0.0,0.0,0.0,0.0,0.0,0.0,0.0,0.0,0.0,0.0,0.0,0.0,0.0
2026-07-08T16:00:00Z,ok,,7.9,8.7,10.4,11.7,12.7,12.0,11.3,11.5,11.4,11.1,10.2,9.5,9.1,8.6,8.7,9.4,9.9,11.1,13.0,13.8,14.6,14.6,14.2,14.3
2026-07-08T16:30:00Z,ok,,10.4,10.9,11.6,12.0,12.1,11.5,11.4,12.0,11.2,10.8,9.8,9.1,9.0,9.2,9.9,11.6,13.6,17.0,20.7,21.0,20.6,19.4,18.8,18.0
2026-07-08T17:00:00Z,ok,,14.6,14.3,14.2,13.1,12.2,11.5,11.5,11.1,10.4,10.4,9.3,9.2,8.9,9.6,11.1,13.6,16.3,17.6,16.7,15.9,14.7,13.6,13.5,13.1
2026-07-08T17:30:00Z,ok,,12.6,12.2,12.2,11.2,11.2,11.0,11.0,10.4,9.5,9.6,8.8,9.2,9.4,11.0,13.2,15.8,18.2,18.0,16.4,15.5,14.5,13.6,13.5,13.0
2026-07-08T18:00:00Z,,,0.0,0.0,0.0,0.0,0.0,0.0,0.0,0.0,0.0,0.0,0.0,0.0,0.0,0.0,0.0,0.0,0.0,0.0,0.0,0.0,0.0,0.0,0.0,0.0
2026-07-08T18:30:00Z,ok,,9.6,9.8,10.2,10.2,10.3,10.3,10.0,9.5,9.4,9.7,9.8,11.1,12.3,14.4,16.1,16.1,15.0,12.9,11.0,10.1,9.6,9.6,9.8,9.4
2026-07-08T19:00:00Z,ok,,10.6,10.9,11.2,11.0,10.6,9.6,9.5,9.5,9.5,10.3,11.4,13.1,15.0,16.4,16.8,15.2,13.0,11.4,10.3,10.3,10.1,10.5,11.1,10.6
2026-07-08T19:30:00Z,failed,,0.0,0.0,0.0,0.0,0.0,0.0,0.0,0.0,0.0,0.0,0.0,0.0,0.0,0.0,0.0,0.0,0.0,0.0,0.0,0.0,0.0,0.0,0.0,0.0
2026-07-08T20:00:00Z,ok,,13.8,13.5,12.5,11.2,10.9,9.8,10.0,10.5,11.7,13.8,15.2,16.0,16.2,14.9,13.8,11.7,10.3,9.2,9.1,9.0,9.0,9.9,9.8,9.4
2026-07-08T20:30:00Z,ok,,12.4,12.3,11.4,10.3,10.6,9.7,10.1,11.2,12.8,15.3,15.7,15.6,15.1,13.2,11.8,10.2,9.6,9.2,9.2,9.0,9.3,9.8,9.5,9.4
2026-07-08T21:00:00Z,ok,,13.1,12.2,11.2,10.3,11.0,10.8,12.0,13.2,14.7,16.2,16.3,15.3,13.9,11.6,10.4,10.1,10.8,11.8,11.0,10.3,9.9,9.3,9.4,8.9
2026-07-08T21:30:00Z,ok,,11.8,10.9,10.1,9.7,10.5,11.4,13.5,15.2,15.5,15.6,14.6,13.2,12.1,10.6,9.8,9.9,10.8,12.6,13.0,12.7,12.3,11.2,11.6,11.0
2026-07-08T22:00:00Z,ok,,11.7,10.8,10.7,10.8,12.3,13.4,15.1,15.8,15.9,16.0,13.7,12.1,11.2,10.5,10.4,10.8,11.4,11.5,10.3,10.0,9.2,8.8,9.2,8.7
2026-07-08T22:30:00Z,ok,,8.6,9.0,9.8,10.5,12.3,14.1,15.0,14.9,13.9,13.0,10.5,10.1,9.8,9.8,10.0,9.2,8.9,8.0,7.6,8.0,8.0,8.3,8.5,8.4
2026-07-08T23:00:00Z,ok,,9.2,9.8,10.9,11.6,13.5,15.0,15.2,14.3,12.9,11.8,9.6,9.9,9.9,9.9,9.8,8.7,8.3,7.4,7.1,7.7,8.0,8.2,8.5,8.5
2026-07-08T23:30:00Z,ok,,11.3,11.8,13.0,13.7,15.7,15.4,14.9,13.1,11.2,10.4,9.7,10.5,10.7,10.5,9.4,8.2,8.5,10.4,11.5,12.8,13.3,13.1,12.8,12.7
2026-07-09T00:00:00Z,ok,,12.8,13.5,14.7,15.3,15.4,14.7,13.5,11.3,9.7,9.6,9.5,10.3,9.8,8.8,8.0,8.2,10.0,12.3,12.6,12.5,12.5,11.4,10.9,10.7
2026-07-09T00:30:00Z,ok,,13.4,14.2,15.0,15.2,13.1,12.3,11.4,10.2,9.4,9.8,9.5,9.6,8.7,8.0,7.8,9.3,11.8,14.7,15.5,14.9,14.2,13.1,12.4,12.0
2026-07-09T01:00:00Z,,,0.0,0.0,0.0,0.0,0.0,0.0,0.0,0.0,0.0,0.0,0.0,0.0,0.0,0.0,0.0,0.0,0.0,0.0,0.0,0.0,0.0,0.0,0.0,0.0
2026-07-09T01:30:00Z,ok,,15.6,15.2,14.7,12.6,11.5,9.6,9.4,9.8,10.2,10.4,8.5,7.9,7.7,8.7,10.7,12.7,13.5,12.5,10.8,10.2,10.2,9.7,10.2,9.8
2026-07-09T02:00:00Z,,,0.0,0.0,0.0,0.0,0.0,0.0,0.0,0.0,0.0,0.0,0.0,0.0,0.0,0.0,0.0,0.0,0.0,0.0,0.0,0.0,0.0,0.0,0.0,0.0
2026-07-09T02:30:00Z,ok,,17.5,15.2,13.1,10.6,10.1,10.1,11.2,11.2,10.0,8.9,8.1,9.4,11.0,13.9,15.9,15.7,14.6,12.2,11.0,10.8,11.2,10.7,11.0,10.8
2026-07-09T03:00:00Z,,,0.0,0.0,0.0,0.0,0.0,0.0,0.0,0.0,0.0,0.0,0.0,0.0,0.0,0.0,0.0,0.0,0.0,0.0,0.0,0.0,0.0,0.0,0.0,0.0
2026-07-09T03:30:00Z,,,0.0,0.0,0.0,0.0,0.0,0.0,0.0,0.0,0.0,0.0,0.0,0.0,0.0,0.0,0.0,0.0,0.0,0.0,0.0,0.0,0.0,0.0,0.0,0.0
2026-07-09T04:00:00Z,ok,,8.5,9.0,8.9,8.9,9.0,8.5,8.0,7.9,8.3,10.3,12.2,14.1,13.6,11.4,9.9,8.6,8.6,8.9,8.6,8.7,8.5,8.7,8.8,8.3
2026-07-09T04:30:00Z,,,0.0,0.0,0.0,0.0,0.0,0.0,0.0,0.0,0.0,0.0,0.0,0.0,0.0,0.0,0.0,0.0,0.0,0.0,0.0,0.0,0.0,0.0,0.0,0.0
2026-07-09T05:00:00Z,,,0.0,0.0,0.0,0.0,0.0,0.0,0.0,0.0,0.0,0.0,0.0,0.0,0.0,0.0,0.0,0.0,0.0,0.0,0.0,0.0,0.0,0.0,0.0,0.0
2026-07-09T05:30:00Z,ok,,7.0,7.6,7.3,6.9,7.2,8.1,9.5,12.0,13.5,13.5,10.4,9.2,8.3,8.5,8.7,7.7,7.0,6.2,7.3,7.6,9.0,9.8,9.2,9.8
2026-07-09T06:00:00Z,,,0.0,0.0,0.0,0.0,0.0,0.0,0.0,0.0,0.0,0.0,0.0,0.0,0.0,0.0,0.0,0.0,0.0,0.0,0.0,0.0,0.0,0.0,0.0,0.0
2026-07-09T06:30:00Z,,,0.0,0.0,0.0,0.0,0.0,0.0,0.0,0.0,0.0,0.0,0.0,0.0,0.0,0.0,0.0,0.0,0.0,0.0,0.0,0.0,0.0,0.0,0.0,0.0
2026-07-09T07:00:00Z,,,0.0,0.0,0.0,0.0,0.0,0.0,0.0,0.0,0.0,0.0,0.0,0.0,0.0,0.0,0.0,0.0,0.0,0.0,0.0,0.0,0.0,0.0,0.0,0.0
2026-07-09T07:30:00Z,,,0.0,0.0,0.0,0.0,0.0,0.0,0.0,0.0,0.0,0.0,0.0,0.0,0.0,0.0,0.0,0.0,0.0,0.0,0.0,0.0,0.0,0.0,0.0,0.0
2026-07-09T08:00:00Z,ok,,9.1,10.8,12.9,14.1,13.7,11.2,9.4,9.1,8.8,9.4,8.7,8.1,8.7,9.9,12.0,14.2,14.4,13.2,13.3,13.1,14.5,14.8,14.8,15.2
2026-07-09T08:30:00Z,,,0.0,0.0,0.0,0.0,0.0,0.0,0.0,0.0,0.0,0.0,0.0,0.0,0.0,0.0,0.0,0.0,0.0,0.0,0.0,0.0,0.0,0.0,0.0,0.0
2026-07-09T09:00:00Z,ok,,14.1,14.4,12.6,11.1,9.6,8.4,8.4,9.2,8.5,8.4,8.0,9.0,10.5,13.3,14.9,16.1,17.5,20.3,22.6,23.3,23.7,22.2,22.5,21.0
2026-07-09T09:30:00Z,,,0.0,0.0,0.0,0.0,0.0,0.0,0.0,0.0,0.0,0.0,0.0,0.0,0.0,0.0,0.0,0.0,0.0,0.0,0.0,0.0,0.0,0.0,0.0,0.0
2026-07-09T10:00:00Z,,,0.0,0.0,0.0,0.0,0.0,0.0,0.0,0.0,0.0,0.0,0.0,0.0,0.0,0.0,0.0,0.0,0.0,0.0,0.0,0.0,0.0,0.0,0.0,0.0
2026-07-09T10:30:00Z,failed,,0.0,0.0,0.0,0.0,0.0,0.0,0.0,0.0,0.0,0.0,0.0,0.0,0.0,0.0,0.0,0.0,0.0,0.0,0.0,0.0,0.0,0.0,0.0,0.0
2026-07-09T11:00:00Z,,,0.0,0.0,0.0,0.0,0.0,0.0,0.0,0.0,0.0,0.0,0.0,0.0,0.0,0.0,0.0,0.0,0.0,0.0,0.0,0.0,0.0,0.0,0.0,0.0
2026-07-09T11:30:00Z,ok,,11.4,10.6,10.1,9.7,9.1,9.6,12.3,14.4,17.3,17.6,17.9,18.7,21.5,27.6,37.8,40.4,34.4,25.4,18.2,15.6,15.5,17.2,17.3,17.2
2026-07-09T12:00:00Z,,,0.0,0.0,0.0,0.0,0.0,0.0,0.0,0.0,0.0,0.0,0.0,0.0,0.0,0.0,0.0,0.0,0.0,0.0,0.0,0.0,0.0,0.0,0.0,0.0
2026-07-09T12:30:00Z,,,0.0,0.0,0.0,0.0,0.0,0.0,0.0,0.0,0.0,0.0,0.0,0.0,0.0,0.0,0.0,0.0,0.0,0.0,0.0,0.0,0.0,0.0,0.0,0.0
2026-07-09T13:00:00Z,,,0.0,0.0,0.0,0.0,0.0,0.0,0.0,0.0,0.0,0.0,0.0,0.0,0.0,0.0,0.0,0.0,0.0,0.0,0.0,0.0,0.0,0.0,0.0,0.0
2026-07-09T13:30:00Z,ok,,8.6,9.2,10.9,13.6,16.7,18.6,20.9,21.2,25.0,27.9,38.8,41.9,35.9,25.4,18.0,13.3,9.8,8.2,7.2,7.5,8.5,9.3,9.5,10.0
2026-07-09T14:00:00Z,,,0.0,0.0,0.0,0.0,0.0,0.0,0.0,0.0,0.0,0.0,0.0,0.0,0.0,0.0,0.0,0.0,0.0,0.0,0.0,0.0,0.0,0.0,0.0,0.0
2026-07-09T14:30:00Z,ok,,10.8,12.3,13.6,15.4,18.6,19.0,21.5,27.6,36.9,37.6,32.0,24.4,16.4,11.8,9.5,8.7,8.0,7.3,7.3,8.0,10.2,10.6,10.8,11.4
2026-07-09T15:00:00Z,,,0.0,0.0,0.0,0.0,0.0,0.0,0.0,0.0,0.0,0.0,0.0,0.0,0.0,0.0,0.0,0.0,0.0,0.0,0.0,0.0,0.0,0.0,0.0,0.0
2026-07-09T15:30:00Z,ok,,13.3,14.0,14.6,16.3,20.4,26.0,31.1,32.8,27.4,20.6,14.4,10.6,8.9,8.5,9.0,9.9,11.0,11.7,13.7,14.9,14.7,15.6,16.3,16.0
2026-07-09T16:00:00Z,,,0.0,0.0,0.0,0.0,0.0,0.0,0.0,0.0,0.0,0.0,0.0,0.0,0.0,0.0,0.0,0.0,0.0,0.0,0.0,0.0,0.0,0.0,0.0,0.0
2026-07-09T16:30:00Z,ok,,15.5,18.0,21.8,27.5,34.6,36.0,30.7,21.3,14.9,11.0,9.0,8.7,8.9,10.1,12.6,15.7,18.6,20.3,20.1,19.9,19.8,20.1,20.6,20.5
2026-07-09T17:00:00Z,ok,,21.5,26.5,31.9,38.0,40.3,32.9,24.0,16.2,11.5,9.1,8.1,8.4,10.0,12.0,15.2,17.3,18.0,19.0,18.7,18.3,20.3,20.7,20.2,20.9
2026-07-09T17:30:00Z,,,0.0,0.0,0.0,0.0,0.0,0.0,0.0,0.0,0.0,0.0,0.0,0.0,0.0,0.0,0.0,0.0,0.0,0.0,0.0,0.0,0.0,0.0,0.0,0.0
2026-07-09T18:00:00Z,ok,,35.7,40.8,41.9,37.8,25.8,16.2,10.8,9.3,8.5,9.5,11.2,13.4,16.9,19.8,20.2,20.6,19.9,22.5,24.4,26.5,28.2,29.3,28.9,29.2
2026-07-09T18:30:00Z,failed,,0.0,0.0,0.0,0.0,0.0,0.0,0.0,0.0,0.0,0.0,0.0,0.0,0.0,0.0,0.0,0.0,0.0,0.0,0.0,0.0,0.0,0.0,0.0,0.0
2026-07-09T19:00:00Z,failed,,0.0,0.0,0.0,0.0,0.0,0.0,0.0,0.0,0.0,0.0,0.0,0.0,0.0,0.0,0.0,0.0,0.0,0.0,0.0,0.0,0.0,0.0,0.0,0.0
2026-07-09T19:30:00Z,,,0.0,0.0,0.0,0.0,0.0,0.0,0.0,0.0,0.0,0.0,0.0,0.0,0.0,0.0,0.0,0.0,0.0,0.0,0.0,0.0,0.0,0.0,0.0,0.0
2026-07-09T20:00:00Z,ok,,15.7,12.5,10.2,8.0,7.4,7.3,10.3,13.7,16.8,17.7,17.7,19.1,22.1,27.7,32.0,31.2,28.9,25.2,24.6,23.8,27.5,26.9,28.3,28.3
2026-07-09T20:30:00Z,ok,,14.3,11.8,10.1,8.8,9.4,10.1,13.7,17.2,19.7,19.7,19.6,21.4,24.5,28.6,29.8,27.2,25.9,25.7,27.4,26.9,29.5,28.0,29.2,28.2
2026-07-09T21:00:00Z,ok,,9.0,8.3,8.4,9.1,10.9,12.2,15.0,16.9,18.0,18.8,21.1,24.3,27.5,28.6,27.5,24.9,25.3,30.0,35.5,35.5,37.2,34.5,35.8,34.4
2026-07-09T21:30:00Z,ok,,8.4,8.2,9.3,10.8,12.9,14.8,17.2,18.0,19.1,22.3,27.6,30.3,31.1,28.6,26.9,25.9,27.0,31.7,32.7,32.1,31.7,29.6,30.3,30.2
2026-07-09T22:00:00Z,,,0.0,0.0,0.0,0.0,0.0,0.0,0.0,0.0,0.0,0.0,0.0,0.0,0.0,0.0,0.0,0.0,0.0,0.0,0.0,0.0,0.0,0.0,0.0,0.0
2026-07-09T22:30:00Z,ok,,10.7,12.3,15.2,18.5,20.6,19.5,20.3,23.5,30.0,36.8,34.2,29.0,25.1,24.6,26.0,27.5,27.7,24.2,21.1,20.4,20.8,21.7,20.9,20.8
2026-07-09T23:00:00Z,ok,,12.6,14.6,16.6,19.5,21.3,20.6,23.5,28.4,33.2,34.6,28.7,24.5,23.1,24.9,27.4,27.3,24.3,19.9,17.3,16.9,18.4,19.3,19.2,19.0
2026-07-09T23:30:00Z,ok,,20.5,21.2,21.2,21.2,23.2,26.1,31.5,34.4,33.6,30.5,26.6,25.0,25.4,27.4,28.6,25.3,22.0,18.6,16.4,16.0,16.3,17.1,16.9,16.7
2026-07-10T00:00:00Z,ok,,20.1,20.1,19.6,20.2,23.5,30.7,35.1,33.9,28.3,24.8,24.2,26.1,25.5,25.0,22.4,18.9,18.6,18.9,19.3,19.3,19.6,18.8,18.9,18.3
2026-07-10T00:30:00Z,ok,,15.7,16.4,18.0,20.7,24.9,29.8,30.1,26.1,22.3,20.7,21.6,23.6,22.8,21.0,18.5,16.8,17.2,17.9,17.5,17.5,17.5,16.8,17.1,16.4
2026-07-10T01:00:00Z,,,0.0,0.0,0.0,0.0,0.0,0.0,0.0,0.0,0.0,0.0,0.0,0.0,0.0,0.0,0.0,0.0,0.0,0.0,0.0,0.0,0.0,0.0,0.0,0.0
2026-07-10T01:30:00Z,ok,,13.9,17.9,23.2,28.2,29.9,24.6,20.2,18.8,20.9,23.6,21.9,19.3,16.4,15.5,15.6,16.2,16.0,14.0,12.7,13.4,14.8,15.3,15.4,15.7
2026-07-10T02:00:00Z,,,0.0,0.0,0.0,0.0,0.0,0.0,0.0,0.0,0.0,0.0,0.0,0.0,0.0,0.0,0.0,0.0,0.0,0.0,0.0,0.0,0.0,0.0,0.0,0.0
2026-07-10T02:30:00Z,ok,,22.4,24.8,25.1,23.7,22.9,21.0,20.2,20.6,19.4,18.7,15.9,14.8,14.6,15.0,14.7,14.2,14.6,15.3,16.9,17.6,17.8,18.0,17.4,16.9
2026-07-10T03:00:00Z,,,0.0,0.0,0.0,0.0,0.0,0.0,0.0,0.0,0.0,0.0,0.0,0.0,0.0,0.0,0.0,0.0,0.0,0.0,0.0,0.0,0.0,0.0,0.0,0.0
2026-07-10T03:30:00Z,,,0.0,0.0,0.0,0.0,0.0,0.0,0.0,0.0,0.0,0.0,0.0,0.0,0.0,0.0,0.0,0.0,0.0,0.0,0.0,0.0,0.0,0.0,0.0,0.0
2026-07-10T04:00:00Z,ok,,17.6,18.5,19.6,19.5,19.8,18.1,16.9,15.1,14.5,14.0,13.1,12.6,12.7,13.5,15.4,15.4,14.8,13.6,12.8,13.0,13.5,14.5,15.0,14.7
2026-07-10T04:30:00Z,,,0.0,0.0,0.0,0.0,0.0,0.0,0.0,0.0,0.0,0.0,0.0,0.0,0.0,0.0,0.0,0.0,0.0,0.0,0.0,0.0,0.0,0.0,0.0,0.0
2026-07-10T05:00:00Z,,,0.0,0.0,0.0,0.0,0.0,0.0,0.0,0.0,0.0,0.0,0.0,0.0,0.0,0.0,0.0,0.0,0.0,0.0,0.0,0.0,0.0,0.0,0.0,0.0
2026-07-10T05:30:00Z,ok,,17.4,17.9,17.5,16.6,15.4,14.3,13.9,13.1,12.7,12.6,13.0,13.8,14.5,14.8,14.6,14.5,15.1,17.3,19.6,20.7,21.0,21.2,21.4,20.8
2026-07-10T06:00:00Z,,,0.0,0.0,0.0,0.0,0.0,0.0,0.0,0.0,0.0,0.0,0.0,0.0,0.0,0.0,0.0,0.0,0.0,0.0,0.0,0.0,0.0,0.0,0.0,0.0
2026-07-10T06:30:00Z,ok,,17.1,16.0,15.2,13.7,13.0,13.1,12.8,12.4,12.8,13.8,14.2,13.8,13.1,14.1,17.7,24.2,34.5,42.0,39.9,37.5,33.1,29.8,28.9,27.6
2026-07-10T07:00:00Z,,,0.0,0.0,0.0,0.0,0.0,0.0,0.0,0.0,0.0,0.0,0.0,0.0,0.0,0.0,0.0,0.0,0.0,0.0,0.0,0.0,0.0,0.0,0.0,0.0
2026-07-10T07:30:00Z,,,0.0,0.0,0.0,0.0,0.0,0.0,0.0,0.0,0.0,0.0,0.0,0.0,0.0,0.0,0.0,0.0,0.0,0.0,0.0,0.0,0.0,0.0,0.0,0.0
2026-07-10T08:00:00Z,ok,,15.0,14.7,14.2,13.4,13.1,13.6,15.2,15.7,15.8,15.6,16.6,18.1,22.0,27.0,34.2,37.5,38.2,36.4,32.9,31.8,33.0,32.0,33.3,32.3
2026-07-10T08:30:00Z,,,0.0,0.0,0.0,0.0,0.0,0.0,0.0,0.0,0.0,0.0,0.0,0.0,0.0,0.0,0.0,0.0,0.0,0.0,0.0,0.0,0.0,0.0,0.0,0.0
2026-07-10T09:00:00Z,ok,,15.0,14.9,15.0,14.7,14.9,15.5,16.3,17.2,17.7,20.0,24.9,29.8,35.3,37.3,38.0,37.3,37.7,41.7,43.1,44.2,45.6,41.8,42.6,41.7
2026-07-10T09:30:00Z,,,0.0,0.0,0.0,0.0,0.0,0.0,0.0,0.0,0.0,0.0,0.0,0.0,0.0,0.0,0.0,0.0,0.0,0.0,0.0,0.0,0.0,0.0,0.0,0.0
2026-07-10T10:00:00Z,,,0.0,0.0,0.0,0.0,0.0,0.0,0.0,0.0,0.0,0.0,0.0,0.0,0.0,0.0,0.0,0.0,0.0,0.0,0.0,0.0,0.0,0.0,0.0,0.0
2026-07-10T10:30:00Z,ok,,10.7,11.3,11.9,12.5,13.2,13.9,17.1,22.3,29.4,35.4,36.6,36.1,32.5,29.7,28.4,27.0,26.8,26.6,27.9,28.5,32.3,31.9,33.1,33.1
2026-07-10T11:00:00Z,,,0.0,0.0,0.0,0.0,0.0,0.0,0.0,0.0,0.0,0.0,0.0,0.0,0.0,0.0,0.0,0.0,0.0,0.0,0.0,0.0,0.0,0.0,0.0,0.0
2026-07-10T11:30:00Z,ok,,12.3,12.7,13.6,14.9,17.6,22.4,27.9,33.5,36.0,36.7,32.8,30.0,26.9,26.7,26.9,26.2,26.9,25.9,25.3,24.7,25.3,24.6,24.4,23.5
2026-07-10T12:00:00Z,ok,,15.3,16.3,17.9,20.4,24.1,28.3,32.8,36.2,37.5,35.7,30.6,27.7,26.1,27.5,28.8,28.2,27.3,24.4,22.0,21.6,21.6,21.8,22.3,21.3
2026-07-10T12:30:00Z,,,0.0,0.0,0.0,0.0,0.0,0.0,0.0,0.0,0.0,0.0,0.0,0.0,0.0,0.0,0.0,0.0,0.0,0.0,0.0,0.0,0.0,0.0,0.0,0.0
2026-07-10T13:00:00Z,ok,,17.8,20.4,24.2,29.7,34.8,38.6,38.2,33.7,29.9,28.8,28.3,29.0,27.6,26.5,24.4,22.6,21.9,20.7,19.2,19.4,20.1,19.8,19.9,19.6
2026-07-10T13:30:00Z,,,0.0,0.0,0.0,0.0,0.0,0.0,0.0,0.0,0.0,0.0,0.0,0.0,0.0,0.0,0.0,0.0,0.0,0.0,0.0,0.0,0.0,0.0,0.0,0.0
2026-07-10T14:00:00Z,ok,,21.9,27.0,30.9,33.8,35.3,31.9,26.9,24.6,25.2,26.9,25.8,25.1,22.6,20.1,18.3,16.7,16.0,15.0,14.2,14.7,16.0,16.5,16.4,16.4
2026-07-10T14:30:00Z,,,0.0,0.0,0.0,0.0,0.0,0.0,0.0,0.0,0.0,0.0,0.0,0.0,0.0,0.0,0.0,0.0,0.0,0.0,0.0,0.0,0.0,0.0,0.0,0.0
2026-07-10T15:00:00Z,ok,,24.0,27.9,28.9,28.9,27.4,24.0,22.1,22.2,23.3,23.8,20.7,17.9,15.1,14.4,14.5,14.6,14.4,13.4,12.5,12.5,13.2,13.6,13.8,13.3
2026-07-10T15:30:00Z,,,0.0,0.0,0.0,0.0,0.0,0.0,0.0,0.0,0.0,0.0,0.0,0.0,0.0,0.0,0.0,0.0,0.0,0.0,0.0,0.0,0.0,0.0,0.0,0.0
2026-07-10T16:00:00Z,ok,,23.9,24.3,24.3,21.8,22.1,21.1,20.3,20.0,19.5,17.8,14.1,12.3,12.0,13.0,14.5,14.0,12.9,10.6,9.2,9.4,9.5,10.0,10.4,9.9
2026-07-10T16:30:00Z,ok,,19.6,20.8,21.2,19.9,19.8,19.0,18.3,17.4,16.5,14.7,12.0,11.5,11.4,12.6,13.6,12.5,11.2,9.3,8.6,9.1,9.6,10.1,10.6,10.1
2026-07-10T17:00:00Z,ok,,15.6,17.3,18.3,18.1,18.1,17.6,15.8,14.2,13.1,12.1,10.8,11.4,11.6,12.4,11.9,10.3,9.4,8.6,8.5,9.3,10.2,10.4,10.7,10.3
2026-07-10T17:30:00Z,,,0.0,0.0,0.0,0.0,0.0,0.0,0.0,0.0,0.0,0.0,0.0,0.0,0.0,0.0,0.0,0.0,0.0,0.0,0.0,0.0,0.0,0.0,0.0,0.0
2026-07-10T18:00:00Z,ok,,14.0,16.0,17.1,17.3,16.8,15.0,12.6,10.9,10.5,11.0,11.6,12.1,11.2,9.7,8.3,7.5,7.7,8.6,9.0,10.0,10.6,10.8,10.9,10.7
2026-07-10T18:30:00Z,ok,,16.2,17.4,17.3,16.4,14.5,12.7,11.1,10.4,10.8,11.9,12.2,11.8,10.2,8.5,7.9,7.9,9.3,10.1,10.2,10.1,10.3,10.0,9.9,9.5
2026-07-10T19:00:00Z,ok,,13.6,14.5,14.5,13.4,12.4,11.2,10.3,10.6,11.4,11.9,11.1,9.4,8.2,7.4,7.4,8.1,9.4,9.5,9.7,10.0,9.9,9.7,9.9,9.4
2026-07-10T19:30:00Z,ok,,12.5,12.1,11.3,10.3,10.0,10.0,10.3,10.8,10.6,10.1,8.9,7.7,7.1,7.3,7.5,8.5,10.5,12.7,14.1,14.5,13.5,12.7,12.7,12.1
2026-07-10T20:00:00Z,,,0.0,0.0,0.0,0.0,0.0,0.0,0.0,0.0,0.0,0.0,0.0,0.0,0.0,0.0,0.0,0.0,0.0,0.0,0.0,0.0,0.0,0.0,0.0,0.0
2026-07-10T20:30:00Z,ok,,11.6,10.7,10.3,9.5,9.9,10.1,10.6,10.0,8.8,8.2,6.9,6.9,7.2,8.5,9.6,11.2,12.3,12.0,11.4,11.7,10.9,10.5,11.0,10.6
2026-07-10T21:00:00Z,ok,,11.9,11.3,10.9,10.2,10.8,10.9,10.6,9.4,8.1,7.9,7.2,8.0,8.6,10.2,11.1,11.7,12.5,12.2,11.6,11.7,11.3,10.7,10.9,10.6
2026-07-10T21:30:00Z,ok,,10.1,9.9,10.1,9.8,10.1,9.9,8.7,7.9,7.1,7.8,7.9,9.1,10.0,11.2,11.2,11.4,12.4,12.3,12.1,11.8,11.5,10.6,10.5,10.4
2026-07-10T22:00:00Z,ok,,7.9,8.6,9.3,9.4,9.4,8.6,7.2,7.0,7.0,8.5,9.1,10.2,10.8,11.5,11.6,11.9,12.8,12.0,11.3,10.9,10.5,10.1,10.1,10.0
2026-07-10T22:30:00Z,ok,,8.4,9.0,8.8,8.5,7.7,7.6,6.8,7.1,7.5,9.2,10.2,11.8,11.8,12.1,11.6,12.5,14.4,15.3,15.3,15.1,14.1,12.8,12.6,12.0
2026-07-10T23:00:00Z,ok,,11.9,10.5,9.8,8.5,8.0,8.2,8.1,8.5,9.7,10.7,12.1,12.8,12.5,12.2,13.2,14.5,16.4,16.0,13.6,11.8,10.5,10.1,9.7,9.5
2026-07-10T23:30:00Z,ok,,12.0,10.3,9.2,7.6,7.5,7.6,8.4,9.5,10.8,11.7,11.8,11.9,12.3,12.8,13.8,14.5,15.3,14.5,12.6,11.5,10.7,10.2,10.0,9.9
2026-07-11T00:00:00Z,,,0.0,0.0,0.0,0.0,0.0,0.0,0.0,0.0,0.0,0.0,0.0,0.0,0.0,0.0,0.0,0.0,0.0,0.0,0.0,0.0,0.0,0.0,0.0,0.0
2026-07-11T00:30:00Z,ok,,8.6,7.5,7.4,7.4,8.6,9.8,11.3,12.2,12.6,12.7,12.8,12.7,13.0,13.6,13.4,12.8,13.2,12.8,11.2,9.9,9.0,8.3,8.1,7.8
2026-07-11T01:00:00Z,ok,,7.9,7.5,7.6,7.8,9.4,10.9,11.9,12.6,12.3,13.1,13.3,13.8,14.0,13.9,13.2,12.3,13.0,12.8,11.9,10.9,10.1,9.4,9.0,8.7
2026-07-11T01:30:00Z,,,0.0,0.0,0.0,0.0,0.0,0.0,0.0,0.0,0.0,0.0,0.0,0.0,0.0,0.0,0.0,0.0,0.0,0.0,0.0,0.0,0.0,0.0,0.0,0.0
2026-07-11T02:00:00Z,ok,,9.3,9.5,10.0,10.8,12.5,13.2,13.2,13.2,13.8,14.8,14.5,14.6,14.4,13.8,13.1,12.6,13.3,12.5,10.9,9.6,8.9,8.5,8.0,7.5
2026-07-11T02:30:00Z,,,0.0,0.0,0.0,0.0,0.0,0.0,0.0,0.0,0.0,0.0,0.0,0.0,0.0,0.0,0.0,0.0,0.0,0.0,0.0,0.0,0.0,0.0,0.0,0.0
2026-07-11T03:00:00Z,,,0.0,0.0,0.0,0.0,0.0,0.0,0.0,0.0,0.0,0.0,0.0,0.0,0.0,0.0,0.0,0.0,0.0,0.0,0.0,0.0,0.0,0.0,0.0,0.0
2026-07-11T03:30:00Z,ok,,11.2,11.8,12.0,12.2,13.5,13.9,13.7,13.8,14.1,14.3,13.1,13.2,13.2,12.6,11.6,10.4,10.0,9.3,8.3,7.9,7.8,7.6,7.4,7.0
2026-07-11T04:00:00Z,,,0.0,0.0,0.0,0.0,0.0,0.0,0.0,0.0,0.0,0.0,0.0,0.0,0.0,0.0,0.0,0.0,0.0,0.0,0.0,0.0,0.0,0.0,0.0,0.0
2026-07-11T04:30:00Z,ok,,12.5,12.5,12.6,12.3,13.6,13.5,13.2,12.6,12.8,13.0,11.6,11.4,11.1,10.2,9.7,8.8,9.0,8.4,7.5,7.2,7.2,7.1,7.0,6.7
2026-07-11T05:00:00Z,,,0.0,0.0,0.0,0.0,0.0,0.0,0.0,0.0,0.0,0.0,0.0,0.0,0.0,0.0,0.0,0.0,0.0,0.0,0.0,0.0,0.0,0.0,0.0,0.0
2026-07-11T05:30:00Z,ok,,11.3,12.1,12.6,12.5,13.1,12.2,11.5,10.9,11.4,11.8,10.0,9.9,9.6,9.2,9.0,8.4,8.2,7.5,6.8,6.9,7.0,7.2,7.2,7.1
2026-07-11T06:00:00Z,,,0.0,0.0,0.0,0.0,0.0,0.0,0.0,0.0,0.0,0.0,0.0,0.0,0.0,0.0,0.0,0.0,0.0,0.0,0.0,0.0,0.0,0.0,0.0,0.0
2026-07-11T06:30:00Z,ok,,11.1,10.7,11.0,10.3,10.8,10.6,10.2,9.4,9.1,9.4,8.9,9.1,8.7,8.0,7.8,8.0,9.4,9.6,9.1,8.8,8.5,7.7,7.7,7.2
2026-07-11T07:00:00Z,ok,,11.8,11.4,11.7,11.1,11.5,10.4,9.8,9.0,9.4,9.4,8.4,8.4,8.3,8.0,8.6,8.7,9.1,8.2,7.1,6.6,6.7,6.5,6.5,6.3
2026-07-11T07:30:00Z,,,0.0,0.0,0.0,0.0,0.0,0.0,0.0,0.0,0.0,0.0,0.0,0.0,0.0,0.0,0.0,0.0,0.0,0.0,0.0,0.0,0.0,0.0,0.0,0.0
2026-07-11T08:00:00Z,ok,,10.6,10.6,10.8,10.3,10.3,9.7,9.4,9.2,9.0,8.9,8.2,8.5,8.9,9.2,9.6,8.9,7.6,6.3,5.5,5.6,5.6,5.8,5.9,5.9
2026-07-11T08:30:00Z,ok,,14.1,13.6,12.7,11.3,11.0,10.7,10.0,9.6,9.1,8.9,8.8,9.2,9.8,9.5,8.7,7.8,6.9,6.2,6.1,6.2,6.0,6.4,6.6,6.5
2026-07-11T09:00:00Z,ok,,9.9,9.8,9.4,9.1,9.1,9.7,9.5,8.8,8.5,8.6,8.8,10.5,10.4,9.3,7.5,5.7,5.1,5.4,5.9,6.6,6.8,7.5,7.7,7.3
2026-07-11T09:30:00Z,,,0.0,0.0,0.0,0.0,0.0,0.0,0.0,0.0,0.0,0.0,0.0,0.0,0.0,0.0,0.0,0.0,0.0,0.0,0.0,0.0,0.0,0.0,0.0,0.0
2026-07-11T10:00:00Z,ok,,7.7,8.1,8.6,8.9,9.0,8.6,8.3,8.2,8.9,10.2,10.5,9.7,7.9,5.9,5.1,4.6,4.7,4.7,4.4,4.6,5.1,5.1,5.5,5.4
2026-07-11T10:30:00Z,ok,,7.0,7.5,8.0,8.2,8.3,8.2,7.8,8.4,9.6,10.8,9.6,7.9,6.2,5.0,4.6,4.6,4.5,4.3,4.4,4.7,5.2,5.5,5.8,5.9
2026-07-11T11:00:00Z,ok,,7.3,7.7,8.0,8.0,8.0,8.3,8.2,9.1,9.4,9.5,7.5,6.2,5.3,5.0,5.2,5.5,5.3,5.1,5.2,5.8,5.8,6.2,6.4,6.4
2026-07-11T11:30:00Z,ok,,7.9,7.8,7.8,7.6,8.0,9.0,9.5,9.7,8.9,7.8,5.9,5.4,5.2,5.3,5.6,5.6,5.3,5.1,5.6,6.3,6.5,7.1,7.3,7.5
2026-07-11T12:00:00Z,ok,,8.2,7.9,7.7,7.5,8.3,9.7,10.0,9.1,7.5,6.3,5.3,5.4,5.6,5.7,5.6,5.2,4.9,4.9,5.5,6.2,6.3,7.0,7.2,7.2
2026-07-11T12:30:00Z,ok,,8.2,8.2,8.1,8.3,9.3,10.0,9.3,7.7,6.1,5.6,5.0,5.7,6.2,6.1,5.8,5.3,5.0,4.9,5.1,5.7,5.8,6.2,6.5,6.4
2026-07-11T13:00:00Z,ok,,7.3,8.2,9.1,10.2,10.6,9.5,7.8,6.3,5.7,5.8,5.8,6.3,6.2,5.9,5.8,5.5,5.5,5.5,5.7,6.3,6.7,7.1,7.4,7.4
2026-07-11T13:30:00Z,ok,,6.7,7.7,9.1,9.7,9.0,7.6,5.9,5.2,5.3,5.8,6.1,6.3,5.9,5.5,5.2,5.1,5.4,5.9,6.4,7.0,7.3,7.6,7.5,7.6
2026-07-11T14:00:00Z,ok,,8.0,8.4,9.2,9.0,7.8,6.6,5.4,5.1,5.4,5.9,6.2,6.2,5.8,5.5,5.3,5.5,6.0,6.4,6.6,7.1,7.0,7.2,7.2,7.2
2026-07-11T14:30:00Z,failed,,0.0,0.0,0.0,0.0,0.0,0.0,0.0,0.0,0.0,0.0,0.0,0.0,0.0,0.0,0.0,0.0,0.0,0.0,0.0,0.0,0.0,0.0,0.0,0.0
2026-07-11T15:00:00Z,ok,,9.7,8.4,7.2,5.9,5.3,5.0,5.2,5.4,5.6,5.9,5.5,5.5,5.4,5.6,6.0,6.4,7.0,6.7,6.3,6.5,6.3,6.3,6.4,6.4
2026-07-11T15:30:00Z,ok,,7.5,6.5,5.4,4.8,4.6,4.7,5.1,5.4,5.5,5.5,5.4,5.5,5.6,6.1,6.1,6.7,8.4,11.0,12.1,12.9,12.4,11.6,11.5,10.6
2026-07-11T16:00:00Z,ok,,5.6,5.2,4.8,4.7,4.8,4.8,4.9,5.1,5.1,5.3,5.4,5.6,5.8,6.5,6.8,8.0,10.3,13.1,14.0,14.0,13.1,12.2,11.8,11.1
2026-07-11T16:30:00Z,ok,,4.9,5.0,5.1,5.2,5.3,5.4,5.2,5.2,5.2,5.6,5.6,6.0,6.4,7.2,8.5,10.3,11.7,11.9,11.1,10.7,10.4,10.4,10.0,10.4
2026-07-11T17:00:00Z,ok,,4.3,4.6,4.9,5.2,5.4,5.4,5.1,5.3,5.3,5.8,6.0,6.3,7.2,8.2,9.8,11.6,12.2,12.3,12.2,11.9,12.2,12.5,12.1,12.6
2026-07-11T17:30:00Z,ok,,6.0,6.0,5.9,5.9,5.8,5.5,5.3,5.5,5.7,6.3,6.5,7.3,8.9,10.4,12.1,13.1,13.4,13.6,14.0,14.0,14.9,15.3,14.8,15.2
2026-07-11T18:00:00Z,ok,,6.8,6.5,6.1,6.0,5.8,5.7,5.4,5.8,6.2,7.0,7.2,8.4,9.8,11.4,11.9,12.6,13.8,15.1,16.0,16.2,16.2,15.5,15.3,14.9
2026-07-11T18:30:00Z,ok,,5.0,5.1,5.0,5.2,5.3,5.4,5.3,5.9,6.6,7.8,8.4,9.9,11.2,12.3,12.2,12.0,12.8,14.0,15.3,15.6,15.9,15.3,15.2,14.7
2026-07-11T19:00:00Z,ok,,5.7,5.7,5.4,5.3,5.4,5.7,6.0,6.6,7.6,9.0,9.8,11.1,11.8,12.2,11.9,11.6,12.4,12.8,13.1,13.0,13.0,12.8,12.8,12.7
2026-07-11T19:30:00Z,ok,,5.0,5.2,5.2,5.3,5.6,5.9,6.2,7.2,8.9,10.5,11.1,11.9,12.0,11.9,11.8,11.3,11.9,12.1,12.4,13.0,14.1,13.8,14.2,13.9
2026-07-11T20:00:00Z,ok,,6.4,6.4,6.4,6.2,6.6,6.7,7.4,8.7,10.8,12.3,12.3,12.0,11.8,11.7,12.1,11.7,11.3,10.1,9.2,9.3,10.4,10.5,10.6,11.0
2026-07-11T20:30:00Z,ok,,6.5,6.7,6.8,6.9,7.3,7.7,9.0,10.7,12.3,12.9,11.7,11.1,11.0,11.3,12.0,11.6,10.6,9.4,8.7,8.8,9.9,10.2,10.1,10.5
2026-07-11T21:00:00Z,ok,,6.4,6.7,6.8,7.2,8.1,9.4,11.1,12.2,12.3,12.3,11.0,11.0,11.0,11.2,11.3,10.5,10.0,9.5,9.1,9.2,9.9,9.8,9.8,9.8
2026-07-11T21:30:00Z,ok,,6.1,6.5,6.8,7.5,8.6,10.6,12.5,12.8,12.2,11.9,10.6,11.1,11.0,10.8,10.9,9.9,9.0,8.2,7.8,8.1,8.9,9.2,9.4,9.6
2026-07-11T22:00:00Z,ok,,6.4,7.0,7.9,8.9,10.3,12.2,13.1,12.6,11.8,11.4,10.3,11.2,10.8,10.4,9.7,8.2,7.3,6.4,6.7,7.5,8.8,9.2,10.0,10.4
2026-07-11T22:30:00Z,ok,,7.3,8.2,9.4,10.6,12.1,13.5,13.6,12.8,12.5,12.1,11.3,11.9,11.0,10.0,8.7,7.3,6.4,5.7,5.7,6.6,7.5,7.9,8.7,8.9
2026-07-11T23:00:00Z,ok,,9.1,10.1,11.5,12.2,13.1,12.7,11.7,10.9,11.1,11.5,10.7,10.5,9.4,8.1,7.1,6.6,6.6,6.8,6.9,7.8,8.3,8.3,8.9,8.9
2026-07-11T23:30:00Z,ok,,9.1,9.8,11.0,11.5,11.9,12.2,11.8,11.5,11.5,10.5,10.1,9.2,7.9,6.8,6.1,6.1,6.6,8.0,9.4,10.6,11.5,11.6,11.9,11.5
2026-07-12T00:00:00Z,ok,,11.6,12.2,12.5,12.6,11.4,11.9,11.8,11.9,11.1,10.0,9.4,7.7,6.7,6.2,6.2,8.2,10.8,13.9,15.4,15.7,14.6,13.5,13.6,12.9
2026-07-12T00:30:00Z,,,0.0,0.0,0.0,0.0,0.0,0.0,0.0,0.0,0.0,0.0,0.0,0.0,0.0,0.0,0.0,0.0,0.0,0.0,0.0,0.0,0.0,0.0,0.0,0.0
2026-07-12T01:00:00Z,ok,,12.9,13.2,13.2,12.5,11.6,11.0,11.1,10.7,9.5,8.5,6.7,6.3,6.6,8.2,12.2,14.5,13.6,10.6,9.0,8.3,8.9,9.5,10.1,10.2
2026-07-12T01:30:00Z,ok,,18.2,16.7,14.5,12.5,12.4,12.4,12.7,11.5,9.1,7.3,6.1,6.5,7.4,10.0,12.4,13.8,14.8,15.2,15.3,15.5,16.0,15.3,15.4,14.9
2026-07-12T02:00:00Z,,,0.0,0.0,0.0,0.0,0.0,0.0,0.0,0.0,0.0,0.0,0.0,0.0,0.0,0.0,0.0,0.0,0.0,0.0,0.0,0.0,0.0,0.0,0.0,0.0
2026-07-12T02:30:00Z,,,0.0,0.0,0.0,0.0,0.0,0.0,0.0,0.0,0.0,0.0,0.0,0.0,0.0,0.0,0.0,0.0,0.0,0.0,0.0,0.0,0.0,0.0,0.0,0.0
2026-07-12T03:00:00Z,ok,,11.9,13.2,13.4,12.4,10.4,8.1,6.5,5.8,6.1,7.5,10.7,13.6,15.3,15.3,15.7,14.1,12.4,10.9,9.5,10.3,10.0,11.3,12.9,12.4
2026-07-12T03:30:00Z,,,0.0,0.0,0.0,0.0,0.0,0.0,0.0,0.0,0.0,0.0,0.0,0.0,0.0,0.0,0.0,0.0,0.0,0.0,0.0,0.0,0.0,0.0,0.0,0.0
2026-07-12T04:00:00Z,ok,,10.7,10.0,8.6,7.0,6.6,6.0,6.0,7.8,10.5,13.7,13.9,14.1,14.6,14.6,14.0,13.5,14.1,13.7,13.6,13.5,13.4,13.1,13.5,13.1
2026-07-12T04:30:00Z,,,0.0,0.0,0.0,0.0,0.0,0.0,0.0,0.0,0.0,0.0,0.0,0.0,0.0,0.0,0.0,0.0,0.0,0.0,0.0,0.0,0.0,0.0,0.0,0.0
2026-07-12T05:00:00Z,,,0.0,0.0,0.0,0.0,0.0,0.0,0.0,0.0,0.0,0.0,0.0,0.0,0.0,0.0,0.0,0.0,0.0,0.0,0.0,0.0,0.0,0.0,0.0,0.0
2026-07-12T05:30:00Z,ok,,7.8,6.6,6.5,6.5,8.0,10.3,12.5,13.6,13.5,13.9,14.8,14.4,13.9,13.7,13.3,14.1,16.2,17.2,15.3,14.0,12.2,11.1,11.0,10.5
2026-07-12T06:00:00Z,,,0.0,0.0,0.0,0.0,0.0,0.0,0.0,0.0,0.0,0.0,0.0,0.0,0.0,0.0,0.0,0.0,0.0,0.0,0.0,0.0,0.0,0.0,0.0,0.0
2026-07-12T06:30:00Z,ok,,8.1,8.3,9.9,12.2,14.7,15.7,15.8,15.8,15.5,15.9,14.8,14.6,14.4,16.1,18.0,21.4,25.4,25.6,22.4,19.9,16.9,16.1,16.1,15.2
2026-07-12T07:00:00Z,ok,,11.2,11.7,13.8,16.3,18.3,18.0,17.5,17.1,16.3,17.8,16.9,17.2,16.9,18.1,18.7,21.2,25.0,26.4,24.5,23.5,21.2,19.1,18.7,18.0
2026-07-12T07:30:00Z,,,0.0,0.0,0.0,0.0,0.0,0.0,0.0,0.0,0.0,0.0,0.0,0.0,0.0,0.0,0.0,0.0,0.0,0.0,0.0,0.0,0.0,0.0,0.0,0.0
2026-07-12T08:00:00Z,ok,,16.1,16.9,17.1,16.5,16.2,16.8,15.7,15.5,15.4,16.2,16.0,17.8,18.3,19.8,22.0,24.0,25.1,22.9,18.9,17.1,15.8,15.0,14.7,13.6
2026-07-12T08:30:00Z,,,0.0,0.0,0.0,0.0,0.0,0.0,0.0,0.0,0.0,0.0,0.0,0.0,0.0,0.0,0.0,0.0,0.0,0.0,0.0,0.0,0.0,0.0,0.0,0.0
2026-07-12T09:00:00Z,ok,,14.7,14.6,14.6,14.8,15.0,15.3,16.0,16.9,16.8,18.4,18.3,21.0,21.8,23.3,22.9,22.5,23.0,23.0,21.6,20.2,19.1,17.5,17.2,16.4
2026-07-12T09:30:00Z,ok,,14.6,14.6,14.8,15.0,15.5,17.1,17.0,17.1,17.5,18.9,19.2,21.6,21.6,21.9,21.8,22.7,23.9,23.3,20.3,18.1,16.0,15.2,14.8,13.8
2026-07-12T10:00:00Z,ok,,12.7,12.9,13.2,13.3,13.6,15.0,16.0,16.7,17.7,20.0,20.3,22.2,22.1,21.8,22.2,22.5,22.9,22.4,20.4,18.6,17.1,17.0,16.3,15.7
2026-07-12T10:30:00Z,failed,,0.0,0.0,0.0,0.0,0.0,0.0,0.0,0.0,0.0,0.0,0.0,0.0,0.0,0.0,0.0,0.0,0.0,0.0,0.0,0.0,0.0,0.0,0.0,0.0
2026-07-12T11:00:00Z,ok,,14.0,13.1,13.8,14.4,15.6,17.2,18.2,19.5,20.5,22.9,22.6,23.0,21.7,21.6,21.6,24.4,29.4,32.4,31.4,28.4,24.6,22.2,21.2,19.8
2026-07-12T11:30:00Z,ok,,16.3,15.6,16.2,17.4,18.9,20.4,21.9,23.2,24.1,25.8,24.6,25.3,23.9,24.2,25.0,28.7,34.5,37.1,34.2,30.6,26.7,24.0,23.6,21.7
2026-07-12T12:00:00Z,ok,,15.8,16.1,17.3,19.2,20.2,22.0,24.7,24.9,26.6,26.3,24.3,24.6,24.3,26.2,31.4,36.2,36.5,31.8,23.7,20.3,18.4,18.4,18.6,17.4
2026-07-12T12:30:00Z,ok,,20.9,19.8,20.2,20.8,22.0,23.8,25.8,25.2,24.4,24.2,23.4,24.7,25.6,27.6,31.1,33.8,34.9,32.6,26.9,24.0,22.2,21.1,21.2,19.9
2026-07-12T13:00:00Z,,,0.0,0.0,0.0,0.0,0.0,0.0,0.0,0.0,0.0,0.0,0.0,0.0,0.0,0.0,0.0,0.0,0.0,0.0,0.0,0.0,0.0,0.0,0.0,0.0
2026-07-12T13:30:00Z,ok,,22.4,21.6,22.2,23.8,26.2,27.0,26.3,24.8,23.2,24.3,25.5,29.8,30.0,29.8,27.1,27.4,30.5,32.8,31.3,29.0,26.1,22.9,23.0,21.0
2026-07-12T14:00:00Z,ok,,19.5,20.2,22.0,25.4,27.5,26.8,26.4,23.7,24.1,27.2,29.7,33.3,31.6,28.4,26.3,26.0,26.5,25.8,22.7,21.0,19.9,19.7,19.8,18.5
2026-07-12T14:30:00Z,ok,,19.1,21.1,23.4,25.3,25.6,22.9,23.2,22.5,25.9,31.0,32.9,32.4,28.9,26.0,27.6,25.7,22.8,19.3,16.9,16.7,17.9,20.5,20.2,19.9
2026-07-12T15:00:00Z,ok,,17.7,19.2,21.3,21.8,22.9,21.1,22.5,24.5,28.6,32.0,30.4,28.1,26.5,26.5,27.1,22.3,17.3,12.5,11.9,12.7,14.3,17.6,17.1,17.2
2026-07-12T15:30:00Z,ok,,20.9,21.8,22.9,23.4,24.7,22.7,24.9,28.8,31.5,33.5,29.0,27.2,26.8,27.4,24.8,19.6,15.7,12.8,14.3,15.4,17.1,19.9,19.2,19.4
2026-07-12T16:00:00Z,ok,,16.9,17.6,18.1,20.4,22.3,23.0,27.7,30.6,30.7,29.7,26.2,26.4,24.6,23.2,20.1,16.5,14.1,14.1,16.6,18.3,21.0,22.8,23.0,23.2
2026-07-12T16:30:00Z,failed,,0.0,0.0,0.0,0.0,0.0,0.0,0.0,0.0,0.0,0.0,0.0,0.0,0.0,0.0,0.0,0.0,0.0,0.0,0.0,0.0,0.0,0.0,0.0,0.0
2026-07-12T17:00:00Z,ok,,27.5,27.1,27.5,27.4,30.3,32.9,31.8,28.0,27.0,26.4,27.3,25.0,20.9,16.3,14.8,13.2,12.9,12.1,10.9,11.1,11.5,12.0,12.5,12.0
2026-07-12T17:30:00Z,ok,,23.0,25.9,28.3,29.6,32.0,29.0,25.5,24.8,27.3,25.2,22.2,19.0,16.2,14.3,13.6,11.9,10.1,7.9,7.0,7.5,8.2,9.2,9.8,9.6
2026-07-12T18:00:00Z,ok,,19.1,22.4,26.2,28.8,31.5,27.7,23.9,23.2,24.1,22.1,18.3,16.2,14.0,12.8,11.6,10.4,9.1,7.8,7.4,8.4,9.3,10.0,10.3,10.3
2026-07-12T18:30:00Z,ok,,21.1,24.2,25.3,26.2,26.5,25.5,24.8,22.2,19.6,17.0,15.3,15.4,13.7,11.7,10.0,8.2,7.2,6.9,7.3,8.5,9.4,10.0,10.6,10.2
2026-07-12T19:00:00Z,ok,,32.3,33.3,30.5,27.5,26.6,27.0,25.5,22.0,17.7,15.0,14.8,14.5,13.3,10.8,9.0,7.0,6.6,6.7,7.3,8.3,8.6,9.2,9.7,9.0
2026-07-12T19:30:00Z,ok,,31.7,31.3,28.1,24.5,24.4,22.9,20.5,17.9,15.7,14.0,13.6,12.4,11.1,8.9,7.8,6.4,6.5,6.4,6.6,7.4,7.7,8.3,8.5,8.0
2026-07-12T20:00:00Z,ok,,27.1,27.8,26.7,24.2,23.4,19.2,16.3,14.9,14.8,13.8,12.5,10.5,9.0,7.6,7.2,6.4,6.3,5.8,5.9,6.6,6.9,8.0,8.2,8.1
2026-07-12T20:30:00Z,ok,,20.3,21.9,22.6,20.9,19.9,16.5,14.0,12.9,12.8,12.1,10.8,9.2,7.9,7.1,6.2,5.7,5.2,4.8,5.1,6.0,6.3,7.2,7.4,7.4
2026-07-12T21:00:00Z,ok,,18.2,19.8,19.5,17.6,15.9,14.2,11.9,10.7,9.9,9.0,8.1,7.2,6.5,5.9,5.1,4.8,4.4,4.0,4.4,5.1,5.4,6.0,6.4,6.2
2026-07-12T21:30:00Z,ok,,28.2,26.0,20.9,17.2,14.2,13.3,12.1,10.7,9.1,8.0,7.3,6.6,6.1,5.9,5.5,5.4,6.3,8.0,9.8,10.6,10.4,11.4,10.4,9.8
2026-07-12T22:00:00Z,ok,,19.5,17.6,14.7,12.4,11.1,10.5,9.7,8.8,7.7,6.9,6.2,5.7,5.4,5.3,5.2,5.4,6.1,6.7,7.3,7.9,7.8,8.0,7.7,7.4
2026-07-12T22:30:00Z,ok,,12.4,12.0,11.2,10.5,9.9,9.4,8.3,7.3,6.6,6.3,5.7,5.7,5.6,5.5,5.3,5.4,5.3,5.1,5.3,5.9,5.9,6.2,6.4,6.4
2026-07-12T23:00:00Z,ok,,15.2,14.2,12.8,11.0,9.6,8.7,7.4,6.9,6.3,6.1,5.5,5.5,5.5,5.5,5.4,5.4,5.3,5.0,5.1,5.5,5.4,5.7,5.7,5.7
2026-07-12T23:30:00Z,ok,,12.9,12.0,10.4,9.2,8.0,7.5,6.4,5.8,5.4,5.5,5.1,5.4,5.2,5.3,5.1,5.1,5.3,5.6,6.1,6.5,6.3,6.6,6.4,6.4
2026-07-13T00:00:00Z,failed,,0.0,0.0,0.0,0.0,0.0,0.0,0.0,0.0,0.0,0.0,0.0,0.0,0.0,0.0,0.0,0.0,0.0,0.0,0.0,0.0,0.0,0.0,0.0,0.0
2026-07-13T00:30:00Z,,,0.0,0.0,0.0,0.0,0.0,0.0,0.0,0.0,0.0,0.0,0.0,0.0,0.0,0.0,0.0,0.0,0.0,0.0,0.0,0.0,0.0,0.0,0.0,0.0
2026-07-13T01:00:00Z,failed,,0.0,0.0,0.0,0.0,0.0,0.0,0.0,0.0,0.0,0.0,0.0,0.0,0.0,0.0,0.0,0.0,0.0,0.0,0.0,0.0,0.0,0.0,0.0,0.0
2026-07-13T01:30:00Z,ok,,8.0,7.2,6.4,5.7,5.2,4.9,4.7,4.6,4.7,5.1,4.9,5.0,4.8,4.7,4.6,4.6,4.6,4.6,4.5,4.8,4.8,4.8,4.9,4.9
2026-07-13T02:00:00Z,,,0.0,0.0,0.0,0.0,0.0,0.0,0.0,0.0,0.0,0.0,0.0,0.0,0.0,0.0,0.0,0.0,0.0,0.0,0.0,0.0,0.0,0.0,0.0,0.0
2026-07-13T02:30:00Z,,,0.0,0.0,0.0,0.0,0.0,0.0,0.0,0.0,0.0,0.0,0.0,0.0,0.0,0.0,0.0,0.0,0.0,0.0,0.0,0.0,0.0,0.0,0.0,0.0
2026-07-13T03:00:00Z,ok,,5.7,5.3,4.8,4.4,4.4,4.5,4.6,4.6,4.5,4.6,4.3,4.5,4.5,4.4,4.0,3.7,3.7,3.9,4.0,4.4,4.4,4.4,4.4,4.4
2026-07-13T03:30:00Z,,,0.0,0.0,0.0,0.0,0.0,0.0,0.0,0.0,0.0,0.0,0.0,0.0,0.0,0.0,0.0,0.0,0.0,0.0,0.0,0.0,0.0,0.0,0.0,0.0
2026-07-13T04:00:00Z,ok,,4.7,4.6,4.4,4.3,4.4,4.4,4.3,4.3,4.3,4.7,4.5,4.6,4.5,4.2,4.0,3.7,3.9,4.2,4.3,4.5,4.6,4.6,4.5,4.5
2026-07-13T04:30:00Z,,,0.0,0.0,0.0,0.0,0.0,0.0,0.0,0.0,0.0,0.0,0.0,0.0,0.0,0.0,0.0,0.0,0.0,0.0,0.0,0.0,0.0,0.0,0.0,0.0
2026-07-13T05:00:00Z,,,0.0,0.0,0.0,0.0,0.0,0.0,0.0,0.0,0.0,0.0,0.0,0.0,0.0,0.0,0.0,0.0,0.0,0.0,0.0,0.0,0.0,0.0,0.0,0.0
2026-07-13T05:30:00Z,ok,,5.7,5.5,5.0,4.6,4.5,4.5,4.7,4.8,4.7,4.5,4.2,4.0,4.2,4.4,4.6,4.5,4.1,3.5,3.1,3.0,3.0,3.0,3.0,3.0
2026-07-13T06:00:00Z,,,0.0,0.0,0.0,0.0,0.0,0.0,0.0,0.0,0.0,0.0,0.0,0.0,0.0,0.0,0.0,0.0,0.0,0.0,0.0,0.0,0.0,0.0,0.0,0.0
2026-07-13T06:30:00Z,ok,,5.7,5.6,5.3,5.1,5.3,5.1,4.9,4.6,4.2,4.2,4.2,4.5,4.8,4.6,4.1,3.4,3.1,2.8,2.6,2.6,2.7,2.6,2.6,2.6
2026-07-13T07:00:00Z,,,0.0,0.0,0.0,0.0,0.0,0.0,0.0,0.0,0.0,0.0,0.0,0.0,0.0,0.0,0.0,0.0,0.0,0.0,0.0,0.0,0.0,0.0,0.0,0.0
2026-07-13T07:30:00Z,ok,,4.6,4.7,4.8,4.9,4.8,4.4,4.2,4.0,3.9,4.2,4.5,4.6,4.2,3.4,2.9,2.5,2.5,2.6,2.6,2.6,2.7,2.7,2.7,2.7
2026-07-13T08:00:00Z,,,0.0,0.0,0.0,0.0,0.0,0.0,0.0,0.0,0.0,0.0,0.0,0.0,0.0,0.0,0.0,0.0,0.0,0.0,0.0,0.0,0.0,0.0,0.0,0.0
2026-07-13T08:30:00Z,ok,,5.3,5.2,4.7,4.3,4.1,3.9,4.0,4.4,4.7,4.6,4.1,3.4,3.1,3.0,3.2,3.3,3.1,2.7,2.4,2.3,2.4,2.4,2.5,2.6
2026-07-13T09:00:00Z,,,0.0,0.0,0.0,0.0,0.0,0.0,0.0,0.0,0.0,0.0,0.0,0.0,0.0,0.0,0.0,0.0,0.0,0.0,0.0,0.0,0.0,0.0,0.0,0.0
2026-07-13T09:30:00Z,,,0.0,0.0,0.0,0.0,0.0,0.0,0.0,0.0,0.0,0.0,0.0,0.0,0.0,0.0,0.0,0.0,0.0,0.0,0.0,0.0,0.0,0.0,0.0,0.0
2026-07-13T10:00:00Z,ok,,4.6,4.4,4.2,4.2,4.5,4.9,4.9,4.2,3.5,3.1,3.1,3.6,3.9,3.6,2.9,2.3,2.4,2.7,3.1,3.3,3.3,3.3,3.2,3.0
2026-07-13T10:30:00Z,,,0.0,0.0,0.0,0.0,0.0,0.0,0.0,0.0,0.0,0.0,0.0,0.0,0.0,0.0,0.0,0.0,0.0,0.0,0.0,0.0,0.0,0.0,0.0,0.0
2026-07-13T11:00:00Z,ok,,4.5,4.7,5.0,5.1,4.7,4.0,3.6,3.3,3.3,3.5,3.8,3.8,3.5,2.9,2.8,2.8,3.5,4.3,4.5,4.5,4.5,4.3,4.1,4.0
2026-07-13T11:30:00Z,,,0.0,0.0,0.0,0.0,0.0,0.0,0.0,0.0,0.0,0.0,0.0,0.0,0.0,0.0,0.0,0.0,0.0,0.0,0.0,0.0,0.0,0.0,0.0,0.0
2026-07-13T12:00:00Z,ok,,5.4,5.5,4.9,4.3,3.9,3.6,3.4,3.5,3.8,3.8,3.3,3.0,2.9,2.9,3.0,3.1,3.5,3.9,3.9,3.8,3.7,3.7,3.5,3.4
2026-07-13T12:30:00Z,,,0.0,0.0,0.0,0.0,0.0,0.0,0.0,0.0,0.0,0.0,0.0,0.0,0.0,0.0,0.0,0.0,0.0,0.0,0.0,0.0,0.0,0.0,0.0,0.0
2026-07-13T13:00:00Z,ok,,4.9,4.6,4.0,3.8,3.9,4.0,4.1,3.8,3.2,2.9,2.9,3.0,3.2,3.1,3.0,2.7,2.9,3.1,3.1,3.2,3.1,3.0,2.9,2.7
2026-07-13T13:30:00Z,ok,,5.5,5.1,4.5,4.2,4.3,4.3,4.1,3.7,3.3,3.2,3.1,3.4,3.6,3.5,3.3,2.9,3.0,3.1,3.2,3.2,3.2,3.0,2.8,2.8
2026-07-13T14:00:00Z,,,0.0,0.0,0.0,0.0,0.0,0.0,0.0,0.0,0.0,0.0,0.0,0.0,0.0,0.0,0.0,0.0,0.0,0.0,0.0,0.0,0.0,0.0,0.0,0.0
2026-07-13T14:30:00Z,,,0.0,0.0,0.0,0.0,0.0,0.0,0.0,0.0,0.0,0.0,0.0,0.0,0.0,0.0,0.0,0.0,0.0,0.0,0.0,0.0,0.0,0.0,0.0,0.0
2026-07-13T15:00:00Z,ok,,4.5,4.7,4.6,4.2,3.9,3.5,3.2,3.2,3.5,3.8,3.8,3.8,3.7,3.5,3.4,3.4,3.8,4.5,4.6,4.8,4.7,4.5,4.2,3.9
2026-07-13T15:30:00Z,,,0.0,0.0,0.0,0.0,0.0,0.0,0.0,0.0,0.0,0.0,0.0,0.0,0.0,0.0,0.0,0.0,0.0,0.0,0.0,0.0,0.0,0.0,0.0,0.0
2026-07-13T16:00:00Z,ok,,4.6,4.2,3.9,3.5,3.4,3.3,3.4,3.6,3.7,3.8,3.7,3.6,3.8,4.1,4.9,6.3,8.7,10.8,11.2,10.8,10.1,9.4,9.0,8.5
2026-07-13T16:30:00Z,ok,,5.8,5.1,4.5,3.9,4.0,3.9,4.0,4.2,4.2,4.1,3.8,4.0,4.6,5.5,6.8,8.1,9.7,11.2,11.3,11.3,10.9,10.5,10.2,9.9
2026-07-13T17:00:00Z,,,0.0,0.0,0.0,0.0,0.0,0.0,0.0,0.0,0.0,0.0,0.0,0.0,0.0,0.0,0.0,0.0,0.0,0.0,0.0,0.0,0.0,0.0,0.0,0.0
2026-07-13T17:30:00Z,ok,,4.7,4.5,4.3,4.2,4.4,4.3,4.0,4.0,4.0,4.4,4.6,5.5,6.8,8.2,9.4,10.0,10.6,11.3,11.2,11.2,11.2,11.0,10.6,10.5
2026-07-13T18:00:00Z,ok,,5.8,5.5,4.9,4.7,4.7,4.5,4.2,4.3,4.4,5.1,5.6,7.0,8.7,9.9,10.3,9.7,9.3,9.5,9.8,10.0,10.3,10.1,10.0,10.1
2026-07-13T18:30:00Z,ok,,6.1,5.8,5.4,5.1,4.9,4.8,4.6,4.8,5.2,6.5,7.7,9.0,10.2,10.4,10.4,10.0,9.2,8.7,8.4,8.5,7.9,8.1,8.2,8.3
2026-07-13T19:00:00Z,ok,,5.7,5.5,5.1,4.8,4.6,4.4,4.6,5.4,6.6,8.6,9.3,10.5,11.4,11.4,10.8,10.0,10.0,10.5,11.4,11.9,12.0,12.2,12.2,12.0
2026-07-13T19:30:00Z,,,0.0,0.0,0.0,0.0,0.0,0.0,0.0,0.0,0.0,0.0,0.0,0.0,0.0,0.0,0.0,0.0,0.0,0.0,0.0,0.0,0.0,0.0,0.0,0.0
2026-07-13T20:00:00Z,ok,,6.1,5.8,5.2,4.9,5.4,5.7,6.9,8.7,10.7,11.6,11.0,11.2,11.0,10.9,10.6,9.9,10.0,10.2,11.0,10.7,11.8,11.1,11.2,11.2
2026-07-13T20:30:00Z,ok,,4.9,4.6,4.5,4.7,5.7,6.5,8.1,10.4,11.7,11.5,11.1,11.0,10.6,10.4,10.0,9.8,10.3,11.3,12.3,12.3,13.3,12.1,12.6,12.2
2026-07-13T21:00:00Z,ok,,5.2,4.9,5.0,5.5,7.2,8.4,10.4,12.4,12.7,11.9,11.3,11.1,10.7,10.3,10.1,10.4,11.3,12.8,14.2,14.1,14.4,13.4,14.0,13.1
2026-07-13T21:30:00Z,ok,,5.6,5.8,6.5,7.4,9.2,10.3,11.5,12.7,12.3,12.1,11.2,10.9,10.6,10.3,10.4,11.2,11.7,12.0,12.2,12.2,12.0,11.6,12.1,11.6
2026-07-13T22:00:00Z,ok,,8.0,8.4,9.7,10.9,12.6,13.1,12.9,12.8,12.6,13.4,12.3,11.8,11.0,11.2,11.5,13.3,15.0,14.9,13.5,12.6,10.9,10.6,10.6,10.2
2026-07-13T22:30:00Z,ok,,8.3,9.3,10.7,13.0,13.8,13.7,13.1,12.3,13.4,13.9,12.2,11.4,10.9,11.9,14.2,15.9,15.0,12.5,9.5,8.2,7.5,8.1,8.3,7.8
2026-07-13T23:00:00Z,ok,,11.3,12.4,13.3,14.4,13.8,12.8,13.2,13.2,13.5,13.0,12.2,11.9,12.6,14.3,16.9,15.8,12.1,9.1,7.1,6.8,7.3,7.9,8.3,8.1
2026-07-13T23:30:00Z,ok,,12.4,13.3,13.9,13.8,13.1,12.3,12.7,13.1,12.6,11.5,11.5,12.3,14.3,16.4,16.7,13.2,8.9,6.1,5.5,5.8,6.4,7.2,7.7,7.7
2026-07-14T00:00:00Z,ok,,14.4,14.7,14.2,13.6,12.8,12.6,12.8,13.0,12.1,11.2,12.5,14.7,17.0,17.3,13.8,9.4,6.1,4.4,4.7,5.2,5.9,6.9,7.3,7.4
2026-07-14T00:30:00Z,ok,,17.5,17.1,15.8,14.6,13.9,14.2,13.4,12.7,12.2,12.2,15.0,17.6,17.6,13.7,9.1,6.0,4.4,4.0,4.6,5.2,5.5,6.4,6.7,6.7
2026-07-14T01:00:00Z,ok,,14.0,13.4,13.5,13.4,12.8,12.7,12.6,12.1,12.7,13.4,16.0,17.0,13.6,9.0,6.0,4.5,3.7,3.9,4.3,5.0,5.7,6.3,6.9,7.0
2026-07-14T01:30:00Z,,,0.0,0.0,0.0,0.0,0.0,0.0,0.0,0.0,0.0,0.0,0.0,0.0,0.0,0.0,0.0,0.0,0.0,0.0,0.0,0.0,0.0,0.0,0.0,0.0
2026-07-14T02:00:00Z,ok,,10.2,10.6,11.1,10.2,10.1,10.1,9.8,11.1,12.9,13.5,11.2,7.5,5.2,3.7,3.1,3.0,2.9,2.7,3.1,3.6,4.1,4.6,4.9,5.3
2026-07-14T02:30:00Z,,,0.0,0.0,0.0,0.0,0.0,0.0,0.0,0.0,0.0,0.0,0.0,0.0,0.0,0.0,0.0,0.0,0.0,0.0,0.0,0.0,0.0,0.0,0.0,0.0
2026-07-14T03:00:00Z,ok,,11.2,10.2,9.7,8.8,10.4,11.9,13.0,12.8,10.3,7.3,5.6,3.8,3.3,3.1,3.2,3.6,4.3,6.1,7.5,9.2,8.8,9.4,9.4,9.0
2026-07-14T03:30:00Z,,,0.0,0.0,0.0,0.0,0.0,0.0,0.0,0.0,0.0,0.0,0.0,0.0,0.0,0.0,0.0,0.0,0.0,0.0,0.0,0.0,0.0,0.0,0.0,0.0
2026-07-14T04:00:00Z,ok,,8.7,9.4,10.2,10.8,13.1,12.4,10.6,7.6,5.3,4.1,3.6,3.3,3.5,3.9,4.6,5.7,7.2,8.5,9.3,9.7,9.7,10.3,9.8,10.1
2026-07-14T04:30:00Z,,,0.0,0.0,0.0,0.0,0.0,0.0,0.0,0.0,0.0,0.0,0.0,0.0,0.0,0.0,0.0,0.0,0.0,0.0,0.0,0.0,0.0,0.0,0.0,0.0
2026-07-14T05:00:00Z,ok,,8.6,10.4,11.3,11.7,10.2,7.1,4.8,3.7,3.0,3.2,3.6,4.1,4.5,5.3,6.4,7.6,8.2,7.8,7.3,6.7,7.7,7.1,7.1,7.6
2026-07-14T05:30:00Z,,,0.0,0.0,0.0,0.0,0.0,0.0,0.0,0.0,0.0,0.0,0.0,0.0,0.0,0.0,0.0,0.0,0.0,0.0,0.0,0.0,0.0,0.0,0.0,0.0
2026-07-14T06:00:00Z,ok,,13.3,12.8,9.8,7.2,5.1,3.8,3.0,3.3,3.3,3.9,4.6,5.8,7.0,8.0,7.8,7.5,7.1,6.8,7.3,7.5,7.5,7.7,8.0,7.7
2026-07-14T06:30:00Z,ok,,11.0,9.4,6.9,5.0,3.8,3.2,2.8,3.2,3.7,4.7,5.8,7.0,7.9,8.0,7.2,6.9,6.7,6.2,6.8,6.6,6.5,6.6,6.8,6.9
2026-07-14T07:00:00Z,,,0.0,0.0,0.0,0.0,0.0,0.0,0.0,0.0,0.0,0.0,0.0,0.0,0.0,0.0,0.0,0.0,0.0,0.0,0.0,0.0,0.0,0.0,0.0,0.0
2026-07-14T07:30:00Z,ok,,6.1,4.8,3.8,3.3,3.2,3.5,4.0,4.7,6.2,7.5,8.4,8.5,7.7,6.7,6.2,6.0,6.1,5.9,5.2,5.0,5.2,5.0,4.9,5.4
2026-07-14T08:00:00Z,ok,,4.1,3.7,3.3,3.2,3.5,3.9,4.7,5.7,7.3,8.3,8.1,7.3,6.4,5.7,5.6,5.8,5.9,6.0,5.3,5.2,5.4,5.2,5.1,5.4
2026-07-14T08:30:00Z,,,0.0,0.0,0.0,0.0,0.0,0.0,0.0,0.0,0.0,0.0,0.0,0.0,0.0,0.0,0.0,0.0,0.0,0.0,0.0,0.0,0.0,0.0,0.0,0.0
2026-07-14T09:00:00Z,ok,,3.9,3.8,3.9,4.1,5.0,6.1,7.1,8.3,8.6,8.1,7.2,6.8,6.6,6.6,6.4,6.2,6.5,7.2,7.8,8.3,8.3,8.3,8.5,8.1
2026-07-14T09:30:00Z,,,0.0,0.0,0.0,0.0,0.0,0.0,0.0,0.0,0.0,0.0,0.0,0.0,0.0,0.0,0.0,0.0,0.0,0.0,0.0,0.0,0.0,0.0,0.0,0.0
2026-07-14T10:00:00Z,ok,,4.7,5.2,5.9,6.7,7.8,8.3,8.2,8.0,7.5,7.5,6.6,6.6,6.6,6.7,7.0,7.4,7.5,6.7,6.4,6.2,6.1,6.0,6.2,6.2
2026-07-14T10:30:00Z,ok,,6.2,6.9,7.6,8.5,9.0,8.9,8.4,7.9,7.4,7.0,6.3,6.3,6.7,7.2,7.9,7.3,6.0,4.4,3.8,3.7,4.0,4.1,4.4,4.3
2026-07-14T11:00:00Z,ok,,8.1,8.8,9.4,9.3,9.3,8.9,8.1,7.8,7.5,7.1,6.6,6.7,7.2,8.0,7.6,6.6,5.1,4.0,3.6,4.0,4.1,4.4,4.5,4.5
2026-07-14T11:30:00Z,ok,,9.3,9.8,10.2,9.6,9.4,8.9,7.9,7.2,6.6,6.3,6.4,6.8,7.2,7.1,5.6,4.5,3.4,3.0,3.0,3.6,3.5,4.0,4.1,4.1
2026-07-14T12:00:00Z,ok,,9.4,9.5,9.3,8.7,8.2,7.7,7.0,6.5,6.2,6.4,6.7,7.1,6.8,5.7,4.4,3.6,3.1,3.0,3.1,3.4,3.4,3.7,3.7,3.8
2026-07-14T12:30:00Z,ok,,8.4,8.1,7.7,7.3,6.8,6.6,6.3,6.0,6.1,6.8,6.9,6.7,5.7,4.4,3.6,3.1,3.2,3.2,3.4,3.6,3.8,3.9,4.1,4.2
2026-07-14T13:00:00Z,ok,,7.7,7.4,7.1,6.7,6.4,6.1,5.8,6.1,6.7,7.3,6.9,5.8,4.6,3.7,3.3,3.1,2.8,2.4,2.4,2.6,2.9,3.1,3.3,3.6
2026-07-14T13:30:00Z,,,0.0,0.0,0.0,0.0,0.0,0.0,0.0,0.0,0.0,0.0,0.0,0.0,0.0,0.0,0.0,0.0,0.0,0.0,0.0,0.0,0.0,0.0,0.0,0.0
2026-07-14T14:00:00Z,ok,,6.3,6.0,5.6,5.3,5.4,6.1,6.2,6.3,5.9,5.1,4.2,3.5,3.0,2.9,2.4,2.0,1.6,1.2,1.4,1.7,1.9,2.3,2.3,2.6
2026-07-14T14:30:00Z,ok,,8.0,7.0,6.2,5.7,5.8,6.6,7.0,6.4,5.2,4.4,3.8,3.5,3.3,3.1,2.6,2.4,2.8,3.5,4.0,4.6,4.6,4.7,4.6,4.7
2026-07-14T15:00:00Z,ok,,7.7,6.9,6.2,6.1,6.3,6.8,7.0,5.7,4.5,3.7,3.4,3.1,2.9,2.5,2.3,2.3,2.7,3.4,3.9,4.4,4.5,4.9,4.9,5.1
2026-07-14T15:30:00Z,ok,,7.3,7.2,7.1,7.2,6.7,6.1,5.1,4.3,3.8,3.6,3.3,3.1,2.7,2.5,2.5,2.7,2.8,2.9,3.1,3.4,3.6,4.0,4.1,4.5
2026-07-14T16:00:00Z,,,0.0,0.0,0.0,0.0,0.0,0.0,0.0,0.0,0.0,0.0,0.0,0.0,0.0,0.0,0.0,0.0,0.0,0.0,0.0,0.0,0.0,0.0,0.0,0.0
2026-07-14T16:30:00Z,ok,,7.1,7.3,7.0,6.4,5.5,5.0,4.1,3.7,3.5,3.2,3.1,3.0,3.0,3.5,3.9,4.1,4.2,4.5,5.5,6.2,6.9,8.0,7.8,8.2
2026-07-14T17:00:00Z,ok,,8.2,7.8,6.5,5.5,4.5,4.2,3.9,3.4,3.1,2.8,2.6,2.8,3.4,4.4,5.2,5.7,6.1,7.0,8.4,9.0,9.9,11.3,10.7,11.3
2026-07-14T17:30:00Z,ok,,8.7,8.1,6.0,4.9,3.9,3.7,3.5,3.0,2.8,2.5,2.6,3.1,4.0,5.2,6.2,6.7,7.2,8.0,9.3,9.8,11.0,12.3,11.7,12.4
2026-07-14T18:00:00Z,,,0.0,0.0,0.0,0.0,0.0,0.0,0.0,0.0,0.0,0.0,0.0,0.0,0.0,0.0,0.0,0.0,0.0,0.0,0.0,0.0,0.0,0.0,0.0,0.0
2026-07-14T18:30:00Z,ok,,6.9,5.8,4.8,4.2,3.5,3.1,2.9,2.9,3.3,3.8,4.1,4.8,6.0,7.2,7.4,6.9,6.9,7.3,9.0,9.7,11.4,12.8,12.4,13.4
2026-07-14T19:00:00Z,,,0.0,0.0,0.0,0.0,0.0,0.0,0.0,0.0,0.0,0.0,0.0,0.0,0.0,0.0,0.0,0.0,0.0,0.0,0.0,0.0,0.0,0.0,0.0,0.0
2026-07-14T19:30:00Z,failed,,0.0,0.0,0.0,0.0,0.0,0.0,0.0,0.0,0.0,0.0,0.0,0.0,0.0,0.0,0.0,0.0,0.0,0.0,0.0,0.0,0.0,0.0,0.0,0.0
2026-07-14T20:00:00Z,ok,,6.4,5.5,4.3,3.6,3.0,3.1,3.7,4.2,5.2,5.9,6.6,7.0,6.9,7.2,7.7,9.2,11.6,13.6,13.4,13.1,12.8,12.0,12.4,12.7
2026-07-14T20:30:00Z,ok,,4.7,4.3,3.7,3.2,3.1,3.6,4.4,5.3,6.4,6.9,6.9,7.1,7.3,8.3,9.9,12.2,13.6,13.8,12.6,12.3,13.0,13.0,13.1,14.1
2026-07-14T21:00:00Z,ok,,3.3,3.2,3.0,3.3,3.6,4.4,5.7,6.9,7.5,7.5,7.3,7.3,8.0,9.5,11.9,13.9,13.7,12.5,11.0,10.3,11.1,11.5,11.7,12.8
2026-07-14T21:30:00Z,ok,,3.4,3.3,3.4,3.7,4.4,5.2,6.9,8.3,8.5,8.4,7.9,8.4,10.0,12.2,14.5,14.5,13.6,12.6,11.9,11.7,12.9,13.3,13.5,14.5
2026-07-14T22:00:00Z,ok,,3.4,3.4,3.6,4.0,5.4,6.7,7.8,8.8,8.8,8.8,9.2,10.2,11.5,13.2,13.9,14.2,16.3,18.0,19.5,19.0,18.0,17.7,17.5,16.7
2026-07-14T22:30:00Z,ok,,5.0,5.0,5.2,5.3,6.4,7.9,8.1,8.1,8.2,9.1,10.5,11.9,12.0,12.8,13.1,14.9,18.2,18.6,17.8,16.1,13.8,13.2,12.7,12.2
2026-07-14T23:00:00Z,ok,,5.3,5.4,6.1,6.7,7.4,8.6,8.4,7.8,8.9,10.1,11.6,12.4,11.8,12.8,15.2,20.1,23.8,21.5,16.7,13.6,10.9,11.4,10.6,10.3
2026-07-14T23:30:00Z,ok,,6.0,6.2,7.2,8.1,8.3,8.5,8.9,9.0,10.6,11.9,12.1,12.0,11.8,14.0,18.4,24.9,28.1,25.4,19.0,17.1,14.9,15.3,15.2,15.1
2026-07-15T00:00:00Z,,,0.0,0.0,0.0,0.0,0.0,0.0,0.0,0.0,0.0,0.0,0.0,0.0,0.0,0.0,0.0,0.0,0.0,0.0,0.0,0.0,0.0,0.0,0.0,0.0
2026-07-15T00:30:00Z,ok,,11.4,11.1,10.3,9.7,9.8,10.1,12.5,15.2,15.7,15.4,14.6,16.7,20.9,26.1,27.7,23.8,19.1,15.2,13.7,13.3,15.0,14.9,15.3,15.4
2026-07-15T01:00:00Z,ok,,11.6,11.1,10.3,10.0,9.6,11.6,14.7,15.3,14.7,13.6,16.3,21.8,26.7,28.7,25.6,18.8,12.9,9.8,9.0,9.0,10.0,10.9,11.8,12.0
2026-07-15T01:30:00Z,,,0.0,0.0,0.0,0.0,0.0,0.0,0.0,0.0,0.0,0.0,0.0,0.0,0.0,0.0,0.0,0.0,0.0,0.0,0.0,0.0,0.0,0.0,0.0,0.0
2026-07-15T02:00:00Z,ok,,8.2,8.6,9.8,11.1,12.8,13.5,14.0,14.8,15.8,19.3,25.6,28.7,24.7,17.4,14.0,12.2,13.8,17.2,17.8,18.4,20.1,18.2,18.6,18.2
2026-07-15T02:30:00Z,,,0.0,0.0,0.0,0.0,0.0,0.0,0.0,0.0,0.0,0.0,0.0,0.0,0.0,0.0,0.0,0.0,0.0,0.0,0.0,0.0,0.0,0.0,0.0,0.0
2026-07-15T03:00:00Z,ok,,8.3,9.3,10.5,11.4,12.9,13.0,14.6,20.7,26.9,25.4,19.6,14.0,10.8,9.8,9.4,9.6,9.7,9.1,11.8,13.2,16.5,17.1,17.8,18.4
2026-07-15T03:30:00Z,,,0.0,0.0,0.0,0.0,0.0,0.0,0.0,0.0,0.0,0.0,0.0,0.0,0.0,0.0,0.0,0.0,0.0,0.0,0.0,0.0,0.0,0.0,0.0,0.0
2026-07-15T04:00:00Z,ok,,17.4,15.4,13.5,12.5,14.1,17.6,21.8,22.5,18.1,13.7,11.2,9.8,8.9,9.8,10.7,13.3,18.8,26.8,33.1,34.4,29.3,26.9,27.4,24.7
2026-07-15T04:30:00Z,,,0.0,0.0,0.0,0.0,0.0,0.0,0.0,0.0,0.0,0.0,0.0,0.0,0.0,0.0,0.0,0.0,0.0,0.0,0.0,0.0,0.0,0.0,0.0,0.0
2026-07-15T05:00:00Z,ok,,11.1,12.6,15.3,19.5,23.7,24.5,22.1,15.5,11.6,9.9,9.5,10.1,10.9,13.6,19.8,27.5,33.2,33.6,28.5,25.4,22.7,23.4,23.9,23.2
2026-07-15T05:30:00Z,,,0.0,0.0,0.0,0.0,0.0,0.0,0.0,0.0,0.0,0.0,0.0,0.0,0.0,0.0,0.0,0.0,0.0,0.0,0.0,0.0,0.0,0.0,0.0,0.0
2026-07-15T06:00:00Z,failed,,0.0,0.0,0.0,0.0,0.0,0.0,0.0,0.0,0.0,0.0,0.0,0.0,0.0,0.0,0.0,0.0,0.0,0.0,0.0,0.0,0.0,0.0,0.0,0.0
2026-07-15T06:30:00Z,ok,,33.6,34.3,30.5,25.1,18.7,13.4,11.3,11.8,11.6,13.3,16.2,20.9,28.4,35.0,37.7,33.9,28.0,24.8,22.0,22.0,23.5,23.6,24.5,24.0
2026-07-15T07:00:00Z,,,0.0,0.0,0.0,0.0,0.0,0.0,0.0,0.0,0.0,0.0,0.0,0.0,0.0,0.0,0.0,0.0,0.0,0.0,0.0,0.0,0.0,0.0,0.0,0.0
2026-07-15T07:30:00Z,ok,,17.7,15.6,12.9,10.2,9.0,8.5,9.2,10.5,13.2,18.4,26.0,31.4,31.6,25.7,21.4,16.4,14.6,14.3,14.2,14.1,14.1,16.3,16.2,16.3
2026-07-15T08:00:00Z,ok,,14.9,13.1,11.3,9.4,9.8,9.9,11.8,14.2,20.3,27.4,34.9,34.6,28.6,21.6,18.4,15.2,14.8,14.2,13.2,12.5,13.3,14.4,13.9,14.1
2026-07-15T08:30:00Z,,,0.0,0.0,0.0,0.0,0.0,0.0,0.0,0.0,0.0,0.0,0.0,0.0,0.0,0.0,0.0,0.0,0.0,0.0,0.0,0.0,0.0,0.0,0.0,0.0
2026-07-15T09:00:00Z,ok,,9.8,9.0,9.0,9.5,11.4,13.6,18.3,25.4,30.4,30.0,25.6,19.9,15.8,14.3,13.7,14.7,16.5,18.7,18.7,17.9,17.5,15.7,16.1,15.3
2026-07-15T09:30:00Z,,,0.0,0.0,0.0,0.0,0.0,0.0,0.0,0.0,0.0,0.0,0.0,0.0,0.0,0.0,0.0,0.0,0.0,0.0,0.0,0.0,0.0,0.0,0.0,0.0
2026-07-15T10:00:00Z,ok,,9.2,9.2,10.4,13.5,17.6,24.2,30.8,30.5,27.7,22.3,18.4,15.6,15.0,15.9,17.9,18.0,15.9,12.7,10.8,10.0,9.7,10.6,11.3,11.0
2026-07-15T10:30:00Z,ok,,10.5,11.6,14.3,18.2,24.3,29.7,31.1,27.8,22.7,18.3,15.0,13.9,14.6,15.9,16.8,15.5,14.1,11.8,11.6,12.2,12.8,13.6,14.5,14.7
2026-07-15T11:00:00Z,failed,,0.0,0.0,0.0,0.0,0.0,0.0,0.0,0.0,0.0,0.0,0.0,0.0,0.0,0.0,0.0,0.0,0.0,0.0,0.0,0.0,0.0,0.0,0.0,0.0
2026-07-15T11:30:00Z,,,0.0,0.0,0.0,0.0,0.0,0.0,0.0,0.0,0.0,0.0,0.0,0.0,0.0,0.0,0.0,0.0,0.0,0.0,0.0,0.0,0.0,0.0,0.0,0.0
2026-07-15T12:00:00Z,ok,,22.6,28.6,32.4,34.8,30.0,23.7,17.8,14.5,14.9,16.3,16.9,18.0,15.4,13.7,14.1,15.6,17.8,17.0,14.3,12.6,13.2,12.8,13.0,12.4
2026-07-15T12:30:00Z,ok,,22.0,26.7,29.2,26.9,21.4,16.6,13.5,12.6,14.1,16.2,15.9,15.0,12.9,12.6,15.7,18.9,21.6,19.6,16.0,14.3,14.9,15.0,15.0,14.4
2026-07-15T13:00:00Z,ok,,23.9,25.5,25.1,20.4,17.0,12.3,11.8,14.0,16.0,16.6,13.6,12.0,11.8,14.4,19.6,21.2,19.2,14.7,11.7,11.0,11.9,12.6,13.1,12.1
2026-07-15T13:30:00Z,ok,,29.9,26.5,23.9,18.8,16.2,13.1,15.0,18.9,19.3,16.1,13.1,13.0,15.5,20.8,24.0,20.6,14.3,9.8,8.7,8.6,9.9,10.8,11.2,11.5
2026-07-15T14:00:00Z,,,0.0,0.0,0.0,0.0,0.0,0.0,0.0,0.0,0.0,0.0,0.0,0.0,0.0,0.0,0.0,0.0,0.0,0.0,0.0,0.0,0.0,0.0,0.0,0.0
2026-07-15T14:30:00Z,ok,,20.4,17.6,14.9,14.0,13.3,16.2,17.7,16.1,13.4,12.9,17.1,22.0,23.9,20.3,14.5,10.3,8.5,9.0,10.9,12.0,13.1,13.8,14.2,14.1
2026-07-15T15:00:00Z,ok,,12.5,11.9,12.4,12.8,13.6,14.2,14.2,12.6,13.0,15.1,20.8,25.1,21.4,14.3,11.0,8.2,8.0,8.9,9.4,10.8,12.3,13.0,14.0,13.9
2026-07-15T15:30:00Z,ok,,10.6,11.6,13.9,15.4,15.9,13.2,11.2,11.7,16.1,20.0,22.4,19.4,13.8,10.0,9.3,10.0,11.3,10.7,10.1,11.1,13.3,13.3,13.6,13.7
2026-07-15T16:00:00Z,ok,,10.5,12.4,14.8,15.6,15.4,12.0,10.2,13.0,18.1,20.1,18.3,12.2,9.3,8.6,9.3,11.1,11.0,8.5,8.6,9.2,11.5,11.6,11.9,12.2
2026-07-15T16:30:00Z,ok,,10.7,11.5,11.4,10.7,10.5,11.2,13.2,17.4,19.1,17.1,12.2,8.7,7.8,8.4,10.1,10.5,10.1,9.3,10.9,11.2,12.8,13.7,13.8,14.0
2026-07-15T17:00:00Z,ok,,15.5,14.1,13.1,11.0,11.4,13.6,16.7,18.4,16.6,13.6,9.2,8.1,8.5,10.1,11.8,11.0,10.3,8.6,9.1,9.7,10.0,11.2,11.3,11.7
2026-07-15T17:30:00Z,ok,,13.5,12.4,11.5,11.2,12.8,17.0,19.0,16.5,12.1,9.0,7.8,8.6,10.0,11.1,11.4,9.5,8.5,7.6,7.8,8.5,9.2,9.7,10.3,10.3
2026-07-15T18:00:00Z,ok,,10.2,10.8,11.2,12.7,15.4,17.6,17.0,12.5,9.4,7.7,8.0,9.8,11.0,10.4,9.5,7.7,7.5,8.0,8.6,9.3,10.6,10.5,11.0,10.8
2026-07-15T18:30:00Z,ok,,8.1,10.2,13.4,16.2,18.2,15.2,11.5,8.7,8.2,8.6,9.5,10.9,10.6,9.4,8.5,7.7,8.1,8.6,8.7,9.2,10.7,10.2,10.5,10.8
2026-07-15T19:00:00Z,ok,,9.4,11.9,15.5,17.0,16.0,11.6,8.6,7.6,8.3,10.0,10.6,10.6,9.3,8.4,7.5,7.8,8.8,8.7,8.3,8.8,9.9,9.4,9.6,9.7
2026-07-15T19:30:00Z,ok,,12.3,14.4,15.9,14.2,12.0,9.0,7.3,7.7,9.0,10.3,10.2,9.0,8.2,7.5,7.5,8.3,8.9,8.2,8.0,8.1,8.4,8.4,8.9,8.3
2026-07-15T20:00:00Z,ok,,15.2,15.1,13.5,10.3,8.7,7.6,7.4,8.4,9.0,9.2,8.1,7.3,7.3,7.2,7.7,7.9,7.8,7.2,7.6,7.6,7.4,7.8,8.3,7.9
2026-07-15T20:30:00Z,ok,,12.0,10.7,9.2,7.2,7.1,7.1,7.9,8.5,8.4,8.4,7.1,6.6,6.8,6.9,7.3,7.3,7.4,6.7,6.7,7.0,7.0,7.1,7.3,7.3
2026-07-15T21:00:00Z,failed,,0.0,0.0,0.0,0.0,0.0,0.0,0.0,0.0,0.0,0.0,0.0,0.0,0.0,0.0,0.0,0.0,0.0,0.0,0.0,0.0,0.0,0.0,0.0,0.0
2026-07-15T21:30:00Z,ok,,5.6,5.6,5.7,5.9,7.1,8.2,8.2,7.9,7.1,6.9,6.2,6.8,7.2,7.3,7.0,6.5,6.6,6.3,6.3,6.6,6.7,6.6,6.7,6.4
2026-07-15T22:00:00Z,ok,,5.5,5.9,6.7,7.2,8.3,8.5,7.9,7.4,6.9,7.2,6.9,7.5,7.5,7.2,6.8,6.4,6.5,6.7,6.8,7.3,7.5,7.4,7.5,7.1
2026-07-15T22:30:00Z,ok,,6.2,6.7,7.7,7.9,8.0,7.7,7.0,6.7,6.9,7.4,7.1,7.4,7.1,6.8,6.3,6.2,6.7,7.4,7.7,8.3,8.4,8.4,8.3,7.8
2026-07-15T23:00:00Z,ok,,5.9,6.5,7.5,7.7,7.7,7.0,6.3,6.3,6.9,7.7,7.6,7.4,6.8,6.5,6.3,6.6,7.3,7.3,7.1,7.3,7.2,7.0,7.0,6.7
2026-07-15T23:30:00Z,ok,,6.9,7.2,7.7,7.6,7.0,6.5,6.0,6.3,6.8,7.2,6.8,6.6,6.2,6.1,6.5,7.4,8.4,8.6,8.2,8.3,8.2,7.5,7.7,7.3
2026-07-16T00:00:00Z,ok,,7.7,7.7,7.6,7.0,6.7,6.6,6.7,7.2,7.3,7.4,6.4,6.2,6.2,6.8,7.6,8.2,8.3,7.8,7.2,7.3,7.4,7.1,7.4,7.1
2026-07-16T00:30:00Z,ok,,12.5,10.6,9.3,8.2,8.1,8.3,8.7,8.9,8.3,7.5,6.8,6.7,6.6,7.7,8.5,11.0,14.9,17.1,16.9,16.1,14.4,12.2,12.4,11.3
2026-07-16T01:00:00Z,ok,,11.7,9.7,8.8,7.9,8.0,8.3,8.5,8.0,7.5,6.8,6.3,6.8,7.1,8.6,10.3,13.4,17.0,17.5,15.7,14.6,13.1,11.6,11.6,10.9
2026-07-16T01:30:00Z,,,0.0,0.0,0.0,0.0,0.0,0.0,0.0,0.0,0.0,0.0,0.0,0.0,0.0,0.0,0.0,0.0,0.0,0.0,0.0,0.0,0.0,0.0,0.0,0.0
2026-07-16T02:00:00Z,ok,,7.9,7.6,7.6,7.4,7.6,7.7,7.1,6.8,6.4,7.1,7.6,9.3,10.8,12.8,13.4,14.1,14.6,13.9,13.2,12.6,12.1,11.1,11.2,11.0
2026-07-16T02:30:00Z,,,0.0,0.0,0.0,0.0,0.0,0.0,0.0,0.0,0.0,0.0,0.0,0.0,0.0,0.0,0.0,0.0,0.0,0.0,0.0,0.0,0.0,0.0,0.0,0.0
2026-07-16T03:00:00Z,,,0.0,0.0,0.0,0.0,0.0,0.0,0.0,0.0,0.0,0.0,0.0,0.0,0.0,0.0,0.0,0.0,0.0,0.0,0.0,0.0,0.0,0.0,0.0,0.0
2026-07-16T03:30:00Z,ok,,6.7,6.7,6.7,6.6,6.5,7.2,7.1,8.0,9.6,11.6,13.1,14.4,14.3,14.3,13.8,15.3,17.3,18.4,17.4,16.3,14.1,13.2,13.0,12.1
2026-07-16T04:00:00Z,,,0.0,0.0,0.0,0.0,0.0,0.0,0.0,0.0,0.0,0.0,0.0,0.0,0.0,0.0,0.0,0.0,0.0,0.0,0.0,0.0,0.0,0.0,0.0,0.0
2026-07-16T04:30:00Z,ok,,9.9,9.3,8.4,8.1,7.9,8.8,11.7,13.7,17.3,17.5,15.5,15.0,15.2,17.6,22.7,24.1,21.5,17.1,12.9,10.4,10.4,11.2,10.9,10.8
2026-07-16T05:00:00Z,,,0.0,0.0,0.0,0.0,0.0,0.0,0.0,0.0,0.0,0.0,0.0,0.0,0.0,0.0,0.0,0.0,0.0,0.0,0.0,0.0,0.0,0.0,0.0,0.0
2026-07-16T05:30:00Z,ok,,9.6,9.1,9.3,10.5,12.8,15.2,17.9,19.6,17.5,17.0,17.6,20.2,22.4,23.8,20.8,17.2,15.7,15.2,15.9,14.8,15.1,13.6,13.5,13.3
2026-07-16T06:00:00Z,,,0.0,0.0,0.0,0.0,0.0,0.0,0.0,0.0,0.0,0.0,0.0,0.0,0.0,0.0,0.0,0.0,0.0,0.0,0.0,0.0,0.0,0.0,0.0,0.0
2026-07-16T06:30:00Z,ok,,7.3,8.3,10.3,12.8,16.1,17.4,17.2,15.4,15.2,16.7,20.5,23.9,21.0,15.7,13.2,11.7,11.6,11.6,10.9,10.4,11.4,10.8,10.9,10.8
2026-07-16T07:00:00Z,ok,,9.2,11.0,13.8,16.6,19.3,17.6,15.7,15.3,18.0,21.5,22.9,21.4,17.0,13.1,11.7,12.1,12.5,12.2,10.7,10.8,11.6,11.3,11.1,11.2
2026-07-16T07:30:00Z,,,0.0,0.0,0.0,0.0,0.0,0.0,0.0,0.0,0.0,0.0,0.0,0.0,0.0,0.0,0.0,0.0,0.0,0.0,0.0,0.0,0.0,0.0,0.0,0.0
2026-07-16T08:00:00Z,ok,,12.4,14.6,15.3,16.2,16.3,15.0,15.3,18.2,21.7,22.1,15.9,12.5,10.8,11.1,12.1,12.1,10.7,9.0,7.9,7.7,8.3,9.0,8.7,8.7
2026-07-16T08:30:00Z,,,0.0,0.0,0.0,0.0,0.0,0.0,0.0,0.0,0.0,0.0,0.0,0.0,0.0,0.0,0.0,0.0,0.0,0.0,0.0,0.0,0.0,0.0,0.0,0.0
2026-07-16T09:00:00Z,ok,,14.6,13.3,13.0,12.8,15.3,18.7,20.5,18.9,15.0,13.1,11.5,11.5,11.7,11.5,11.1,10.1,10.6,10.0,9.7,9.9,9.6,9.0,9.3,9.0
2026-07-16T09:30:00Z,ok,,12.2,12.3,13.1,14.0,17.7,19.5,18.3,15.2,12.6,11.4,10.8,11.9,12.4,11.4,10.9,9.8,10.7,9.8,9.0,8.7,8.8,8.2,8.5,8.1
2026-07-16T10:00:00Z,,,0.0,0.0,0.0,0.0,0.0,0.0,0.0,0.0,0.0,0.0,0.0,0.0,0.0,0.0,0.0,0.0,0.0,0.0,0.0,0.0,0.0,0.0,0.0,0.0
2026-07-16T10:30:00Z,ok,,10.9,13.3,16.4,18.3,18.8,14.8,11.6,10.0,10.8,12.0,11.5,12.1,11.0,10.0,9.5,9.5,10.5,9.9,8.8,8.3,8.7,8.4,8.0,8.2
2026-07-16T11:00:00Z,ok,,15.2,17.1,18.3,17.4,14.8,12.8,11.0,10.4,10.6,11.9,11.7,12.0,11.1,10.0,10.2,11.4,13.6,14.3,14.2,12.9,13.0,11.9,11.4,11.2
2026-07-16T11:30:00Z,ok,,16.1,16.2,16.1,13.5,12.0,10.1,9.2,9.5,10.5,11.2,10.2,10.0,9.6,9.6,11.1,12.3,13.0,11.9,10.2,9.1,9.1,8.8,8.9,8.4
2026-07-16T12:00:00Z,ok,,15.2,13.9,12.8,10.3,9.9,9.0,9.2,9.8,10.1,10.5,9.1,9.4,9.8,10.7,12.0,12.3,12.2,11.3,10.1,9.6,9.5,8.9,9.1,8.7
2026-07-16T12:30:00Z,ok,,12.5,10.8,10.2,8.9,9.3,9.2,9.8,10.1,9.8,10.0,9.1,9.9,10.6,11.8,12.1,11.7,11.9,11.3,10.2,10.0,9.6,8.8,8.9,8.5
2026-07-16T13:00:00Z,,,0.0,0.0,0.0,0.0,0.0,0.0,0.0,0.0,0.0,0.0,0.0,0.0,0.0,0.0,0.0,0.0,0.0,0.0,0.0,0.0,0.0,0.0,0.0,0.0
2026-07-16T13:30:00Z,ok,,5.8,4.9,5.4,6.2,7.2,8.2,8.1,7.4,7.6,7.3,7.5,7.7,6.9,6.7,7.5,8.4,11.6,10.7,8.7,6.2,5.3,4.7,3.9,3.6
2026-07-16T14:00:00Z,ok,,5.6,5.3,5.8,7.2,7.3,7.4,7.5,7.0,7.8,7.3,6.7,6.6,6.2,7.9,11.5,15.8,18.1,15.2,10.6,7.6,6.5,6.4,6.0,5.6
2026-07-16T14:30:00Z,,,0.0,0.0,0.0,0.0,0.0,0.0,0.0,0.0,0.0,0.0,0.0,0.0,0.0,0.0,0.0,0.0,0.0,0.0,0.0,0.0,0.0,0.0,0.0,0.0
2026-07-16T15:00:00Z,ok,,7.0,6.9,6.9,7.7,7.6,8.7,9.7,10.4,9.4,7.4,8.0,9.6,13.6,18.9,19.6,14.9,10.2,6.5,5.5,4.7,5.0,4.4,4.3,4.1
2026-07-16T15:30:00Z,ok,,7.5,7.2,7.1,7.7,8.3,10.9,10.2,9.2,7.9,7.0,10.9,15.1,20.2,19.6,15.4,11.4,8.4,6.5,6.1,5.1,4.4,4.1,3.9,3.5
2026-07-16T16:00:00Z,ok,,6.8,6.5,6.8,7.4,7.9,9.1,9.4,8.7,9.1,10.2,16.0,19.9,19.9,14.4,10.9,8.9,7.2,6.9,6.0,5.1,4.4,4.5,4.4,4.0
2026-07-16T16:30:00Z,ok,,5.8,6.2,7.6,8.8,9.4,9.4,8.8,8.2,10.1,12.9,18.8,20.0,15.6,9.9,7.9,6.8,6.3,5.9,4.8,4.1,4.0,4.2,3.7,3.7
2026-07-16T17:00:00Z,ok,,9.4,12.1,13.7,12.7,11.0,8.1,6.6,7.0,8.2,10.1,10.4,8.5,7.0,5.2,5.3,4.9,5.2,5.0,4.5,3.7,3.9,3.7,3.1,2.9
2026-07-16T17:30:00Z,ok,,3.4,3.3,3.4,4.1,5.0,5.6,5.7,5.9,7.2,6.7,6.4,6.0,5.3,4.7,4.7,4.1,4.3,3.7,2.8,1.9,1.7,1.6,1.3,1.2
2026-07-16T18:00:00Z,ok,,5.2,5.3,5.3,5.5,5.4,4.9,4.6,4.2,4.3,4.2,4.2,4.2,3.8,3.3,3.2,3.2,3.9,4.0,3.7,3.1,2.9,2.5,2.4,2.2
2026-07-16T18:30:00Z,ok,,4.4,4.7,4.8,5.0,4.5,3.9,3.6,3.8,4.6,4.9,4.7,4.1,3.4,3.1,3.5,4.0,4.8,5.0,4.3,3.6,3.4,3.1,2.9,2.8
2026-07-16T19:00:00Z,ok,,4.3,4.2,3.8,3.4,3.3,3.3,3.6,4.1,4.8,5.0,4.6,3.9,3.5,3.1,3.3,3.5,4.0,4.1,3.7,3.4,3.3,3.1,2.9,2.8
2026-07-16T19:30:00Z,ok,,3.9,3.4,3.2,3.0,3.8,4.3,4.7,4.6,4.2,3.6,3.0,2.6,2.7,2.7,3.0,3.0,3.8,4.3,4.3,4.4,4.2,4.2,4.0,3.8
2026-07-16T20:00:00Z,ok,,4.1,3.5,3.2,3.3,4.4,4.9,5.7,5.3,4.6,3.9,3.4,3.3,3.8,4.2,4.9,5.2,5.5,5.0,4.3,4.0,3.8,3.6,3.5,3.4
2026-07-16T20:30:00Z,ok,,2.8,2.9,3.1,3.3,4.0,4.5,4.9,4.7,4.4,4.1,3.5,3.6,4.1,5.0,6.0,6.7,6.5,5.3,4.8,4.6,4.8,4.8,4.9,4.9
2026-07-16T21:00:00Z,ok,,2.3,3.0,4.1,5.5,6.7,6.1,5.6,4.6,4.0,3.8,3.7,4.1,4.4,5.0,5.7,5.4,4.8,3.7,3.3,2.9,3.1,2.9,2.8,2.9
2026-07-16T21:30:00Z,ok,,2.3,2.7,3.3,4.7,6.1,6.9,7.1,6.4,5.9,5.4,5.5,6.2,6.7,6.7,6.5,5.0,4.2,3.1,2.7,2.1,2.1,1.9,1.8,1.7
2026-07-16T22:00:00Z,ok,,5.1,5.7,5.7,5.4,4.9,4.3,3.9,4.0,4.4,5.1,5.8,7.2,8.2,8.2,6.7,5.2,4.0,3.7,3.9,4.4,4.4,4.7,5.0,4.7
2026-07-16T22:30:00Z,ok,,4.5,5.0,5.3,5.4,5.5,5.4,5.4,5.5,5.4,5.4,5.4,5.6,5.3,4.9,4.5,4.3,4.4,5.0,4.9,4.9,4.6,4.3,4.3,3.9
2026-07-16T23:00:00Z,ok,,3.9,5.0,5.6,5.9,5.9,5.0,4.4,4.4,4.7,5.2,5.1,4.7,4.3,4.0,4.2,4.4,4.6,4.5,4.3,4.0,4.2,3.8,3.9,3.6
2026-07-16T23:30:00Z,ok,,7.7,6.2,5.3,4.1,4.4,4.8,6.6,8.2,9.7,10.3,9.7,10.3,9.8,9.4,8.4,6.8,6.7,8.8,11.7,13.5,14.1,15.1,16.3,15.4
2026-07-17T00:00:00Z,,,0.0,0.0,0.0,0.0,0.0,0.0,0.0,0.0,0.0,0.0,0.0,0.0,0.0,0.0,0.0,0.0,0.0,0.0,0.0,0.0,0.0,0.0,0.0,0.0
2026-07-17T00:30:00Z,ok,,3.2,2.6,3.0,3.8,5.8,8.1,12.1,12.8,13.5,11.9,11.2,10.4,10.3,11.3,13.3,15.9,17.9,22.5,30.0,31.4,34.1,37.3,38.8,40.2
2026-07-17T01:00:00Z,ok,,2.3,2.5,3.0,3.3,4.5,5.2,5.9,5.8,5.5,5.2,4.8,4.8,5.5,6.6,7.9,8.9,8.6,8.2,8.8,9.3,9.8,10.3,10.7,10.7
2026-07-17T01:30:00Z,,,0.0,0.0,0.0,0.0,0.0,0.0,0.0,0.0,0.0,0.0,0.0,0.0,0.0,0.0,0.0,0.0,0.0,0.0,0.0,0.0,0.0,0.0,0.0,0.0
2026-07-17T02:00:00Z,ok,,4.6,5.6,6.9,7.5,8.3,8.2,6.7,5.6,4.6,3.9,3.4,3.2,3.2,2.9,2.9,2.7,2.6,3.1,3.6,4.2,4.4,4.9,4.8,4.7
2026-07-17T02:30:00Z,,,0.0,0.0,0.0,0.0,0.0,0.0,0.0,0.0,0.0,0.0,0.0,0.0,0.0,0.0,0.0,0.0,0.0,0.0,0.0,0.0,0.0,0.0,0.0,0.0
2026-07-17T03:00:00Z,,,0.0,0.0,0.0,0.0,0.0,0.0,0.0,0.0,0.0,0.0,0.0,0.0,0.0,0.0,0.0,0.0,0.0,0.0,0.0,0.0,0.0,0.0,0.0,0.0
2026-07-17T03:30:00Z,ok,,9.5,9.7,9.0,7.5,6.2,4.9,3.9,3.5,3.4,3.5,3.3,3.5,3.5,3.6,3.7,3.6,3.9,4.9,6.1,6.5,6.8,7.3,6.6,6.4
2026-07-17T04:00:00Z,,,0.0,0.0,0.0,0.0,0.0,0.0,0.0,0.0,0.0,0.0,0.0,0.0,0.0,0.0,0.0,0.0,0.0,0.0,0.0,0.0,0.0,0.0,0.0,0.0
2026-07-17T04:30:00Z,failed,,0.0,0.0,0.0,0.0,0.0,0.0,0.0,0.0,0.0,0.0,0.0,0.0,0.0,0.0,0.0,0.0,0.0,0.0,0.0,0.0,0.0,0.0,0.0,0.0
2026-07-17T05:00:00Z,,,0.0,0.0,0.0,0.0,0.0,0.0,0.0,0.0,0.0,0.0,0.0,0.0,0.0,0.0,0.0,0.0,0.0,0.0,0.0,0.0,0.0,0.0,0.0,0.0
2026-07-17T05:30:00Z,ok,,5.6,4.9,4.0,3.4,3.1,2.9,2.8,2.8,2.7,2.7,2.7,3.0,3.4,3.8,4.6,5.0,5.6,5.6,5.2,5.0,5.0,4.7,4.6,4.4
2026-07-17T06:00:00Z,,,0.0,0.0,0.0,0.0,0.0,0.0,0.0,0.0,0.0,0.0,0.0,0.0,0.0,0.0,0.0,0.0,0.0,0.0,0.0,0.0,0.0,0.0,0.0,0.0
2026-07-17T06:30:00Z,ok,,3.6,3.4,3.0,2.8,2.7,2.7,2.5,2.6,2.6,2.8,3.1,3.6,4.2,4.9,5.3,5.1,4.8,4.0,3.6,3.5,3.4,3.4,3.3,3.3
2026-07-17T07:00:00Z,ok,,3.1,3.0,2.9,2.7,2.6,2.7,2.5,2.7,2.9,3.2,3.7,4.2,4.7,5.1,5.1,4.7,4.6,4.3,4.1,4.1,3.9,3.9,3.8,3.7
2026-07-17T07:30:00Z,,,0.0,0.0,0.0,0.0,0.0,0.0,0.0,0.0,0.0,0.0,0.0,0.0,0.0,0.0,0.0,0.0,0.0,0.0,0.0,0.0,0.0,0.0,0.0,0.0
2026-07-17T08:00:00Z,ok,,1.8,2.0,2.2,2.4,2.5,2.6,2.8,3.1,3.6,4.1,4.9,5.0,4.8,4.3,3.8,3.3,3.2,3.1,2.9,2.8,2.7,2.7,2.6,2.6
2026-07-17T08:30:00Z,ok,,3.0,3.0,2.9,2.9,3.0,3.2,3.7,4.1,4.8,5.2,5.4,5.2,4.8,4.1,4.0,3.9,4.3,4.9,4.7,4.4,4.1,4.0,3.8,3.6
2026-07-17T09:00:00Z,,,0.0,0.0,0.0,0.0,0.0,0.0,0.0,0.0,0.0,0.0,0.0,0.0,0.0,0.0,0.0,0.0,0.0,0.0,0.0,0.0,0.0,0.0,0.0,0.0
2026-07-17T09:30:00Z,ok,,3.4,3.4,3.3,3.4,3.7,4.2,4.8,5.4,5.8,5.9,5.5,5.2,4.8,4.4,4.5,4.6,5.4,5.9,5.5,5.1,4.6,4.3,4.2,3.8
2026-07-17T10:00:00Z,ok,,3.8,3.7,3.8,3.8,4.3,4.8,5.3,5.8,5.8,5.7,5.1,4.8,4.7,4.7,4.8,4.9,5.7,6.1,6.0,6.0,5.5,5.2,5.2,4.8
2026-07-17T10:30:00Z,ok,,4.0,3.9,4.0,4.2,5.0,5.5,5.9,6.0,5.9,5.6,5.0,5.0,5.1,5.2,5.5,5.6,6.4,6.0,5.5,4.9,4.5,4.2,4.2,3.9
2026-07-17T11:00:00Z,,,0.0,0.0,0.0,0.0,0.0,0.0,0.0,0.0,0.0,0.0,0.0,0.0,0.0,0.0,0.0,0.0,0.0,0.0,0.0,0.0,0.0,0.0,0.0,0.0
2026-07-17T11:30:00Z,ok,,4.4,4.8,5.2,5.3,6.1,6.0,5.6,5.3,4.8,4.8,4.7,5.2,5.6,5.7,5.4,4.7,4.8,4.7,4.7,4.7,4.6,4.3,4.3,3.8
2026-07-17T12:00:00Z,ok,,5.3,5.4,6.0,5.9,6.0,5.8,5.1,5.0,4.9,5.3,5.5,6.1,6.0,6.1,5.8,5.9,7.2,7.5,7.7,7.3,6.9,6.2,5.8,5.3
2026-07-17T12:30:00Z,ok,,5.4,5.7,5.8,5.7,5.7,5.4,4.8,4.7,4.9,5.3,5.5,5.8,5.7,5.3,4.9,4.5,4.6,4.6,4.5,4.1,4.0,3.7,3.6,3.3
2026-07-17T13:00:00Z,ok,,4.9,5.2,5.2,5.1,4.9,4.6,4.4,4.5,5.0,5.5,5.5,5.6,5.3,4.9,4.9,5.0,5.6,6.0,5.8,5.4,5.1,4.8,4.6,4.2
2026-07-17T13:30:00Z,ok,,5.7,5.5,5.1,4.6,4.5,4.6,4.7,5.0,5.3,5.6,5.6,5.6,5.4,5.2,5.2,5.4,6.3,6.8,6.7,6.5,5.9,5.4,5.3,4.8
2026-07-17T14:00:00Z,ok,,5.6,5.4,5.0,4.6,4.7,4.9,5.0,5.4,5.8,6.0,5.6,5.5,5.4,5.4,5.6,5.7,6.3,6.3,5.9,5.4,5.0,4.7,4.5,4.2
2026-07-17T14:30:00Z,failed,,0.0,0.0,0.0,0.0,0.0,0.0,0.0,0.0,0.0,0.0,0.0,0.0,0.0,0.0,0.0,0.0,0.0,0.0,0.0,0.0,0.0,0.0,0.0,0.0
2026-07-17T15:00:00Z,ok,,5.3,5.0,4.9,4.7,5.4,5.8,5.9,6.1,6.1,6.0,5.8,6.1,6.2,6.3,6.3,6.1,6.8,6.7,6.5,6.1,5.7,5.2,5.0,4.6
2026-07-17T15:30:00Z,failed,,0.0,0.0,0.0,0.0,0.0,0.0,0.0,0.0,0.0,0.0,0.0,0.0,0.0,0.0,0.0,0.0,0.0,0.0,0.0,0.0,0.0,0.0,0.0,0.0
2026-07-17T16:00:00Z,ok,,5.0,5.3,5.5,5.6,6.0,6.2,5.7,5.7,5.7,6.0,5.9,6.3,6.5,6.3,5.9,5.3,5.4,5.2,5.1,4.8,4.6,4.4,4.2,3.8
2026-07-17T16:30:00Z,ok,,4.4,5.0,5.5,5.7,5.9,5.7,5.1,5.1,5.4,5.8,5.8,6.0,5.9,5.5,5.1,4.5,4.4,4.3,4.1,4.1,4.0,3.9,3.8,3.5
2026-07-17T17:00:00Z,,,0.0,0.0,0.0,0.0,0.0,0.0,0.0,0.0,0.0,0.0,0.0,0.0,0.0,0.0,0.0,0.0,0.0,0.0,0.0,0.0,0.0,0.0,0.0,0.0
2026-07-17T17:30:00Z,ok,,5.5,5.7,5.6,5.3,5.3,5.1,5.2,5.3,5.6,6.0,5.7,5.6,5.3,4.6,4.5,4.4,5.0,5.6,5.4,5.1,4.9,4.5,4.5,4.1
2026-07-17T18:00:00Z,ok,,5.6,5.6,5.2,5.0,5.2,5.3,5.6,5.7,5.9,6.1,5.6,5.3,5.0,4.3,4.3,4.2,4.8,5.2,4.8,4.3,4.1,3.7,3.6,3.4
2026-07-17T18:30:00Z,ok,,5.5,5.2,5.0,5.1,5.5,5.4,5.7,5.8,6.0,5.6,4.9,4.4,4.2,3.9,4.4,4.2,4.2,3.6,2.9,2.4,2.5,2.3,2.2,2.2
2026-07-17T19:00:00Z,ok,,5.3,5.2,5.1,5.3,5.8,5.9,6.0,6.0,5.8,5.1,4.4,4.1,4.1,4.2,4.7,4.4,4.0,3.0,2.4,2.1,2.2,2.1,2.1,2.1
2026-07-17T19:30:00Z,ok,,5.2,5.4,5.4,5.6,6.1,6.2,6.2,5.9,5.1,4.4,4.0,3.9,4.1,4.3,4.5,3.8,2.9,2.1,1.7,1.6,1.8,1.8,1.9,1.9
2026-07-17T20:00:00Z,failed,,0.0,0.0,0.0,0.0,0.0,0.0,0.0,0.0,0.0,0.0,0.0,0.0,0.0,0.0,0.0,0.0,0.0,0.0,0.0,0.0,0.0,0.0,0.0,0.0
2026-07-17T20:30:00Z,ok,,4.8,5.1,5.4,5.6,5.7,5.6,5.0,4.5,4.0,3.8,4.1,4.2,4.2,3.6,2.7,1.9,1.3,1.1,1.1,1.2,1.4,1.5,1.5,1.6
2026-07-17T21:00:00Z,ok,,4.9,5.2,5.6,5.8,5.4,5.2,4.6,4.1,3.8,4.0,4.4,4.3,3.8,2.8,2.0,1.4,1.2,1.2,1.4,1.5,1.7,1.8,1.9,1.9
2026-07-17T21:30:00Z,ok,,5.2,5.5,5.4,5.5,4.9,4.3,4.0,3.8,3.8,4.1,4.3,3.9,3.2,2.2,1.9,1.6,1.7,1.8,1.7,1.5,1.7,1.6,1.6,1.6
2026-07-17T22:00:00Z,ok,,5.8,5.9,5.6,5.2,4.3,4.0,3.8,4.0,4.3,4.4,4.1,3.2,2.4,1.7,1.6,1.7,2.1,2.7,2.8,2.7,2.8,2.7,2.7,2.7
2026-07-17T22:30:00Z,ok,,5.7,5.5,4.9,4.3,3.8,3.7,3.9,4.2,4.4,4.0,3.2,2.2,1.7,1.5,1.5,1.7,1.8,1.8,1.6,1.6,1.7,1.7,1.8,1.9
2026-07-17T23:00:00Z,ok,,3.7,3.6,3.3,3.3,3.5,3.7,4.0,4.0,3.5,2.7,2.0,1.5,1.4,1.5,1.8,2.0,2.4,2.6,2.5,2.6,2.7,2.7,2.7,2.7
2026-07-17T23:30:00Z,ok,,3.0,2.9,2.7,2.9,3.4,3.7,3.8,3.3,2.4,1.7,1.4,1.3,1.5,1.8,2.2,2.3,2.5,2.2,2.2,2.2,2.3,2.3,2.4,2.3
2026-07-18T00:00:00Z,failed,,0.0,0.0,0.0,0.0,0.0,0.0,0.0,0.0,0.0,0.0,0.0,0.0,0.0,0.0,0.0,0.0,0.0,0.0,0.0,0.0,0.0,0.0,0.0,0.0
2026-07-18T00:30:00Z,ok,,4.3,4.3,4.4,4.4,4.5,4.0,3.1,2.4,1.9,1.8,1.9,2.3,2.8,3.2,3.5,3.5,3.9,3.8,3.9,3.7,3.8,3.6,3.3,3.2
2026-07-18T01:00:00Z,,,0.0,0.0,0.0,0.0,0.0,0.0,0.0,0.0,0.0,0.0,0.0,0.0,0.0,0.0,0.0,0.0,0.0,0.0,0.0,0.0,0.0,0.0,0.0,0.0
2026-07-18T01:30:00Z,ok,,4.6,4.9,4.6,4.2,3.2,2.4,1.8,1.7,1.9,2.4,3.0,3.2,3.3,3.3,3.5,3.5,3.6,3.2,2.9,2.8,2.7,2.6,2.6,2.5
2026-07-18T02:00:00Z,ok,,6.9,6.3,5.0,3.9,2.8,2.2,1.9,2.2,2.8,3.3,3.6,3.6,3.5,3.7,4.3,4.7,4.7,4.0,3.5,3.1,3.1,3.0,3.0,3.1
2026-07-18T02:30:00Z,,,0.0,0.0,0.0,0.0,0.0,0.0,0.0,0.0,0.0,0.0,0.0,0.0,0.0,0.0,0.0,0.0,0.0,0.0,0.0,0.0,0.0,0.0,0.0,0.0
2026-07-18T03:00:00Z,,,0.0,0.0,0.0,0.0,0.0,0.0,0.0,0.0,0.0,0.0,0.0,0.0,0.0,0.0,0.0,0.0,0.0,0.0,0.0,0.0,0.0,0.0,0.0,0.0
2026-07-18T03:30:00Z,ok,,3.3,2.8,2.3,2.1,2.2,2.8,3.5,3.8,3.9,4.0,4.3,4.7,5.2,4.9,4.0,2.9,2.3,1.9,2.0,2.0,2.3,2.2,2.2,2.5
2026-07-18T04:00:00Z,,,0.0,0.0,0.0,0.0,0.0,0.0,0.0,0.0,0.0,0.0,0.0,0.0,0.0,0.0,0.0,0.0,0.0,0.0,0.0,0.0,0.0,0.0,0.0,0.0
2026-07-18T04:30:00Z,ok,,2.8,2.7,2.8,3.1,3.3,3.5,3.9,4.1,4.4,4.6,4.7,4.7,4.2,3.3,3.1,3.0,3.6,4.5,4.5,4.3,4.4,4.1,4.0,3.8
2026-07-18T05:00:00Z,,,0.0,0.0,0.0,0.0,0.0,0.0,0.0,0.0,0.0,0.0,0.0,0.0,0.0,0.0,0.0,0.0,0.0,0.0,0.0,0.0,0.0,0.0,0.0,0.0
2026-07-18T05:30:00Z,ok,,3.3,3.7,3.9,4.0,4.1,4.3,4.4,5.0,5.4,5.2,4.4,3.5,3.2,3.1,3.1,3.4,3.4,3.5,3.3,3.4,3.3,3.3,3.4,3.2
2026-07-18T06:00:00Z,failed,,0.0,0.0,0.0,0.0,0.0,0.0,0.0,0.0,0.0,0.0,0.0,0.0,0.0,0.0,0.0,0.0,0.0,0.0,0.0,0.0,0.0,0.0,0.0,0.0
2026-07-18T06:30:00Z,,,0.0,0.0,0.0,0.0,0.0,0.0,0.0,0.0,0.0,0.0,0.0,0.0,0.0,0.0,0.0,0.0,0.0,0.0,0.0,0.0,0.0,0.0,0.0,0.0
2026-07-18T07:00:00Z,ok,,4.3,4.4,4.5,4.7,5.0,5.4,5.3,4.4,3.3,2.7,2.5,2.7,3.0,2.9,2.6,2.2,2.0,2.0,2.1,2.2,2.3,2.4,2.4,2.3
2026-07-18T07:30:00Z,ok,,4.0,4.3,4.5,4.9,4.9,4.7,4.1,3.4,2.7,2.6,2.6,2.8,2.9,2.5,2.3,1.9,1.8,1.8,1.9,2.0,2.1,2.1,2.1,2.1
2026-07-18T08:00:00Z,ok,,4.8,5.1,5.2,5.1,4.6,3.8,3.0,2.7,2.6,2.8,2.9,2.8,2.6,2.3,2.3,2.1,2.2,2.2,2.1,2.2,2.3,2.3,2.2,2.3
2026-07-18T08:30:00Z,,,0.0,0.0,0.0,0.0,0.0,0.0,0.0,0.0,0.0,0.0,0.0,0.0,0.0,0.0,0.0,0.0,0.0,0.0,0.0,0.0,0.0,0.0,0.0,0.0
2026-07-18T09:00:00Z,ok,,5.3,5.1,4.4,3.7,2.9,2.5,2.4,2.5,2.6,2.6,2.5,2.3,2.2,2.0,2.2,2.3,2.5,2.5,2.3,2.2,2.2,2.1,2.1,2.0
2026-07-18T09:30:00Z,ok,,6.1,5.2,4.2,3.4,2.8,2.7,2.8,2.8,2.7,2.5,2.4,2.2,2.3,2.3,2.4,2.3,2.3,2.2,2.1,2.1,2.2,2.1,2.1,2.0
2026-07-18T10:00:00Z,ok,,5.1,4.2,3.3,2.8,2.5,2.5,2.7,2.6,2.4,2.2,2.1,2.2,2.4,2.4,2.3,2.1,2.1,1.9,1.9,1.9,2.0,1.9,1.9,1.9
2026-07-18T10:30:00Z,ok,,3.2,2.9,2.6,2.4,2.4,2.5,2.5,2.3,2.1,2.0,2.0,2.1,2.3,2.3,2.0,1.6,1.6,1.7,2.0,2.2,2.3,2.4,2.3,2.3
2026-07-18T11:00:00Z,ok,,2.5,2.5,2.4,2.5,2.5,2.5,2.4,2.1,2.0,1.9,2.1,2.2,2.3,2.0,1.8,1.5,1.7,2.1,2.4,2.6,2.7,2.7,2.6,2.4
2026-07-18T11:30:00Z,ok,,2.9,2.9,2.8,2.8,2.6,2.4,2.3,2.2,2.2,2.3,2.5,2.4,2.2,1.8,1.7,1.7,2.1,2.7,2.9,3.0,3.0,2.9,2.8,2.6
2026-07-18T12:00:00Z,ok,,2.5,2.6,2.7,2.7,2.4,2.1,2.0,2.1,2.2,2.4,2.4,2.2,2.0,1.8,2.0,2.3,3.2,4.0,3.9,3.8,3.5,3.3,3.1,2.8
2026-07-18T12:30:00Z,ok,,3.4,3.3,2.9,2.7,2.3,2.1,2.2,2.4,2.6,2.6,2.3,2.1,2.0,2.1,2.6,3.1,3.7,4.0,3.6,3.4,3.2,3.1,2.9,2.7
2026-07-18T13:00:00Z,ok,,3.5,3.3,2.8,2.5,2.4,2.4,2.6,2.8,2.7,2.5,2.3,2.2,2.4,2.8,3.5,3.9,4.2,3.9,3.5,3.2,3.2,3.0,2.9,2.7
2026-07-18T13:30:00Z,ok,,3.9,3.5,3.0,2.7,2.7,2.8,2.9,2.9,2.6,2.3,2.2,2.4,2.9,3.6,4.1,4.0,4.0,3.7,3.7,3.8,3.9,3.8,3.7,3.5
2026-07-18T14:00:00Z,ok,,4.2,3.6,3.2,2.9,3.1,3.2,3.2,3.0,2.5,2.2,2.3,2.6,3.3,3.9,4.4,4.3,4.0,3.2,2.8,2.6,2.6,2.4,2.3,2.3
2026-07-18T14:30:00Z,ok,,3.3,3.1,2.9,2.8,2.9,2.8,2.6,2.4,2.3,2.3,2.7,3.2,3.8,4.1,4.4,4.1,3.7,3.0,2.7,2.5,2.4,2.4,2.4,2.4
2026-07-18T15:00:00Z,ok,,2.4,2.5,2.6,2.6,2.5,2.3,2.0,2.0,2.2,2.6,3.1,3.5,3.8,3.9,3.7,3.3,3.1,2.8,2.7,2.7,2.7,2.7,2.7,2.6
2026-07-18T15:30:00Z,ok,,3.1,3.2,3.1,2.9,2.7,2.4,2.2,2.3,2.8,3.4,3.8,3.9,3.9,3.7,3.4,3.0,3.0,3.0,3.0,3.0,2.9,2.9,2.7,2.6
2026-07-18T16:00:00Z,ok,,3.1,3.1,2.9,2.7,2.5,2.3,2.4,2.6,3.2,3.7,4.0,3.9,3.7,3.3,3.0,2.7,2.6,2.6,2.5,2.4,2.3,2.3,2.2,2.2
2026-07-18T16:30:00Z,ok,,3.7,3.4,2.9,2.7,2.5,2.6,3.0,3.3,3.8,4.2,4.1,3.9,3.7,3.1,2.9,2.7,3.0,3.4,3.4,3.1,3.1,3.0,2.8,2.8
2026-07-18T17:00:00Z,ok,,3.2,2.9,2.5,2.4,2.5,2.9,3.6,4.0,4.2,4.2,4.1,3.7,3.4,2.9,2.7,2.5,2.6,2.5,2.2,2.0,2.0,1.8,1.8,1.9
2026-07-18T17:30:00Z,ok,,3.2,3.0,2.7,2.8,3.0,3.5,4.3,4.6,4.5,4.2,3.8,3.4,3.2,2.8,2.6,2.4,2.4,2.2,2.0,1.8,1.9,1.8,1.8,1.9
2026-07-18T18:00:00Z,ok,,2.3,2.5,2.6,2.9,3.4,3.9,4.3,4.4,4.1,3.6,3.1,2.7,2.6,2.4,2.0,1.7,1.4,1.1,1.1,1.1,1.3,1.3,1.3,1.4
2026-07-18T18:30:00Z,ok,,2.8,3.0,3.2,3.6,4.0,4.5,4.5,4.3,3.8,3.2,2.8,2.6,2.5,2.3,1.9,1.6,1.5,1.5,1.7,1.9,2.1,2.2,2.1,2.1
2026-07-18T19:00:00Z,ok,,3.5,3.7,3.8,4.1,4.3,4.4,4.3,3.8,3.2,2.8,2.6,2.4,2.3,2.0,1.6,1.3,1.2,1.1,1.1,1.1,1.2,1.2,1.2,1.3
2026-07-18T19:30:00Z,ok,,4.6,4.8,4.7,4.7,4.4,4.2,3.9,3.4,2.9,2.5,2.4,2.2,2.1,1.8,1.5,1.3,1.2,1.0,1.0,1.0,1.2,1.2,1.2,1.3
2026-07-18T20:00:00Z,ok,,5.6,5.6,5.4,5.1,4.4,4.0,3.5,3.1,2.8,2.6,2.4,2.2,2.0,1.8,1.6,1.5,1.4,1.3,1.3,1.3,1.4,1.5,1.5,1.6
2026-07-18T20:30:00Z,ok,,4.4,4.6,4.5,4.2,3.6,3.3,2.8,2.6,2.5,2.3,2.0,1.8,1.7,1.6,1.5,1.3,1.3,1.3,1.3,1.4,1.5,1.6,1.6,1.6
2026-07-18T21:00:00Z,ok,,3.0,3.2,3.1,3.0,2.7,2.4,2.1,1.9,1.8,1.6,1.5,1.3,1.3,1.2,1.1,0.9,0.8,0.8,0.7,0.7,0.8,0.8,0.8,0.8
2026-07-18T21:30:00Z,ok,,4.1,3.7,3.2,2.9,2.5,2.3,2.1,1.8,1.5,1.3,1.3,1.2,1.3,1.2,1.0,0.8,0.6,0.5,0.6,0.6,0.7,0.7,0.7,0.8
2026-07-18T22:00:00Z,ok,,2.7,2.5,2.2,2.1,1.9,1.8,1.6,1.3,1.1,1.0,1.0,1.0,1.0,0.8,0.6,0.3,0.2,0.2,0.3,0.3,0.5,0.5,0.5,0.6
2026-07-18T22:30:00Z,ok,,3.3,3.0,2.5,2.3,2.0,1.8,1.5,1.2,1.1,1.1,1.1,1.2,1.1,0.8,0.6,0.4,0.4,0.5,0.6,0.7,0.8,0.9,0.8,0.8
2026-07-18T23:00:00Z,ok,,1.8,1.7,1.6,1.6,1.4,1.2,1.1,1.0,1.0,1.0,1.0,1.0,0.8,0.5,0.3,0.2,0.2,0.4,0.6,0.7,0.9,0.9,0.9,0.9
2026-07-18T23:30:00Z,ok,,1.6,1.5,1.5,1.5,1.3,1.2,1.0,0.9,0.9,0.9,0.9,0.9,0.7,0.4,0.2,0.1,0.1,0.2,0.3,0.3,0.5,0.6,0.6,0.6
2026-07-19T00:00:00Z,ok,,2.0,2.0,1.8,1.7,1.5,1.3,1.3,1.2,1.2,1.1,1.1,0.9,0.7,0.5,0.6,0.8,1.3,2.1,2.3,2.2,2.3,2.1,2.0,1.8
2026-07-19T00:30:00Z,ok,,3.6,3.2,2.5,2.2,1.7,1.6,1.6,1.5,1.5,1.4,1.1,0.9,0.8,0.7,0.8,1.1,1.7,2.3,2.3,2.3,2.3,2.1,2.0,1.9
2026-07-19T01:00:00Z,ok,,3.0,2.6,2.0,1.7,1.5,1.4,1.4,1.3,1.2,0.9,0.6,0.4,0.5,0.6,1.0,1.4,1.8,2.0,2.0,1.9,2.1,2.1,2.1,2.0
2026-07-19T01:30:00Z,,,0.0,0.0,0.0,0.0,0.0,0.0,0.0,0.0,0.0,0.0,0.0,0.0,0.0,0.0,0.0,0.0,0.0,0.0,0.0,0.0,0.0,0.0,0.0,0.0
2026-07-19T02:00:00Z,ok,,3.3,3.5,3.4,3.5,3.4,3.2,3.1,2.9,2.6,2.4,2.3,2.1,1.9,1.7,1.6,1.7,2.2,2.7,2.6,2.4,2.4,2.1,2.0,1.9
2026-07-19T02:30:00Z,,,0.0,0.0,0.0,0.0,0.0,0.0,0.0,0.0,0.0,0.0,0.0,0.0,0.0,0.0,0.0,0.0,0.0,0.0,0.0,0.0,0.0,0.0,0.0,0.0
2026-07-19T03:00:00Z,,,0.0,0.0,0.0,0.0,0.0,0.0,0.0,0.0,0.0,0.0,0.0,0.0,0.0,0.0,0.0,0.0,0.0,0.0,0.0,0.0,0.0,0.0,0.0,0.0
2026-07-19T03:30:00Z,ok,,3.0,2.8,2.5,2.5,2.4,2.2,2.1,2.0,2.0,2.0,2.2,2.3,2.3,2.0,1.9,1.6,1.7,1.7,1.5,1.3,1.3,1.1,1.0,0.9
2026-07-19T04:00:00Z,,,0.0,0.0,0.0,0.0,0.0,0.0,0.0,0.0,0.0,0.0,0.0,0.0,0.0,0.0,0.0,0.0,0.0,0.0,0.0,0.0,0.0,0.0,0.0,0.0
2026-07-19T04:30:00Z,ok,,2.4,2.6,2.5,2.6,2.5,2.2,2.2,2.2,2.5,2.5,2.5,2.1,1.8,1.7,2.0,2.4,3.0,3.1,2.8,2.3,2.2,2.0,1.9,1.8
2026-07-19T05:00:00Z,,,0.0,0.0,0.0,0.0,0.0,0.0,0.0,0.0,0.0,0.0,0.0,0.0,0.0,0.0,0.0,0.0,0.0,0.0,0.0,0.0,0.0,0.0,0.0,0.0
2026-07-19T05:30:00Z,ok,,3.6,3.3,2.9,2.9,3.1,3.2,3.4,3.2,3.2,2.9,2.8,2.9,2.9,2.7,2.7,2.3,2.5,2.3,2.0,1.6,1.6,1.4,1.2,1.2
2026-07-19T06:00:00Z,,,0.0,0.0,0.0,0.0,0.0,0.0,0.0,0.0,0.0,0.0,0.0,0.0,0.0,0.0,0.0,0.0,0.0,0.0,0.0,0.0,0.0,0.0,0.0,0.0
2026-07-19T06:30:00Z,ok,,2.5,2.8,2.8,3.2,3.2,2.9,2.9,2.9,3.2,3.1,3.0,2.6,2.4,2.4,3.0,3.6,4.3,4.1,3.5,2.8,2.7,2.4,2.2,2.2
2026-07-19T07:00:00Z,,,0.0,0.0,0.0,0.0,0.0,0.0,0.0,0.0,0.0,0.0,0.0,0.0,0.0,0.0,0.0,0.0,0.0,0.0,0.0,0.0,0.0,0.0,0.0,0.0
2026-07-19T07:30:00Z,ok,,3.0,3.0,3.2,3.9,4.9,5.3,5.4,4.8,4.6,4.3,4.5,5.0,5.2,4.9,4.7,3.8,3.6,2.9,2.6,2.1,2.1,1.8,1.7,1.6
2026-07-19T08:00:00Z,,,0.0,0.0,0.0,0.0,0.0,0.0,0.0,0.0,0.0,0.0,0.0,0.0,0.0,0.0,0.0,0.0,0.0,0.0,0.0,0.0,0.0,0.0,0.0,0.0
2026-07-19T08:30:00Z,ok,,3.1,3.7,4.2,4.8,5.1,4.6,4.2,4.0,4.0,4.0,3.7,3.5,3.2,3.2,3.7,4.3,5.0,5.3,5.2,4.8,4.8,4.4,4.4,4.1
2026-07-19T09:00:00Z,ok,,4.8,5.6,5.8,5.4,5.1,4.1,3.5,3.3,3.3,3.6,3.4,3.5,3.6,3.9,4.5,4.7,4.8,4.8,4.9,4.6,4.8,4.4,4.4,4.1
2026-07-19T09:30:00Z,ok,,4.6,3.8,3.2,2.7,3.3,3.9,5.2,5.8,6.3,6.1,5.4,5.8,6.0,6.2,5.9,5.1,5.4,6.8,8.7,9.5,10.2,10.1,10.8,9.9
2026-07-19T10:00:00Z,,,0.0,0.0,0.0,0.0,0.0,0.0,0.0,0.0,0.0,0.0,0.0,0.0,0.0,0.0,0.0,0.0,0.0,0.0,0.0,0.0,0.0,0.0,0.0,0.0
2026-07-19T10:30:00Z,ok,,2.1,2.0,2.5,3.1,4.7,5.8,7.3,6.9,6.6,6.0,5.7,5.7,6.2,7.0,8.2,9.7,10.5,11.6,13.4,13.8,14.2,15.0,15.9,15.6
2026-07-19T11:00:00Z,ok,,1.2,1.5,2.4,3.6,5.5,6.6,7.6,7.4,6.8,6.1,5.7,5.8,6.4,7.6,9.2,10.6,11.3,13.3,17.8,19.3,21.6,23.6,23.7,24.0
2026-07-19T11:30:00Z,ok,,3.2,4.0,4.7,5.1,5.8,5.8,5.3,5.0,4.5,4.1,3.4,3.1,2.9,2.9,3.1,3.1,3.3,3.8,4.2,4.6,4.8,4.9,4.8,4.5
2026-07-19T12:00:00Z,ok,,4.7,5.1,5.2,5.0,5.4,5.2,4.9,4.8,4.4,3.9,3.1,2.8,2.8,3.2,3.6,3.8,4.3,5.3,6.1,6.4,6.6,6.6,6.3,5.9
2026-07-19T12:30:00Z,ok,,5.0,5.4,5.2,4.7,4.7,4.5,4.2,4.1,4.0,3.7,3.0,3.0,3.2,3.7,4.3,4.6,5.0,5.4,6.0,6.1,6.5,6.5,6.4,5.9
2026-07-19T13:00:00Z,ok,,6.7,7.3,6.8,6.0,5.4,4.5,3.7,3.2,2.7,2.5,2.4,2.8,3.3,3.7,4.0,3.8,3.4,3.3,3.5,3.5,3.8,3.7,3.6,3.4
2026-07-19T13:30:00Z,ok,,10.9,9.6,7.5,6.0,5.1,4.3,4.0,3.5,3.1,3.5,3.4,4.4,5.1,5.6,5.2,4.5,4.1,4.7,6.0,6.6,7.2,7.4,7.3,6.9
2026-07-19T14:00:00Z,,,0.0,0.0,0.0,0.0,0.0,0.0,0.0,0.0,0.0,0.0,0.0,0.0,0.0,0.0,0.0,0.0,0.0,0.0,0.0,0.0,0.0,0.0,0.0,0.0
2026-07-19T14:30:00Z,ok,,4.4,3.7,3.8,3.9,4.6,5.2,6.4,7.4,8.8,9.6,9.8,10.0,9.3,8.7,8.5,8.3,8.8,11.2,14.8,16.3,18.3,18.8,19.9,19.9
2026-07-19T15:00:00Z,ok,,3.1,2.9,2.5,2.4,2.6,3.0,3.7,4.8,6.0,6.4,6.2,5.9,5.2,4.7,4.5,4.3,4.9,6.1,8.0,8.6,9.9,9.6,10.7,9.9
2026-07-19T15:30:00Z,ok,,3.1,2.9,2.4,2.1,1.8,1.7,1.8,2.1,2.6,2.8,2.7,2.3,2.0,1.6,1.5,1.6,1.9,2.4,2.5,2.4,2.6,2.5,2.3,2.3
2026-07-19T16:00:00Z,ok,,1.9,1.8,1.6,1.5,1.5,1.6,1.9,2.3,2.6,2.5,2.1,1.7,1.5,1.4,1.5,1.7,2.3,2.9,3.0,3.0,3.1,3.0,2.9,2.7
2026-07-19T16:30:00Z,ok,,2.4,2.2,1.9,1.8,2.0,2.2,2.4,2.6,2.6,2.3,1.9,1.6,1.5,1.5,1.7,1.8,2.2,2.7,2.8,2.8,2.9,2.9,2.7,2.6
2026-07-19T17:00:00Z,ok,,2.0,1.8,1.7,1.8,2.2,2.5,2.7,2.6,2.3,1.9,1.7,1.6,1.7,1.9,2.3,2.6,2.9,2.4,2.0,1.7,1.7,1.6,1.5,1.5
2026-07-19T17:30:00Z,ok,,1.9,1.9,1.9,2.2,2.6,2.7,2.8,2.5,2.0,1.5,1.5,1.5,1.9,2.3,2.8,2.9,2.5,1.8,1.5,1.3,1.4,1.4,1.3,1.3
2026-07-19T18:00:00Z,ok,,1.5,1.8,2.0,2.3,2.7,2.6,2.3,1.9,1.5,1.4,1.6,1.8,2.3,2.6,2.7,2.2,1.6,1.1,1.0,0.9,1.1,1.0,1.1,1.1
2026-07-19T18:30:00Z,ok,,3.0,3.1,3.2,3.2,3.2,2.8,2.3,2.0,1.9,1.9,2.1,2.5,3.0,3.1,2.7,1.9,1.5,1.3,1.3,1.5,1.6,1.6,1.5,1.5
2026-07-19T19:00:00Z,ok,,3.9,3.9,3.8,3.5,3.1,2.7,2.2,2.0,2.0,2.3,2.7,3.1,3.1,2.7,2.1,1.5,1.4,1.5,1.7,1.8,1.9,2.0,1.9,1.8
2026-07-19T19:30:00Z,ok,,4.1,3.8,3.5,3.1,2.5,2.2,2.1,2.0,2.2,2.6,3.0,3.2,2.8,2.1,1.6,1.3,1.4,1.7,1.8,1.9,2.1,2.0,2.0,1.9
2026-07-19T20:00:00Z,ok,,3.9,3.5,2.9,2.6,2.1,1.9,2.0,2.2,2.6,3.0,3.2,2.8,2.2,1.5,1.3,1.2,1.4,1.5,1.5,1.4,1.6,1.5,1.5,1.6
2026-07-19T20:30:00Z,ok,,2.8,2.6,2.2,2.0,1.8,1.8,2.1,2.6,3.2,3.4,3.0,2.2,1.7,1.3,1.3,1.4,1.7,2.1,2.1,2.0,2.2,2.1,2.0,2.1
2026-07-19T21:00:00Z,ok,,2.4,2.2,1.9,1.8,1.9,2.2,2.6,3.1,3.4,3.1,2.4,1.7,1.5,1.3,1.4,1.6,1.9,2.0,2.0,1.9,2.0,2.0,1.9,1.9
2026-07-19T21:30:00Z,ok,,2.5,2.3,2.0,2.1,2.5,2.9,3.4,3.4,3.0,2.2,1.8,1.5,1.5,1.5,1.7,1.8,1.9,1.7,1.5,1.4,1.5,1.4,1.4,1.5
2026-07-19T22:00:00Z,ok,,2.2,2.2,2.1,2.4,3.1,3.5,3.7,3.0,2.2,1.5,1.4,1.4,1.6,1.7,1.7,1.5,1.4,1.3,1.4,1.5,1.6,1.6,1.6,1.6
2026-07-19T22:30:00Z,ok,,2.3,2.3,2.3,2.7,3.3,3.5,3.2,2.4,1.7,1.3,1.3,1.5,1.9,1.8,1.6,1.3,1.3,1.3,1.4,1.5,1.5,1.5,1.4,1.3
2026-07-19T23:00:00Z,ok,,2.6,2.7,2.9,3.1,3.4,2.9,2.3,1.7,1.4,1.3,1.5,1.7,1.9,1.7,1.6,1.3,1.1,0.9,0.9,0.8,0.9,0.9,0.9,0.9
2026-07-19T23:30:00Z,ok,,3.3,3.5,3.6,3.6,3.2,2.5,1.8,1.6,1.6,1.7,2.0,2.0,2.0,1.7,1.5,1.3,1.2,1.1,1.1,1.1,1.2,1.2,1.2,1.2
2026-07-20T00:00:00Z,,,0.0,0.0,0.0,0.0,0.0,0.0,0.0,0.0,0.0,0.0,0.0,0.0,0.0,0.0,0.0,0.0,0.0,0.0,0.0,0.0,0.0,0.0,0.0,0.0
2026-07-20T00:30:00Z,,,0.0,0.0,0.0,0.0,0.0,0.0,0.0,0.0,0.0,0.0,0.0,0.0,0.0,0.0,0.0,0.0,0.0,0.0,0.0,0.0,0.0,0.0,0.0,0.0
2026-07-20T01:00:00Z,,,0.0,0.0,0.0,0.0,0.0,0.0,0.0,0.0,0.0,0.0,0.0,0.0,0.0,0.0,0.0,0.0,0.0,0.0,0.0,0.0,0.0,0.0,0.0,0.0
2026-07-20T01:30:00Z,,,0.0,0.0,0.0,0.0,0.0,0.0,0.0,0.0,0.0,0.0,0.0,0.0,0.0,0.0,0.0,0.0,0.0,0.0,0.0,0.0,0.0,0.0,0.0,0.0
2026-07-20T02:00:00Z,,,0.0,0.0,0.0,0.0,0.0,0.0,0.0,0.0,0.0,0.0,0.0,0.0,0.0,0.0,0.0,0.0,0.0,0.0,0.0,0.0,0.0,0.0,0.0,0.0
2026-07-20T02:30:00Z,,,0.0,0.0,0.0,0.0,0.0,0.0,0.0,0.0,0.0,0.0,0.0,0.0,0.0,0.0,0.0,0.0,0.0,0.0,0.0,0.0,0.0,0.0,0.0,0.0
2026-07-20T03:00:00Z,ok,,2.4,2.3,2.1,2.2,2.3,2.2,2.1,1.8,1.7,1.5,1.3,1.2,1.1,1.0,1.1,1.1,1.2,1.3,1.3,1.2,1.4,1.3,1.3,1.3
2026-07-20T03:30:00Z,ok,,2.4,2.4,2.3,2.4,2.4,2.2,1.9,1.7,1.6,1.3,1.2,1.1,1.1,1.1,1.1,1.1,1.2,1.4,1.5,1.5,1.6,1.6,1.5,1.5
2026-07-20T04:00:00Z,,,0.0,0.0,0.0,0.0,0.0,0.0,0.0,0.0,0.0,0.0,0.0,0.0,0.0,0.0,0.0,0.0,0.0,0.0,0.0,0.0,0.0,0.0,0.0,0.0
2026-07-20T04:30:00Z,,,0.0,0.0,0.0,0.0,0.0,0.0,0.0,0.0,0.0,0.0,0.0,0.0,0.0,0.0,0.0,0.0,0.0,0.0,0.0,0.0,0.0,0.0,0.0,0.0
2026-07-20T05:00:00Z,ok,,3.5,3.2,2.7,2.3,2.1,1.9,1.6,1.4,1.4,1.3,1.3,1.4,1.5,1.4,1.5,1.4,1.8,2.2,2.4,2.4,2.5,2.4,2.2,2.1
2026-07-20T05:30:00Z,,,0.0,0.0,0.0,0.0,0.0,0.0,0.0,0.0,0.0,0.0,0.0,0.0,0.0,0.0,0.0,0.0,0.0,0.0,0.0,0.0,0.0,0.0,0.0,0.0
2026-07-20T06:00:00Z,ok,,2.7,2.4,2.0,1.7,1.5,1.4,1.3,1.2,1.3,1.4,1.3,1.4,1.4,1.4,1.5,1.6,2.1,2.8,3.0,3.0,3.1,3.0,2.7,2.5
2026-07-20T06:30:00Z,,,0.0,0.0,0.0,0.0,0.0,0.0,0.0,0.0,0.0,0.0,0.0,0.0,0.0,0.0,0.0,0.0,0.0,0.0,0.0,0.0,0.0,0.0,0.0,0.0
2026-07-20T07:00:00Z,ok,,2.7,2.3,1.7,1.5,1.3,1.3,1.4,1.5,1.5,1.5,1.4,1.5,1.6,1.9,2.5,2.8,3.2,3.1,2.9,2.6,2.8,2.6,2.4,2.3
2026-07-20T07:30:00Z,,,0.0,0.0,0.0,0.0,0.0,0.0,0.0,0.0,0.0,0.0,0.0,0.0,0.0,0.0,0.0,0.0,0.0,0.0,0.0,0.0,0.0,0.0,0.0,0.0
2026-07-20T08:00:00Z,ok,,2.1,1.9,1.6,1.5,1.5,1.6,1.6,1.6,1.6,1.6,1.7,2.0,2.5,2.9,3.0,2.7,2.6,2.5,2.6,2.6,2.7,2.7,2.5,2.5
2026-07-20T08:30:00Z,,,0.0,0.0,0.0,0.0,0.0,0.0,0.0,0.0,0.0,0.0,0.0,0.0,0.0,0.0,0.0,0.0,0.0,0.0,0.0,0.0,0.0,0.0,0.0,0.0
2026-07-20T09:00:00Z,,,0.0,0.0,0.0,0.0,0.0,0.0,0.0,0.0,0.0,0.0,0.0,0.0,0.0,0.0,0.0,0.0,0.0,0.0,0.0,0.0,0.0,0.0,0.0,0.0
2026-07-20T09:30:00Z,ok,,1.9,1.8,1.8,1.8,1.7,1.7,1.7,1.9,2.3,2.6,3.0,3.0,2.8,2.4,2.3,2.2,2.3,2.6,2.6,2.5,2.5,2.5,2.3,2.3
2026-07-20T10:00:00Z,,,0.0,0.0,0.0,0.0,0.0,0.0,0.0,0.0,0.0,0.0,0.0,0.0,0.0,0.0,0.0,0.0,0.0,0.0,0.0,0.0,0.0,0.0,0.0,0.0
2026-07-20T10:30:00Z,ok,,2.0,2.0,1.8,1.8,1.8,2.0,2.3,2.7,3.3,3.4,3.1,2.7,2.5,2.4,2.4,2.5,2.6,2.8,2.7,2.5,2.6,2.5,2.3,2.3
2026-07-20T11:00:00Z,ok,,2.4,2.2,2.0,1.9,2.1,2.4,2.7,3.1,3.4,3.3,3.0,2.7,2.6,2.6,2.7,2.8,3.2,3.5,3.5,3.3,3.3,3.1,2.9,2.8
2026-07-20T11:30:00Z,,,0.0,0.0,0.0,0.0,0.0,0.0,0.0,0.0,0.0,0.0,0.0,0.0,0.0,0.0,0.0,0.0,0.0,0.0,0.0,0.0,0.0,0.0,0.0,0.0
2026-07-20T12:00:00Z,ok,,2.1,2.1,2.1,2.4,2.9,3.2,3.3,3.2,2.8,2.6,2.6,2.6,2.9,2.9,3.1,2.9,3.1,3.0,3.0,2.8,2.8,2.7,2.5,2.4
2026-07-20T12:30:00Z,,,0.0,0.0,0.0,0.0,0.0,0.0,0.0,0.0,0.0,0.0,0.0,0.0,0.0,0.0,0.0,0.0,0.0,0.0,0.0,0.0,0.0,0.0,0.0,0.0
2026-07-20T13:00:00Z,ok,,2.6,2.9,3.1,3.3,3.6,3.4,3.0,2.8,2.7,2.7,2.8,2.9,3.1,3.0,2.9,2.5,2.2,2.0,1.9,1.9,1.9,1.9,1.8,1.7
2026-07-20T13:30:00Z,ok,,2.8,3.1,3.2,3.3,3.3,3.0,2.7,2.6,2.7,2.7,2.9,3.0,3.0,2.8,2.5,2.1,1.9,1.8,1.8,1.8,1.8,1.7,1.6,1.5
2026-07-20T14:00:00Z,,,0.0,0.0,0.0,0.0,0.0,0.0,0.0,0.0,0.0,0.0,0.0,0.0,0.0,0.0,0.0,0.0,0.0,0.0,0.0,0.0,0.0,0.0,0.0,0.0
2026-07-20T14:30:00Z,ok,,2.6,2.7,2.5,2.6,2.5,2.4,2.4,2.4,2.5,2.6,2.8,2.7,2.4,1.9,1.6,1.3,1.2,1.2,1.1,1.0,1.2,1.1,1.0,1.0
2026-07-20T15:00:00Z,ok,,2.9,2.8,2.6,2.5,2.4,2.4,2.6,2.7,2.9,2.9,2.8,2.5,2.2,1.8,1.6,1.5,1.7,2.0,2.0,1.9,2.1,1.9,1.8,1.7
2026-07-20T15:30:00Z,,,0.0,0.0,0.0,0.0,0.0,0.0,0.0,0.0,0.0,0.0,0.0,0.0,0.0,0.0,0.0,0.0,0.0,0.0,0.0,0.0,0.0,0.0,0.0,0.0
2026-07-20T16:00:00Z,ok,,1.8,1.9,1.8,2.1,2.4,2.6,2.9,2.8,2.6,2.2,2.0,1.8,1.6,1.4,1.3,1.2,1.3,1.4,1.5,1.4,1.6,1.5,1.5,1.4
2026-07-20T16:30:00Z,ok,,1.9,2.0,2.0,2.3,2.7,2.9,3.0,2.8,2.4,1.9,1.7,1.6,1.5,1.4,1.4,1.4,1.7,2.1,2.3,2.3,2.5,2.4,2.3,2.2
2026-07-20T17:00:00Z,ok,,2.8,2.9,2.7,2.9,3.1,3.2,3.1,2.6,2.2,1.8,1.6,1.6,1.7,1.6,1.5,1.3,1.4,1.5,1.5,1.5,1.7,1.6,1.5,1.5
2026-07-20T17:30:00Z,,,0.0,0.0,0.0,0.0,0.0,0.0,0.0,0.0,0.0,0.0,0.0,0.0,0.0,0.0,0.0,0.0,0.0,0.0,0.0,0.0,0.0,0.0,0.0,0.0
2026-07-20T18:00:00Z,ok,,2.9,3.2,3.3,3.4,3.3,2.8,2.4,2.1,1.9,1.8,1.8,1.8,1.8,1.6,1.7,1.7,2.1,2.8,3.0,2.9,3.0,2.9,2.6,2.4
2026-07-20T18:30:00Z,ok,,3.1,3.2,3.2,3.2,2.9,2.5,2.1,1.9,1.8,1.8,1.8,1.8,1.7,1.5,1.5,1.5,1.8,2.2,2.3,2.3,2.5,2.4,2.2,2.1
2026-07-20T19:00:00Z,ok,,4.0,3.8,3.4,2.9,2.6,2.2,2.0,1.9,2.0,2.0,2.0,1.9,1.9,1.7,1.8,1.8,2.1,2.6,2.7,2.7,2.8,2.6,2.4,2.3
2026-07-20T19:30:00Z,,,0.0,0.0,0.0,0.0,0.0,0.0,0.0,0.0,0.0,0.0,0.0,0.0,0.0,0.0,0.0,0.0,0.0,0.0,0.0,0.0,0.0,0.0,0.0,0.0
2026-07-20T20:00:00Z,ok,,2.0,1.9,1.7,1.6,1.6,1.6,1.6,1.6,1.6,1.5,1.4,1.5,1.5,1.6,1.7,1.6,1.8,1.9,2.0,2.0,2.1,2.0,1.9,1.8
2026-07-20T20:30:00Z,ok,,2.4,2.2,1.9,1.8,1.8,1.8,1.9,1.8,1.8,1.7,1.7,1.7,1.8,1.8,1.9,1.8,1.9,2.1,2.2,2.2,2.3,2.3,2.1,2.1
2026-07-20T21:00:00Z,ok,,2.5,2.3,2.0,1.9,1.9,2.0,2.0,1.9,1.9,1.9,1.8,1.9,2.0,2.0,2.0,1.9,2.1,2.4,2.5,2.6,2.8,2.7,2.5,2.5
2026-07-20T21:30:00Z,ok,,2.6,2.4,2.2,2.1,2.2,2.1,2.0,2.0,2.0,2.0,2.1,2.1,2.1,2.0,2.0,1.8,1.9,2.0,2.0,2.1,2.2,2.2,2.1,2.1
2026-07-20T22:00:00Z,ok,,2.5,2.5,2.3,2.3,2.3,2.1,2.1,2.0,2.2,2.2,2.3,2.2,2.2,2.0,2.0,1.8,1.8,1.8,1.8,1.8,2.0,2.0,1.9,2.0
2026-07-20T22:30:00Z,ok,,2.6,2.5,2.3,2.2,2.1,2.1,2.1,2.1,2.3,2.3,2.3,2.2,2.2,2.1,2.1,2.1,2.4,3.0,3.3,3.5,3.6,3.6,3.4,3.2
2026-07-20T23:00:00Z,ok,,2.7,2.6,2.4,2.2,2.1,2.2,2.2,2.3,2.5,2.6,2.4,2.3,2.2,2.2,2.3,2.4,2.8,3.3,3.6,3.8,4.0,3.9,3.8,3.7
2026-07-20T23:30:00Z,ok,,2.5,2.4,2.2,1.9,2.0,2.1,2.2,2.3,2.5,2.4,2.2,2.2,2.2,2.4,2.6,2.8,3.4,4.0,4.4,4.9,5.0,5.2,5.0,4.9
2026-07-21T00:00:00Z,ok,,2.9,2.7,2.4,2.2,2.3,2.5,2.6,2.7,2.7,2.6,2.3,2.3,2.4,2.7,3.0,3.2,3.5,3.6,3.7,3.8,4.1,4.1,4.0,4.0
2026-07-21T00:30:00Z,failed,,0.0,0.0,0.0,0.0,0.0,0.0,0.0,0.0,0.0,0.0,0.0,0.0,0.0,0.0,0.0,0.0,0.0,0.0,0.0,0.0,0.0,0.0,0.0,0.0
2026-07-21T01:00:00Z,ok,,3.0,2.9,2.8,2.6,2.8,2.9,2.8,2.7,2.7,2.7,2.5,2.7,3.2,3.7,4.1,4.3,5.1,6.4,7.5,8.2,8.2,8.6,8.1,7.7
2026-07-21T01:30:00Z,,,0.0,0.0,0.0,0.0,0.0,0.0,0.0,0.0,0.0,0.0,0.0,0.0,0.0,0.0,0.0,0.0,0.0,0.0,0.0,0.0,0.0,0.0,0.0,0.0
2026-07-21T02:00:00Z,ok,,2.8,2.8,2.8,2.9,2.8,2.7,2.7,2.7,2.7,2.9,3.1,3.4,3.7,4.2,5.2,6.2,7.3,7.0,6.3,5.7,5.5,5.2,5.0,5.0
2026-07-21T02:30:00Z,,,0.0,0.0,0.0,0.0,0.0,0.0,0.0,0.0,0.0,0.0,0.0,0.0,0.0,0.0,0.0,0.0,0.0,0.0,0.0,0.0,0.0,0.0,0.0,0.0
2026-07-21T03:00:00Z,,,0.0,0.0,0.0,0.0,0.0,0.0,0.0,0.0,0.0,0.0,0.0,0.0,0.0,0.0,0.0,0.0,0.0,0.0,0.0,0.0,0.0,0.0,0.0,0.0
2026-07-21T03:30:00Z,ok,,4.7,4.3,3.8,3.2,3.2,3.4,3.7,4.0,4.3,4.6,4.5,5.3,6.4,7.5,7.2,6.3,5.5,5.2,5.4,5.8,6.3,6.3,6.2,6.4
2026-07-21T04:00:00Z,,,0.0,0.0,0.0,0.0,0.0,0.0,0.0,0.0,0.0,0.0,0.0,0.0,0.0,0.0,0.0,0.0,0.0,0.0,0.0,0.0,0.0,0.0,0.0,0.0
2026-07-21T04:30:00Z,ok,,5.2,4.7,4.2,4.0,4.1,4.3,4.8,5.1,5.4,6.2,7.0,7.7,7.5,6.4,5.7,5.1,5.5,6.5,6.7,6.8,6.7,6.3,6.4,6.0
2026-07-21T05:00:00Z,,,0.0,0.0,0.0,0.0,0.0,0.0,0.0,0.0,0.0,0.0,0.0,0.0,0.0,0.0,0.0,0.0,0.0,0.0,0.0,0.0,0.0,0.0,0.0,0.0
2026-07-21T05:30:00Z,ok,,3.6,3.8,3.9,4.1,4.2,4.4,4.8,5.8,7.1,7.6,7.0,6.2,5.5,5.1,5.2,5.9,6.3,6.6,6.2,6.1,6.1,5.8,5.8,5.5
2026-07-21T06:00:00Z,,,0.0,0.0,0.0,0.0,0.0,0.0,0.0,0.0,0.0,0.0,0.0,0.0,0.0,0.0,0.0,0.0,0.0,0.0,0.0,0.0,0.0,0.0,0.0,0.0
2026-07-21T06:30:00Z,ok,,5.1,4.8,4.6,4.5,5.4,6.8,8.3,9.2,8.8,7.5,6.0,5.7,6.0,7.2,7.7,8.0,9.0,10.6,12.5,13.4,13.9,14.1,14.0,13.1
2026-07-21T07:00:00Z,,,0.0,0.0,0.0,0.0,0.0,0.0,0.0,0.0,0.0,0.0,0.0,0.0,0.0,0.0,0.0,0.0,0.0,0.0,0.0,0.0,0.0,0.0,0.0,0.0
2026-07-21T07:30:00Z,ok,,5.2,5.1,5.7,6.6,8.3,8.8,8.8,7.9,6.9,6.1,6.7,7.3,8.7,10.1,12.0,13.9,17.3,25.9,33.6,36.0,35.5,36.7,34.8,31.7
2026-07-21T08:00:00Z,,,0.0,0.0,0.0,0.0,0.0,0.0,0.0,0.0,0.0,0.0,0.0,0.0,0.0,0.0,0.0,0.0,0.0,0.0,0.0,0.0,0.0,0.0,0.0,0.0
2026-07-21T08:30:00Z,ok,,6.0,6.8,7.6,8.4,8.3,7.1,6.1,6.0,6.1,6.9,7.2,7.8,9.0,10.8,13.9,17.6,19.4,20.0,20.8,20.4,20.9,21.0,20.6,20.3
2026-07-21T09:00:00Z,,,0.0,0.0,0.0,0.0,0.0,0.0,0.0,0.0,0.0,0.0,0.0,0.0,0.0,0.0,0.0,0.0,0.0,0.0,0.0,0.0,0.0,0.0,0.0,0.0
2026-07-21T09:30:00Z,ok,,12.9,12.0,10.6,8.2,6.7,5.8,7.2,9.0,9.9,10.0,10.2,11.5,14.6,20.1,25.6,25.8,20.3,14.5,11.2,10.9,12.0,12.6,13.2,13.2
2026-07-21T10:00:00Z,ok,,16.8,13.7,10.3,7.7,7.0,7.0,8.2,9.8,10.3,10.8,11.8,15.1,18.6,21.8,21.9,20.9,20.8,21.9,24.6,24.2,25.0,22.6,22.4,21.8
2026-07-21T10:30:00Z,,,0.0,0.0,0.0,0.0,0.0,0.0,0.0,0.0,0.0,0.0,0.0,0.0,0.0,0.0,0.0,0.0,0.0,0.0,0.0,0.0,0.0,0.0,0.0,0.0
2026-07-21T11:00:00Z,ok,,10.3,8.4,8.3,8.3,8.9,10.0,12.4,13.8,15.5,17.0,21.8,26.2,27.4,24.9,23.1,23.1,27.7,42.9,56.8,58.5,59.8,54.5,53.1,49.6
2026-07-21T11:30:00Z,,,0.0,0.0,0.0,0.0,0.0,0.0,0.0,0.0,0.0,0.0,0.0,0.0,0.0,0.0,0.0,0.0,0.0,0.0,0.0,0.0,0.0,0.0,0.0,0.0
2026-07-21T12:00:00Z,ok,,6.7,7.1,8.1,8.9,9.3,9.2,11.0,14.3,20.5,25.5,26.4,22.9,19.5,19.2,20.6,20.9,18.8,15.4,15.8,16.2,20.7,22.6,24.1,26.1
2026-07-21T12:30:00Z,ok,,7.1,7.2,7.9,8.6,9.4,10.0,13.5,19.6,24.0,25.5,22.3,19.6,18.6,20.5,21.9,18.3,14.2,11.4,14.2,15.7,21.7,24.8,25.5,28.5
2026-07-21T13:00:00Z,ok,,11.3,10.3,10.1,10.5,12.3,14.2,19.7,25.1,26.0,22.1,17.6,17.5,17.5,19.2,18.6,15.5,15.5,19.1,29.8,33.6,40.4,41.2,40.3,39.8
2026-07-21T13:30:00Z,ok,,9.9,9.4,10.4,12.1,14.8,18.5,21.9,21.2,18.5,15.4,15.8,17.0,16.7,16.7,16.3,17.7,22.5,35.5,49.5,51.6,50.1,46.4,45.7,42.0
2026-07-21T14:00:00Z,,,0.0,0.0,0.0,0.0,0.0,0.0,0.0,0.0,0.0,0.0,0.0,0.0,0.0,0.0,0.0,0.0,0.0,0.0,0.0,0.0,0.0,0.0,0.0,0.0
2026-07-21T14:30:00Z,ok,,8.4,10.8,15.0,20.7,23.7,24.7,22.0,17.1,16.5,17.3,17.4,17.6,15.4,15.7,20.7,30.0,36.8,37.4,30.2,27.0,25.2,25.3,25.5,25.0
2026-07-21T15:00:00Z,ok,,14.9,17.4,21.4,24.6,24.7,21.1,20.3,19.8,19.7,21.3,18.9,18.0,19.0,22.8,30.8,37.7,41.5,39.6,35.0,33.2,35.4,34.3,34.0,34.0
2026-07-21T15:30:00Z,ok,,23.8,26.2,27.0,27.2,23.8,19.7,19.9,20.6,20.0,20.0,17.5,18.8,21.8,29.2,37.9,41.6,39.8,34.2,27.7,25.7,27.4,26.4,27.2,25.9
2026-07-21T16:00:00Z,,,0.0,0.0,0.0,0.0,0.0,0.0,0.0,0.0,0.0,0.0,0.0,0.0,0.0,0.0,0.0,0.0,0.0,0.0,0.0,0.0,0.0,0.0,0.0,0.0
2026-07-21T16:30:00Z,ok,,24.8,23.4,21.2,18.7,17.5,19.1,18.9,17.8,16.3,17.4,22.6,30.1,33.8,36.7,36.3,38.9,42.8,49.4,49.1,46.6,42.1,37.0,37.5,34.7
2026-07-21T17:00:00Z,ok,,18.9,18.2,18.4,17.7,17.6,18.1,18.0,17.4,18.9,23.5,31.1,38.9,40.1,38.0,35.0,34.6,36.7,40.2,39.7,38.5,35.4,33.3,33.0,31.4
2026-07-21T17:30:00Z,ok,,15.1,15.7,17.7,18.5,18.7,15.4,15.4,16.4,22.5,30.3,35.5,34.3,33.0,31.7,33.4,32.2,29.9,25.1,20.6,19.7,19.4,22.0,21.7,21.5
2026-07-21T18:00:00Z,ok,,16.2,16.6,17.7,18.6,18.8,15.2,17.1,21.9,30.7,38.4,36.0,31.5,29.5,29.4,31.0,29.5,26.8,22.8,20.5,19.7,20.1,22.2,21.8,21.5
2026-07-21T18:30:00Z,ok,,18.3,18.1,17.8,17.0,17.7,16.1,21.0,28.2,37.2,40.4,34.8,30.7,30.5,32.7,33.9,27.9,21.1,16.1,14.6,14.0,15.3,17.8,16.6,17.4
2026-07-21T19:00:00Z,ok,,15.9,15.0,15.0,15.2,17.0,19.9,27.9,33.0,35.5,34.0,33.6,32.7,32.7,32.9,30.2,21.9,15.3,11.7,11.5,11.3,12.8,15.1,14.1,15.4
2026-07-21T19:30:00Z,ok,,19.3,17.5,17.4,18.7,22.1,27.1,35.7,36.8,33.5,31.7,34.1,36.2,34.6,29.8,23.4,17.4,14.8,15.4,16.7,17.0,18.5,18.5,18.4,18.8
2026-07-21T20:00:00Z,ok,,16.3,15.6,17.1,20.0,25.6,29.1,33.1,33.5,30.2,28.3,29.9,31.1,28.0,22.3,17.1,14.2,14.5,18.4,20.6,21.7,22.5,20.9,21.3,20.6
2026-07-21T20:30:00Z,ok,,11.4,13.7,18.9,26.5,33.6,31.9,29.8,28.8,30.3,30.1,29.7,26.5,21.0,16.2,13.4,12.7,12.4,12.6,12.2,13.4,15.1,15.1,15.7,16.3
2026-07-21T21:00:00Z,ok,,14.1,18.1,23.7,29.3,31.9,28.8,25.7,25.7,28.3,28.1,24.4,19.0,14.1,11.6,11.2,12.8,14.0,14.8,14.7,15.2,16.6,16.5,16.6,17.2
2026-07-21T21:30:00Z,ok,,20.0,23.9,27.1,27.9,27.4,26.8,25.6,26.6,25.7,23.1,17.2,12.5,10.2,9.9,11.0,13.2,15.5,17.1,19.0,19.1,18.7,18.9,18.2,18.4
2026-07-21T22:00:00Z,ok,,30.0,31.2,31.1,29.3,29.5,28.5,27.7,26.7,24.4,20.3,14.2,11.2,10.0,11.0,14.3,17.6,21.1,21.1,18.5,17.3,15.8,15.4,15.5,14.6
2026-07-21T22:30:00Z,ok,,29.8,30.9,30.8,28.4,29.0,28.3,27.4,23.1,18.9,13.8,10.1,9.4,10.2,12.8,17.4,18.7,17.9,15.7,14.0,14.0,14.4,15.3,16.0,15.5
2026-07-21T23:00:00Z,ok,,32.2,32.2,31.2,29.9,30.7,29.9,27.1,20.8,15.3,10.9,9.6,10.5,12.4,15.4,18.5,18.3,16.7,15.0,13.8,13.8,14.6,14.9,15.5,15.2
2026-07-21T23:30:00Z,ok,,28.1,29.4,29.9,30.4,28.2,24.0,18.7,14.9,12.3,10.2,11.4,13.8,16.3,18.4,17.7,14.3,11.1,8.9,8.8,9.3,10.7,11.1,12.0,11.4
2026-07-22T00:00:00Z,ok,,27.4,29.3,29.0,27.8,23.9,19.4,13.8,11.0,10.4,10.6,13.2,15.9,16.6,15.1,13.8,11.3,10.4,9.0,8.6,8.1,8.7,9.3,9.5,9.0
2026-07-22T00:30:00Z,ok,,26.0,28.0,25.2,22.3,16.8,13.5,10.1,9.4,9.6,12.0,15.0,17.3,16.8,13.6,10.7,8.4,8.0,8.5,9.8,10.3,10.6,12.3,12.3,11.7
2026-07-22T01:00:00Z,ok,,25.0,23.8,19.6,16.3,12.5,10.6,9.8,10.1,11.4,14.0,16.9,16.0,13.1,9.5,8.7,8.1,9.8,11.1,11.4,10.5,11.0,11.0,11.0,10.2
2026-07-22T01:30:00Z,,,0.0,0.0,0.0,0.0,0.0,0.0,0.0,0.0,0.0,0.0,0.0,0.0,0.0,0.0,0.0,0.0,0.0,0.0,0.0,0.0,0.0,0.0,0.0,0.0
2026-07-22T02:00:00Z,ok,,14.1,11.4,9.6,7.5,7.7,7.9,10.0,12.8,14.6,14.0,10.4,8.1,7.4,7.8,8.4,8.9,9.3,9.1,9.5,9.8,10.5,10.4,10.5,11.1
2026-07-22T02:30:00Z,,,0.0,0.0,0.0,0.0,0.0,0.0,0.0,0.0,0.0,0.0,0.0,0.0,0.0,0.0,0.0,0.0,0.0,0.0,0.0,0.0,0.0,0.0,0.0,0.0
2026-07-22T03:00:00Z,,,0.0,0.0,0.0,0.0,0.0,0.0,0.0,0.0,0.0,0.0,0.0,0.0,0.0,0.0,0.0,0.0,0.0,0.0,0.0,0.0,0.0,0.0,0.0,0.0
2026-07-22T03:30:00Z,ok,,7.8,7.7,8.2,8.9,12.4,13.8,13.2,10.8,8.5,7.6,7.8,8.5,8.9,8.8,8.5,8.5,10.1,11.7,12.7,12.8,12.2,11.6,11.7,10.8
2026-07-22T04:00:00Z,,,0.0,0.0,0.0,0.0,0.0,0.0,0.0,0.0,0.0,0.0,0.0,0.0,0.0,0.0,0.0,0.0,0.0,0.0,0.0,0.0,0.0,0.0,0.0,0.0
2026-07-22T04:30:00Z,ok,,10.3,12.2,14.4,15.7,15.0,11.9,9.1,8.1,8.2,9.6,9.5,9.6,9.3,9.4,9.8,10.4,11.3,10.6,9.7,9.5,9.9,9.6,9.9,9.9
2026-07-22T05:00:00Z,,,0.0,0.0,0.0,0.0,0.0,0.0,0.0,0.0,0.0,0.0,0.0,0.0,0.0,0.0,0.0,0.0,0.0,0.0,0.0,0.0,0.0,0.0,0.0,0.0
2026-07-22T05:30:00Z,ok,,21.9,20.7,18.2,13.2,11.0,8.7,8.6,10.2,11.1,11.3,9.2,9.0,9.2,10.6,11.9,11.7,10.0,8.4,7.9,8.1,8.5,9.2,9.8,9.6
2026-07-22T06:00:00Z,,,0.0,0.0,0.0,0.0,0.0,0.0,0.0,0.0,0.0,0.0,0.0,0.0,0.0,0.0,0.0,0.0,0.0,0.0,0.0,0.0,0.0,0.0,0.0,0.0
2026-07-22T06:30:00Z,ok,,17.7,14.1,10.4,8.6,8.3,9.1,10.4,10.5,9.7,9.4,9.5,10.6,10.8,11.0,9.3,8.5,9.5,12.8,15.7,16.2,15.8,14.3,14.3,13.3
2026-07-22T07:00:00Z,,,0.0,0.0,0.0,0.0,0.0,0.0,0.0,0.0,0.0,0.0,0.0,0.0,0.0,0.0,0.0,0.0,0.0,0.0,0.0,0.0,0.0,0.0,0.0,0.0
2026-07-22T07:30:00Z,ok,,6.5,7.0,7.4,8.1,8.6,8.4,8.1,8.0,8.6,9.4,9.8,9.4,8.6,8.4,9.1,10.9,12.7,13.4,12.6,12.3,11.8,11.4,11.5,11.2
2026-07-22T08:00:00Z,,,0.0,0.0,0.0,0.0,0.0,0.0,0.0,0.0,0.0,0.0,0.0,0.0,0.0,0.0,0.0,0.0,0.0,0.0,0.0,0.0,0.0,0.0,0.0,0.0
2026-07-22T08:30:00Z,ok,,7.5,7.7,8.1,8.2,8.3,7.9,9.0,10.8,11.0,11.5,9.8,9.1,9.9,11.4,13.6,13.4,12.2,10.6,10.7,10.8,12.9,13.0,12.6,13.5
2026-07-22T09:00:00Z,,,0.0,0.0,0.0,0.0,0.0,0.0,0.0,0.0,0.0,0.0,0.0,0.0,0.0,0.0,0.0,0.0,0.0,0.0,0.0,0.0,0.0,0.0,0.0,0.0
2026-07-22T09:30:00Z,ok,,9.2,9.1,8.6,8.9,9.5,9.7,10.3,10.5,10.0,9.7,9.2,10.9,12.7,14.0,12.4,10.1,9.4,11.1,13.7,15.2,16.4,16.8,17.1,16.0
2026-07-22T10:00:00Z,ok,,8.4,8.0,8.2,8.9,9.7,10.3,10.6,10.2,9.5,9.8,11.0,12.4,12.7,12.3,11.5,11.2,13.2,18.2,22.2,22.7,22.4,20.8,20.3,19.0
2026-07-22T10:30:00Z,,,0.0,0.0,0.0,0.0,0.0,0.0,0.0,0.0,0.0,0.0,0.0,0.0,0.0,0.0,0.0,0.0,0.0,0.0,0.0,0.0,0.0,0.0,0.0,0.0
2026-07-22T11:00:00Z,ok,,6.7,7.2,8.1,9.0,9.5,9.2,8.9,9.8,11.0,12.6,12.5,11.6,10.7,11.2,13.1,17.8,24.0,30.1,31.1,30.7,28.1,26.1,25.1,23.7
2026-07-22T11:30:00Z,,,0.0,0.0,0.0,0.0,0.0,0.0,0.0,0.0,0.0,0.0,0.0,0.0,0.0,0.0,0.0,0.0,0.0,0.0,0.0,0.0,0.0,0.0,0.0,0.0
2026-07-22T12:00:00Z,ok,,13.0,11.4,10.9,10.3,10.3,11.0,12.7,13.6,13.9,12.7,11.6,11.4,11.8,16.2,23.5,34.1,43.7,41.8,32.6,27.9,24.4,21.9,21.6,20.2
2026-07-22T12:30:00Z,ok,,11.1,10.2,9.9,9.7,10.1,11.7,13.6,13.9,12.9,11.5,11.4,12.9,16.0,23.2,33.1,40.2,41.0,33.1,25.9,22.1,21.7,20.7,21.1,20.4
2026-07-22T13:00:00Z,ok,,11.2,10.7,11.0,11.8,12.2,13.9,16.0,15.6,14.2,12.2,14.7,18.6,27.2,38.3,48.9,46.2,33.9,23.1,17.3,15.2,15.9,16.3,18.0,17.5
2026-07-22T13:30:00Z,ok,,10.6,11.0,11.9,14.0,14.9,14.7,15.3,15.4,14.0,14.9,20.6,29.2,42.6,49.6,44.8,33.4,24.1,21.9,21.9,23.4,25.4,24.6,27.0,26.5
2026-07-22T14:00:00Z,,,0.0,0.0,0.0,0.0,0.0,0.0,0.0,0.0,0.0,0.0,0.0,0.0,0.0,0.0,0.0,0.0,0.0,0.0,0.0,0.0,0.0,0.0,0.0,0.0
2026-07-22T14:30:00Z,ok,,11.1,11.7,13.0,13.7,14.2,12.7,13.1,14.5,19.2,27.8,41.8,48.4,43.3,31.7,23.7,17.3,14.5,13.7,13.2,15.0,16.3,19.0,20.1,20.2
2026-07-22T15:00:00Z,ok,,14.4,14.6,14.3,13.5,13.8,12.6,14.4,19.1,30.1,42.3,50.7,46.4,33.6,22.9,18.7,15.5,14.1,13.2,12.9,13.2,16.0,17.9,17.3,17.9
2026-07-22T15:30:00Z,ok,,15.1,15.0,14.0,13.0,13.9,13.9,18.3,27.9,41.0,46.6,40.4,31.5,22.1,17.7,15.2,12.9,11.9,11.4,13.2,14.0,18.2,19.3,18.9,19.9
2026-07-22T16:00:00Z,,,0.0,0.0,0.0,0.0,0.0,0.0,0.0,0.0,0.0,0.0,0.0,0.0,0.0,0.0,0.0,0.0,0.0,0.0,0.0,0.0,0.0,0.0,0.0,0.0
2026-07-22T16:30:00Z,ok,,9.6,9.2,9.3,11.2,15.1,21.6,30.7,38.1,33.8,25.5,18.7,14.3,11.5,10.8,10.5,11.3,12.7,15.6,18.3,19.2,18.3,18.2,19.6,18.5
2026-07-22T17:00:00Z,ok,,8.9,9.6,10.9,14.8,22.4,32.3,39.5,34.3,24.0,16.3,13.1,11.5,10.6,9.6,9.7,9.9,10.7,12.0,14.2,15.3,15.7,16.9,18.4,18.7
2026-07-22T17:30:00Z,ok,,8.9,11.2,15.3,21.7,32.7,40.4,37.0,26.3,19.0,13.9,11.6,10.6,10.4,10.0,11.3,12.3,12.7,11.4,11.0,11.3,11.8,13.1,14.3,14.7
2026-07-22T18:00:00Z,ok,,11.3,15.8,22.9,32.3,39.4,36.8,25.8,17.8,14.6,11.6,10.1,9.6,9.7,9.8,10.9,11.4,10.8,9.6,9.5,9.8,12.0,12.8,13.7,14.7
2026-07-22T18:30:00Z,ok,,20.3,27.0,36.1,44.1,42.3,29.6,19.4,15.1,13.1,11.3,11.0,10.4,10.5,11.3,11.0,10.5,9.0,8.1,8.3,9.1,11.0,11.9,12.3,13.1
2026-07-22T19:00:00Z,,,0.0,0.0,0.0,0.0,0.0,0.0,0.0,0.0,0.0,0.0,0.0,0.0,0.0,0.0,0.0,0.0,0.0,0.0,0.0,0.0,0.0,0.0,0.0,0.0
2026-07-22T19:30:00Z,ok,,38.6,41.8,35.5,28.0,19.3,15.1,11.4,10.2,9.2,9.1,10.2,10.9,10.7,9.7,9.0,8.2,8.0,8.1,9.2,9.1,9.6,10.6,10.4,9.8
2026-07-22T20:00:00Z,ok,,35.2,29.8,23.8,16.9,12.5,10.0,8.9,9.0,9.3,9.9,10.7,10.3,9.3,8.1,8.5,8.6,9.2,8.6,8.5,7.5,7.8,8.0,8.1,7.9
2026-07-22T20:30:00Z,ok,,23.9,20.2,16.2,11.2,9.4,7.7,7.3,8.3,9.5,10.4,9.5,8.9,8.4,8.2,8.5,7.9,7.3,6.0,6.3,6.3,6.8,7.8,8.1,8.3
2026-07-22T21:00:00Z,ok,,19.6,15.2,12.2,9.1,8.5,7.9,8.5,9.1,9.0,9.2,8.6,8.1,7.9,7.6,7.5,7.4,7.7,7.4,7.4,7.3,7.2,7.2,7.3,7.6
2026-07-22T21:30:00Z,ok,,14.2,11.7,10.0,7.9,7.8,8.4,9.1,9.6,9.4,9.4,8.3,8.2,8.2,8.0,7.4,6.8,6.3,5.3,5.5,6.0,6.1,6.6,6.6,7.0
2026-07-22T22:00:00Z,ok,,11.7,9.9,8.3,7.7,8.1,9.1,10.0,9.1,8.5,8.1,7.6,8.0,7.7,7.3,6.7,6.1,6.6,8.0,8.9,9.9,10.1,10.0,10.0,9.4
2026-07-22T22:30:00Z,ok,,9.4,9.0,9.0,8.8,9.5,9.5,9.2,8.6,8.3,8.6,7.9,7.9,7.6,7.1,7.2,7.5,7.8,7.4,7.1,7.6,7.7,7.6,8.2,8.0
2026-07-22T23:00:00Z,ok,,8.9,9.4,9.9,10.2,10.2,9.6,8.8,8.5,8.5,8.7,7.9,7.1,6.7,7.0,8.0,9.9,11.0,11.2,11.2,11.4,11.2,11.2,11.5,11.5
2026-07-22T23:30:00Z,ok,,8.7,9.7,10.5,10.6,10.1,9.0,8.3,8.5,8.4,8.8,7.7,7.0,6.9,7.8,9.8,11.6,11.5,10.1,9.4,9.2,10.0,9.9,10.2,10.6
2026-07-23T00:00:00Z,ok,,10.7,11.1,10.9,9.8,8.8,8.3,8.7,9.3,8.7,8.4,6.9,7.1,7.8,9.6,11.8,12.2,11.0,8.9,8.5,8.3,9.7,10.0,10.2,10.8
2026-07-23T00:30:00Z,ok,,12.6,12.3,11.0,9.8,8.6,8.4,9.0,9.3,8.7,7.9,6.9,8.6,10.6,13.4,14.1,12.1,9.7,8.4,9.0,9.6,11.4,12.3,12.8,13.0
2026-07-23T01:00:00Z,,,0.0,0.0,0.0,0.0,0.0,0.0,0.0,0.0,0.0,0.0,0.0,0.0,0.0,0.0,0.0,0.0,0.0,0.0,0.0,0.0,0.0,0.0,0.0,0.0
2026-07-23T01:30:00Z,ok,,10.9,10.3,9.1,8.8,7.8,7.9,7.7,7.1,7.4,8.4,9.1,11.5,12.6,12.5,10.4,8.2,7.5,8.3,9.9,11.2,11.7,13.2,13.9,13.1
2026-07-23T02:00:00Z,ok,,8.8,8.4,8.3,8.5,7.7,6.9,6.4,6.7,8.3,9.7,10.8,11.3,11.3,11.0,10.0,8.8,9.1,10.5,13.6,15.7,17.8,19.5,19.8,19.3
2026-07-23T02:30:00Z,,,0.0,0.0,0.0,0.0,0.0,0.0,0.0,0.0,0.0,0.0,0.0,0.0,0.0,0.0,0.0,0.0,0.0,0.0,0.0,0.0,0.0,0.0,0.0,0.0
2026-07-23T03:00:00Z,,,0.0,0.0,0.0,0.0,0.0,0.0,0.0,0.0,0.0,0.0,0.0,0.0,0.0,0.0,0.0,0.0,0.0,0.0,0.0,0.0,0.0,0.0,0.0,0.0
2026-07-23T03:30:00Z,ok,,12.7,9.6,8.3,7.1,7.3,8.0,9.5,10.4,10.9,9.7,9.6,8.8,8.5,10.2,12.4,18.5,25.3,27.6,23.4,20.9,17.2,15.0,15.2,14.1
2026-07-23T04:00:00Z,,,0.0,0.0,0.0,0.0,0.0,0.0,0.0,0.0,0.0,0.0,0.0,0.0,0.0,0.0,0.0,0.0,0.0,0.0,0.0,0.0,0.0,0.0,0.0,0.0
2026-07-23T04:30:00Z,ok,,5.2,4.2,4.4,5.2,6.0,7.2,7.7,6.9,6.9,5.8,5.8,6.1,6.3,8.3,11.8,15.8,19.6,15.3,10.8,7.4,5.8,5.6,5.3,4.7
2026-07-23T05:00:00Z,,,0.0,0.0,0.0,0.0,0.0,0.0,0.0,0.0,0.0,0.0,0.0,0.0,0.0,0.0,0.0,0.0,0.0,0.0,0.0,0.0,0.0,0.0,0.0,0.0
2026-07-23T05:30:00Z,,,0.0,0.0,0.0,0.0,0.0,0.0,0.0,0.0,0.0,0.0,0.0,0.0,0.0,0.0,0.0,0.0,0.0,0.0,0.0,0.0,0.0,0.0,0.0,0.0
2026-07-23T06:00:00Z,ok,,7.2,7.1,7.3,8.1,8.1,10.7,10.2,10.0,8.7,8.0,13.6,21.0,32.5,38.9,31.7,22.0,14.4,10.1,9.2,8.3,7.4,6.8,7.0,6.2
2026-07-23T06:30:00Z,,,0.0,0.0,0.0,0.0,0.0,0.0,0.0,0.0,0.0,0.0,0.0,0.0,0.0,0.0,0.0,0.0,0.0,0.0,0.0,0.0,0.0,0.0,0.0,0.0
2026-07-23T07:00:00Z,ok,,6.7,6.7,7.1,7.3,7.4,8.2,8.6,9.0,12.7,19.4,31.5,38.2,29.6,18.6,13.8,12.0,11.1,11.8,9.0,8.1,6.9,7.4,7.1,6.6
2026-07-23T07:30:00Z,ok,,11.7,14.5,18.8,18.4,15.7,12.9,10.2,9.9,12.0,15.8,18.2,16.1,11.9,7.8,7.1,7.5,9.0,9.6,8.2,6.5,6.3,5.8,5.0,4.9
2026-07-23T08:00:00Z,,,0.0,0.0,0.0,0.0,0.0,0.0,0.0,0.0,0.0,0.0,0.0,0.0,0.0,0.0,0.0,0.0,0.0,0.0,0.0,0.0,0.0,0.0,0.0,0.0
2026-07-23T08:30:00Z,ok,,27.5,18.6,13.6,9.2,7.8,7.4,8.0,9.3,9.4,7.8,6.5,6.6,6.7,8.8,11.8,14.5,17.1,14.7,11.0,8.4,7.9,6.0,5.8,5.3
2026-07-23T09:00:00Z,,,0.0,0.0,0.0,0.0,0.0,0.0,0.0,0.0,0.0,0.0,0.0,0.0,0.0,0.0,0.0,0.0,0.0,0.0,0.0,0.0,0.0,0.0,0.0,0.0
2026-07-23T09:30:00Z,ok,,10.2,7.8,7.5,8.6,11.5,17.0,23.8,18.6,13.5,10.8,12.7,16.7,20.6,23.9,25.0,20.3,17.4,15.1,13.9,12.0,11.6,10.3,10.8,10.1
2026-07-23T10:00:00Z,,,0.0,0.0,0.0,0.0,0.0,0.0,0.0,0.0,0.0,0.0,0.0,0.0,0.0,0.0,0.0,0.0,0.0,0.0,0.0,0.0,0.0,0.0,0.0,0.0
2026-07-23T10:30:00Z,ok,,9.0,11.7,21.4,35.8,50.1,43.5,34.4,25.0,21.3,21.6,21.3,22.0,21.9,21.0,21.6,22.1,21.1,21.3,21.1,21.6,21.4,22.0,22.4,24.0
2026-07-23T11:00:00Z,ok,,14.3,21.5,36.3,48.9,47.3,32.2,23.5,21.4,21.5,24.6,23.3,20.3,19.1,19.4,21.8,24.9,23.1,22.8,24.1,25.8,28.3,29.7,29.3,31.9
2026-07-23T11:30:00Z,,,0.0,0.0,0.0,0.0,0.0,0.0,0.0,0.0,0.0,0.0,0.0,0.0,0.0,0.0,0.0,0.0,0.0,0.0,0.0,0.0,0.0,0.0,0.0,0.0
2026-07-23T12:00:00Z,ok,,91.2,95.2,75.9,51.8,33.3,24.4,22.0,23.4,19.7,15.8,13.1,12.4,13.6,17.0,19.6,18.9,17.3,19.0,25.9,28.8,32.1,35.6,33.7,32.6
2026-07-23T12:30:00Z,ok,,91.4,71.5,44.4,26.8,18.4,15.5,16.4,17.7,15.1,11.9,11.0,12.4,14.1,18.1,18.2,16.2,14.9,16.8,22.9,25.1,27.3,28.4,27.6,27.1
2026-07-23T13:00:00Z,ok,,31.0,24.0,17.5,13.8,12.2,11.4,12.6,11.4,10.1,9.9,10.9,13.1,14.4,16.3,16.9,15.9,17.3,23.1,30.0,31.2,32.3,32.5,32.7,32.8
2026-07-23T13:30:00Z,ok,,24.2,20.4,18.6,16.9,15.6,14.8,15.2,13.6,13.3,15.0,17.1,19.4,20.2,21.2,22.1,21.5,25.2,35.5,49.2,52.7,53.1,56.7,55.4,56.9
2026-07-23T14:00:00Z,,,0.0,0.0,0.0,0.0,0.0,0.0,0.0,0.0,0.0,0.0,0.0,0.0,0.0,0.0,0.0,0.0,0.0,0.0,0.0,0.0,0.0,0.0,0.0,0.0
2026-07-23T14:30:00Z,ok,,18.4,17.7,18.7,18.5,18.2,16.7,18.3,19.9,22.0,23.1,22.2,20.6,20.0,22.6,28.0,33.0,39.4,51.5,68.0,73.5,76.9,81.7,79.5,78.8
2026-07-23T15:00:00Z,,,0.0,0.0,0.0,0.0,0.0,0.0,0.0,0.0,0.0,0.0,0.0,0.0,0.0,0.0,0.0,0.0,0.0,0.0,0.0,0.0,0.0,0.0,0.0,0.0
2026-07-23T15:30:00Z,ok,,22.0,20.1,18.3,15.8,15.5,15.0,18.2,20.4,22.5,22.0,20.9,22.7,26.1,33.0,42.6,42.0,43.2,47.0,57.6,60.7,71.3,75.2,76.3,75.3
2026-07-23T16:00:00Z,ok,,24.8,24.0,22.5,20.7,20.0,19.6,21.0,21.5,20.7,19.9,21.0,23.3,27.5,32.8,38.8,40.0,40.9,41.5,39.6,39.6,41.5,38.5,40.6,38.1
2026-07-23T16:30:00Z,ok,,22.6,22.2,21.7,20.9,20.4,19.7,20.8,20.7,20.8,21.3,24.2,27.3,32.1,36.5,41.2,42.3,43.0,43.9,40.9,41.2,42.6,39.8,42.3,40.3
2026-07-23T17:00:00Z,ok,,19.7,20.2,19.7,19.1,19.2,19.2,20.2,21.1,21.5,22.8,26.9,31.3,35.1,37.0,38.0,38.3,40.9,47.6,51.0,52.9,55.3,49.6,51.5,49.2
2026-07-23T17:30:00Z,ok,,20.8,20.7,20.1,18.9,19.0,19.6,20.8,22.0,23.9,26.5,31.7,35.6,37.3,36.6,37.9,39.2,44.3,51.2,52.1,52.5,52.5,47.3,48.2,45.5
2026-07-23T18:00:00Z,ok,,19.6,18.8,18.6,17.7,18.4,19.1,20.6,23.7,26.5,30.2,34.0,36.2,36.6,36.4,38.1,41.6,51.6,63.5,66.9,65.7,63.1,54.4,53.6,50.0
2026-07-23T18:30:00Z,ok,,20.5,19.2,19.5,19.5,20.5,22.0,25.3,29.3,33.7,36.6,38.5,38.9,38.0,39.5,45.5,53.9,67.2,75.9,69.2,64.3,58.5,51.8,51.8,47.5
2026-07-23T19:00:00Z,ok,,16.3,16.1,17.1,18.8,20.5,23.4,27.9,32.5,35.8,36.7,37.0,37.7,37.8,41.7,51.1,60.9,72.5,75.5,66.2,59.3,55.6,49.8,50.2,46.5
2026-07-23T19:30:00Z,ok,,20.8,19.8,20.2,21.6,23.9,28.5,34.2,38.4,38.7,37.3,38.2,40.8,43.6,49.4,60.6,67.5,76.2,78.3,70.4,63.3,60.6,54.4,54.6,50.7
2026-07-23T20:00:00Z,ok,,7.4,7.2,7.3,9.2,11.3,14.9,16.4,16.6,17.4,15.4,16.7,17.4,18.0,17.9,16.5,14.0,12.8,10.2,7.9,5.8,5.2,4.8,4.3,3.9
2026-07-23T20:30:00Z,ok,,7.0,7.1,7.5,9.4,11.5,14.7,15.1,15.2,15.7,13.8,14.9,16.0,16.5,15.5,13.4,11.0,10.2,8.1,6.5,4.8,4.5,4.0,3.6,3.2
2026-07-23T21:00:00Z,ok,,8.3,8.2,9.0,10.4,12.4,14.5,14.5,14.6,15.5,14.8,15.1,16.0,15.5,13.4,11.6,10.4,10.8,10.0,8.6,6.8,6.3,5.8,5.3,4.9
2026-07-23T21:30:00Z,ok,,7.7,8.9,11.2,14.2,15.1,14.3,12.9,12.9,14.8,15.8,13.6,12.5,10.2,9.6,9.5,10.7,12.4,11.9,10.1,8.5,8.2,7.6,7.1,6.8
2026-07-23T22:00:00Z,ok,,8.8,10.3,12.8,15.1,15.6,14.6,13.1,13.3,14.9,15.9,12.4,10.4,8.7,9.0,9.7,10.8,12.6,12.0,10.3,9.0,8.4,8.1,7.6,7.1
2026-07-23T22:30:00Z,ok,,13.2,11.8,12.2,12.0,13.3,14.0,14.9,15.4,15.1,14.6,11.7,10.6,10.1,10.8,12.0,12.1,13.9,13.7,11.4,10.2,8.9,8.4,8.2,7.8
2026-07-23T23:00:00Z,ok,,14.4,11.9,11.2,10.4,11.5,12.7,14.6,15.5,15.3,14.2,12.1,11.7,11.6,13.2,15.9,17.6,19.9,18.6,14.3,12.3,10.5,9.5,9.7,8.8
2026-07-23T23:30:00Z,failed,,0.0,0.0,0.0,0.0,0.0,0.0,0.0,0.0,0.0,0.0,0.0,0.0,0.0,0.0,0.0,0.0,0.0,0.0,0.0,0.0,0.0,0.0,0.0,0.0
2026-07-24T00:00:00Z,ok,,3.5,3.6,4.1,5.4,6.9,7.6,7.7,6.8,6.2,5.3,5.4,5.9,6.6,7.0,7.5,6.3,5.6,4.0,3.3,2.5,2.5,2.2,2.0,1.9
2026-07-24T00:30:00Z,ok,,4.4,4.7,5.1,6.5,7.9,8.8,8.8,8.3,8.0,7.1,7.3,8.1,8.6,8.5,8.1,6.4,5.6,4.3,3.6,2.7,2.7,2.4,2.2,1.9
2026-07-24T01:00:00Z,ok,,6.5,6.8,6.8,7.1,7.7,8.0,7.6,7.3,7.2,7.0,6.8,7.5,7.6,7.0,6.4,5.6,5.5,5.1,4.7,4.1,3.9,3.6,3.4,3.1
2026-07-24T01:30:00Z,,,0.0,0.0,0.0,0.0,0.0,0.0,0.0,0.0,0.0,0.0,0.0,0.0,0.0,0.0,0.0,0.0,0.0,0.0,0.0,0.0,0.0,0.0,0.0,0.0
2026-07-24T02:00:00Z,ok,,8.8,10.0,10.9,10.6,10.4,8.4,7.2,6.7,6.9,7.5,6.6,6.3,5.9,5.8,6.4,6.6,7.1,7.0,6.8,6.4,6.3,6.2,6.1,5.8
2026-07-24T02:30:00Z,,,0.0,0.0,0.0,0.0,0.0,0.0,0.0,0.0,0.0,0.0,0.0,0.0,0.0,0.0,0.0,0.0,0.0,0.0,0.0,0.0,0.0,0.0,0.0,0.0
2026-07-24T03:00:00Z,,,0.0,0.0,0.0,0.0,0.0,0.0,0.0,0.0,0.0,0.0,0.0,0.0,0.0,0.0,0.0,0.0,0.0,0.0,0.0,0.0,0.0,0.0,0.0,0.0
2026-07-24T03:30:00Z,ok,,5.2,5.0,5.6,6.1,7.6,8.8,10.7,10.9,11.0,10.6,9.5,8.6,8.5,9.6,11.6,14.5,15.8,16.7,18.4,18.5,18.7,19.7,19.8,20.0
2026-07-24T04:00:00Z,,,0.0,0.0,0.0,0.0,0.0,0.0,0.0,0.0,0.0,0.0,0.0,0.0,0.0,0.0,0.0,0.0,0.0,0.0,0.0,0.0,0.0,0.0,0.0,0.0
2026-07-24T04:30:00Z,ok,,12.7,15.1,16.9,18.3,19.9,21.3,23.4,25.6,24.0,21.0,16.5,14.8,13.6,13.5,13.3,11.4,10.4,10.6,12.8,13.9,16.2,17.1,16.3,17.6
2026-07-24T05:00:00Z,,,0.0,0.0,0.0,0.0,0.0,0.0,0.0,0.0,0.0,0.0,0.0,0.0,0.0,0.0,0.0,0.0,0.0,0.0,0.0,0.0,0.0,0.0,0.0,0.0
2026-07-24T05:30:00Z,ok,,15.8,16.5,16.8,17.8,19.3,20.8,22.4,18.7,14.6,12.0,11.4,12.7,12.9,12.4,11.1,8.6,7.9,10.2,12.6,14.4,16.3,17.3,17.0,17.3
2026-07-24T06:00:00Z,,,0.0,0.0,0.0,0.0,0.0,0.0,0.0,0.0,0.0,0.0,0.0,0.0,0.0,0.0,0.0,0.0,0.0,0.0,0.0,0.0,0.0,0.0,0.0,0.0
2026-07-24T06:30:00Z,ok,,27.8,26.1,26.9,24.7,22.8,19.8,18.4,16.3,16.4,17.4,18.0,17.9,16.1,14.3,13.2,12.5,13.4,17.4,22.9,26.2,27.7,31.6,30.0,29.9
2026-07-24T07:00:00Z,,,0.0,0.0,0.0,0.0,0.0,0.0,0.0,0.0,0.0,0.0,0.0,0.0,0.0,0.0,0.0,0.0,0.0,0.0,0.0,0.0,0.0,0.0,0.0,0.0
2026-07-24T07:30:00Z,ok,,15.7,14.1,14.2,13.3,13.2,13.4,15.6,18.6,22.7,24.7,23.9,22.2,18.8,18.0,17.8,16.9,17.7,20.8,30.4,34.3,41.8,46.5,45.5,47.0
2026-07-24T08:00:00Z,,,0.0,0.0,0.0,0.0,0.0,0.0,0.0,0.0,0.0,0.0,0.0,0.0,0.0,0.0,0.0,0.0,0.0,0.0,0.0,0.0,0.0,0.0,0.0,0.0
2026-07-24T08:30:00Z,ok,,25.9,24.9,21.4,17.7,16.2,15.6,15.6,14.0,11.8,10.4,9.8,8.6,7.7,6.5,5.5,4.7,4.7,5.3,6.0,7.2,7.3,8.0,8.3,7.8
2026-07-24T09:00:00Z,,,0.0,0.0,0.0,0.0,0.0,0.0,0.0,0.0,0.0,0.0,0.0,0.0,0.0,0.0,0.0,0.0,0.0,0.0,0.0,0.0,0.0,0.0,0.0,0.0
2026-07-24T09:30:00Z,ok,,11.4,11.8,12.9,13.2,14.0,13.7,12.0,10.0,8.9,8.0,7.0,5.9,5.0,4.2,3.8,4.0,4.2,4.1,4.3,5.0,5.5,5.8,6.4,6.6
2026-07-24T10:00:00Z,ok,,10.9,12.0,13.5,13.7,13.3,11.7,9.5,8.2,7.7,7.1,6.1,5.3,4.7,4.7,4.8,5.7,6.4,6.5,6.8,7.5,7.8,8.2,8.4,8.4
2026-07-24T10:30:00Z,,,0.0,0.0,0.0,0.0,0.0,0.0,0.0,0.0,0.0,0.0,0.0,0.0,0.0,0.0,0.0,0.0,0.0,0.0,0.0,0.0,0.0,0.0,0.0,0.0
2026-07-24T11:00:00Z,ok,,11.7,12.1,11.6,10.7,9.2,8.7,7.6,6.7,5.8,5.3,4.8,4.9,5.0,5.6,5.8,6.1,5.8,5.2,5.8,6.3,6.6,7.2,7.8,7.5
2026-07-24T11:30:00Z,ok,,14.3,13.3,11.2,10.1,8.4,8.4,7.4,6.3,5.4,5.1,4.7,5.5,5.8,6.2,5.7,5.2,5.0,5.2,5.9,6.4,6.5,7.0,7.2,6.9
2026-07-24T12:00:00Z,ok,,9.6,9.1,8.3,8.0,6.9,6.8,5.8,5.0,4.7,4.9,4.9,5.8,5.9,5.8,4.8,4.1,3.9,4.3,4.8,5.7,5.7,6.4,6.9,6.7
2026-07-24T12:30:00Z,ok,,8.7,8.3,7.8,7.4,6.2,5.6,5.0,4.5,4.6,5.2,5.7,6.1,5.7,4.9,4.2,4.0,4.6,5.8,6.2,6.7,6.7,6.9,7.0,7.0
2026-07-24T13:00:00Z,,,0.0,0.0,0.0,0.0,0.0,0.0,0.0,0.0,0.0,0.0,0.0,0.0,0.0,0.0,0.0,0.0,0.0,0.0,0.0,0.0,0.0,0.0,0.0,0.0
2026-07-24T13:30:00Z,ok,,7.4,6.3,5.7,5.0,4.4,4.5,4.7,4.8,5.3,5.7,5.6,5.0,4.3,3.7,3.3,3.5,4.0,4.5,4.8,5.6,5.7,5.9,6.5,6.6
2026-07-24T14:00:00Z,ok,,7.4,6.2,5.4,4.7,4.4,4.8,5.3,5.6,6.0,5.9,4.9,4.3,3.8,3.8,3.5,3.8,3.9,4.1,4.7,5.5,5.7,6.1,6.6,6.9
2026-07-24T14:30:00Z,ok,,6.5,5.6,4.8,4.3,4.5,5.2,6.0,6.0,5.7,5.2,4.1,3.8,3.7,3.9,3.7,3.9,4.0,4.2,4.8,5.5,5.7,6.2,6.5,6.8
2026-07-24T15:00:00Z,,,0.0,0.0,0.0,0.0,0.0,0.0,0.0,0.0,0.0,0.0,0.0,0.0,0.0,0.0,0.0,0.0,0.0,0.0,0.0,0.0,0.0,0.0,0.0,0.0
2026-07-24T15:30:00Z,ok,,5.9,5.4,5.0,5.2,5.7,6.5,6.8,5.7,4.6,4.2,3.7,4.0,4.3,4.1,3.5,3.2,3.1,3.2,3.6,3.9,4.1,4.4,4.7,4.8
2026-07-24T16:00:00Z,,,0.0,0.0,0.0,0.0,0.0,0.0,0.0,0.0,0.0,0.0,0.0,0.0,0.0,0.0,0.0,0.0,0.0,0.0,0.0,0.0,0.0,0.0,0.0,0.0
2026-07-24T16:30:00Z,ok,,4.5,4.6,5.1,5.3,5.0,4.6,4.0,3.4,3.3,3.4,3.5,3.5,3.3,2.9,2.4,2.4,2.6,3.3,3.8,4.4,4.5,4.9,5.0,5.2
2026-07-24T17:00:00Z,ok,,5.7,5.6,5.6,5.4,4.7,4.4,3.8,3.6,3.8,4.0,3.9,3.7,3.2,2.7,2.1,2.0,2.1,2.5,3.0,3.5,3.6,4.0,4.2,4.3
2026-07-24T17:30:00Z,ok,,6.2,5.6,5.1,4.6,3.9,3.8,3.8,3.7,3.9,4.0,3.7,3.3,2.8,2.4,1.9,1.8,2.0,2.2,2.4,2.6,2.7,2.9,3.1,3.3
2026-07-24T18:00:00Z,,,0.0,0.0,0.0,0.0,0.0,0.0,0.0,0.0,0.0,0.0,0.0,0.0,0.0,0.0,0.0,0.0,0.0,0.0,0.0,0.0,0.0,0.0,0.0,0.0
2026-07-24T18:30:00Z,ok,,5.8,4.8,4.0,3.5,3.3,3.7,4.0,3.9,3.7,3.4,2.9,2.6,2.4,2.2,1.7,1.5,1.4,1.5,1.8,2.0,2.2,2.4,2.5,2.8
2026-07-24T19:00:00Z,ok,,4.2,3.6,3.2,3.1,3.1,3.6,3.8,3.5,3.1,2.7,2.3,2.1,2.0,1.7,1.3,1.1,1.1,1.3,1.7,2.0,2.2,2.5,2.5,2.8
2026-07-24T19:30:00Z,ok,,5.1,4.4,3.9,3.7,3.6,3.9,4.0,3.5,3.0,2.7,2.4,2.4,2.4,2.0,1.6,1.5,1.8,2.3,2.7,2.9,3.0,3.1,3.1,3.2
2026-07-24T20:00:00Z,ok,,4.2,3.9,3.6,3.6,3.4,3.4,3.2,2.7,2.4,2.1,1.9,1.8,1.6,1.3,1.0,1.0,1.1,1.5,1.9,2.1,2.3,2.6,2.6,2.7
2026-07-24T20:30:00Z,ok,,4.5,4.3,4.0,3.9,3.5,3.3,3.1,2.6,2.5,2.3,2.1,1.9,1.7,1.4,1.3,1.4,1.7,2.4,2.9,3.1,3.2,3.5,3.4,3.5
2026-07-24T21:00:00Z,ok,,4.9,4.6,4.2,4.0,3.4,3.2,2.9,2.5,2.4,2.2,1.9,1.7,1.6,1.5,1.4,1.6,1.9,2.5,2.9,3.1,3.2,3.4,3.4,3.5
2026-07-24T21:30:00Z,ok,,6.0,5.4,4.6,4.0,3.4,3.2,2.9,2.6,2.4,2.1,1.8,1.8,1.8,1.9,1.9,2.2,2.5,3.1,3.4,3.5,3.5,3.7,3.6,3.6
2026-07-24T22:00:00Z,ok,,5.8,5.2,4.3,3.8,3.2,3.2,2.9,2.5,2.2,2.0,1.8,1.9,2.0,2.3,2.4,2.7,3.1,3.7,4.3,4.6,4.6,4.9,4.7,4.7
2026-07-24T22:30:00Z,ok,,4.7,4.2,3.4,3.0,2.6,2.5,2.4,2.0,1.8,1.7,1.6,1.8,2.1,2.4,2.5,2.7,3.1,3.6,4.1,4.4,4.4,4.7,4.6,4.6
2026-07-24T23:00:00Z,ok,,5.0,4.3,3.4,2.9,2.5,2.3,2.2,1.9,1.8,1.9,1.9,2.2,2.5,2.8,2.9,3.0,3.6,4.1,4.5,4.7,4.6,4.8,4.6,4.6
2026-07-24T23:30:00Z,ok,,5.5,4.5,3.7,3.0,2.7,2.3,2.1,1.9,2.0,2.2,2.5,2.8,3.2,3.2,3.1,2.9,3.0,3.0,3.1,3.2,3.2,3.3,3.3,3.5
2026-07-25T00:00:00Z,ok,,5.4,4.4,3.5,2.9,2.5,2.1,2.0,2.0,2.2,2.5,2.9,3.2,3.5,3.4,3.3,3.1,3.3,3.4,3.3,3.4,3.3,3.4,3.4,3.5
2026-07-25T00:30:00Z,ok,,4.6,3.9,3.2,2.7,2.3,2.2,2.2,2.3,2.6,3.1,3.4,3.6,3.7,3.4,3.1,2.9,3.2,3.6,3.7,3.9,3.8,3.9,3.9,4.0
2026-07-25T01:00:00Z,ok,,4.0,3.3,2.8,2.4,2.1,2.2,2.3,2.5,2.9,3.4,3.6,3.5,3.4,3.1,2.9,2.9,3.3,3.8,3.9,4.2,4.2,4.4,4.3,4.6
2026-07-25T01:30:00Z,,,0.0,0.0,0.0,0.0,0.0,0.0,0.0,0.0,0.0,0.0,0.0,0.0,0.0,0.0,0.0,0.0,0.0,0.0,0.0,0.0,0.0,0.0,0.0,0.0
2026-07-25T02:00:00Z,ok,,3.8,3.2,2.7,2.5,2.6,3.0,3.4,3.7,3.8,3.9,3.7,3.7,3.7,3.5,3.4,3.5,4.2,4.9,5.2,5.1,5.0,5.0,4.7,4.8
2026-07-25T02:30:00Z,,,0.0,0.0,0.0,0.0,0.0,0.0,0.0,0.0,0.0,0.0,0.0,0.0,0.0,0.0,0.0,0.0,0.0,0.0,0.0,0.0,0.0,0.0,0.0,0.0
2026-07-25T03:00:00Z,,,0.0,0.0,0.0,0.0,0.0,0.0,0.0,0.0,0.0,0.0,0.0,0.0,0.0,0.0,0.0,0.0,0.0,0.0,0.0,0.0,0.0,0.0,0.0,0.0
2026-07-25T03:30:00Z,ok,,4.0,3.9,3.8,3.9,4.2,4.4,4.4,4.2,3.8,3.7,3.6,3.7,3.9,3.9,3.9,3.9,4.0,4.1,4.1,4.2,4.2,4.3,4.4,4.4
2026-07-25T04:00:00Z,,,0.0,0.0,0.0,0.0,0.0,0.0,0.0,0.0,0.0,0.0,0.0,0.0,0.0,0.0,0.0,0.0,0.0,0.0,0.0,0.0,0.0,0.0,0.0,0.0
2026-07-25T04:30:00Z,ok,,4.0,3.6,3.7,4.4,4.4,4.5,4.5,4.1,4.3,3.8,3.7,3.8,4.0,5.7,9.3,13.4,15.5,12.2,8.3,5.7,4.9,4.8,4.5,4.2
2026-07-25T05:00:00Z,,,0.0,0.0,0.0,0.0,0.0,0.0,0.0,0.0,0.0,0.0,0.0,0.0,0.0,0.0,0.0,0.0,0.0,0.0,0.0,0.0,0.0,0.0,0.0,0.0
2026-07-25T05:30:00Z,ok,,4.9,4.8,4.4,4.7,4.8,5.9,6.3,6.6,5.4,4.1,5.1,6.9,11.3,17.4,17.4,12.9,8.5,4.9,4.3,3.7,4.3,3.7,3.7,3.6
2026-07-25T06:00:00Z,,,0.0,0.0,0.0,0.0,0.0,0.0,0.0,0.0,0.0,0.0,0.0,0.0,0.0,0.0,0.0,0.0,0.0,0.0,0.0,0.0,0.0,0.0,0.0,0.0
2026-07-25T06:30:00Z,ok,,4.8,4.4,4.4,4.4,4.2,4.8,4.9,4.8,5.6,7.5,13.8,18.5,18.0,12.5,8.8,6.7,5.4,5.2,4.6,4.2,3.6,3.7,3.8,3.5
2026-07-25T07:00:00Z,ok,,5.0,6.1,8.1,9.1,8.4,7.2,6.3,5.9,7.6,10.8,16.1,16.5,11.9,7.1,5.7,5.2,5.2,5.4,4.4,4.2,4.2,4.3,4.2,4.2
2026-07-25T07:30:00Z,,,0.0,0.0,0.0,0.0,0.0,0.0,0.0,0.0,0.0,0.0,0.0,0.0,0.0,0.0,0.0,0.0,0.0,0.0,0.0,0.0,0.0,0.0,0.0,0.0
2026-07-25T08:00:00Z,ok,,19.3,16.3,12.4,8.1,6.5,5.1,5.8,8.2,11.7,12.5,9.1,6.7,5.4,5.4,6.3,6.5,6.8,6.7,6.0,5.2,5.1,4.9,4.9,4.8
2026-07-25T08:30:00Z,,,0.0,0.0,0.0,0.0,0.0,0.0,0.0,0.0,0.0,0.0,0.0,0.0,0.0,0.0,0.0,0.0,0.0,0.0,0.0,0.0,0.0,0.0,0.0,0.0
2026-07-25T09:00:00Z,ok,,4.2,2.9,2.6,3.0,3.9,4.8,7.0,6.1,5.1,4.3,4.1,4.4,5.3,7.4,10.0,10.9,10.3,7.8,5.6,4.3,3.8,3.5,3.5,3.5
2026-07-25T09:30:00Z,ok,,7.9,5.9,6.3,7.7,13.9,24.8,34.3,24.0,14.2,9.7,10.3,12.1,14.1,12.2,10.8,7.9,8.0,9.5,10.8,10.7,9.9,9.7,10.4,10.2
2026-07-25T10:00:00Z,ok,,5.1,5.6,9.1,14.4,24.9,28.3,25.5,16.6,11.6,10.4,9.9,11.1,12.3,11.7,12.6,12.5,14.1,14.8,15.3,13.9,13.0,12.7,13.2,12.7
2026-07-25T10:30:00Z,ok,,7.9,11.0,19.4,30.3,34.7,23.4,17.1,14.0,14.0,16.2,16.5,15.7,15.8,16.0,17.3,19.0,16.3,14.2,13.0,13.3,14.1,14.5,15.2,16.4
2026-07-25T11:00:00Z,ok,,7.6,12.0,19.2,22.0,19.5,13.8,10.1,10.4,10.6,13.0,13.0,11.9,11.3,11.4,11.7,12.0,10.4,10.7,13.1,15.5,17.7,18.7,18.4,19.6
2026-07-25T11:30:00Z,ok,,22.3,29.4,30.8,25.4,17.1,12.0,8.5,8.1,8.1,9.0,9.9,9.2,8.6,6.8,6.9,6.8,7.0,7.1,7.8,7.1,7.5,7.9,7.5,7.1
2026-07-25T12:00:00Z,ok,,51.3,43.3,30.2,17.1,11.1,8.1,7.1,8.4,8.9,9.2,8.7,8.0,7.6,7.0,7.1,7.0,6.8,6.6,8.2,7.4,7.6,8.2,7.8,7.9
2026-07-25T12:30:00Z,,,0.0,0.0,0.0,0.0,0.0,0.0,0.0,0.0,0.0,0.0,0.0,0.0,0.0,0.0,0.0,0.0,0.0,0.0,0.0,0.0,0.0,0.0,0.0,0.0
2026-07-25T13:00:00Z,ok,,6.2,5.0,3.7,3.4,3.9,4.5,5.9,6.1,5.7,5.8,5.7,6.1,6.2,5.6,5.1,4.3,4.7,5.8,6.6,7.0,7.3,6.8,7.1,6.7
2026-07-25T13:30:00Z,ok,,12.0,8.5,6.3,5.3,5.8,6.5,8.3,7.8,6.9,6.6,6.6,7.1,6.9,6.4,5.9,5.5,6.8,9.8,11.8,12.4,12.8,11.6,11.8,10.9
2026-07-25T14:00:00Z,ok,,7.4,6.2,5.8,5.9,7.4,8.4,9.8,9.0,8.3,8.0,7.5,7.1,6.5,6.1,7.2,8.5,10.9,13.4,14.4,14.0,12.7,12.7,13.1,11.9
2026-07-25T14:30:00Z,ok,,7.6,7.8,9.1,10.7,12.1,10.3,10.6,11.3,11.8,11.5,10.1,7.8,7.8,8.6,10.8,12.9,12.2,11.8,13.6,14.0,15.6,16.8,17.1,17.7
2026-07-25T15:00:00Z,ok,,8.5,7.8,8.0,7.6,8.0,8.0,8.4,9.1,9.3,9.1,8.2,8.3,9.0,10.4,11.6,11.9,13.8,18.6,27.8,30.4,33.2,33.3,31.7,29.1
2026-07-25T15:30:00Z,ok,,7.3,8.1,9.1,9.2,8.8,8.0,6.8,6.4,5.9,6.2,6.0,6.1,6.0,6.5,6.9,8.0,9.7,10.7,10.9,10.8,10.3,9.7,9.2,8.9
2026-07-25T16:00:00Z,ok,,8.2,8.7,9.2,8.5,7.7,6.8,6.0,5.8,5.5,5.8,5.6,6.0,6.3,7.2,8.2,9.7,10.6,9.9,9.0,8.6,8.6,8.0,8.1,8.2
2026-07-25T16:30:00Z,ok,,9.5,9.3,8.7,7.3,6.5,6.0,5.5,5.7,5.5,5.9,5.8,6.4,7.1,8.3,9.4,10.5,11.1,10.1,9.4,9.1,9.1,8.4,8.6,8.6
2026-07-25T17:00:00Z,ok,,9.9,8.9,7.8,6.3,5.9,5.8,5.5,5.7,5.6,6.0,6.2,7.4,8.4,9.8,10.1,10.7,11.2,10.7,10.5,10.3,10.2,9.1,9.2,8.9
2026-07-25T17:30:00Z,ok,,7.0,6.7,6.2,5.3,5.2,5.6,5.4,5.7,5.9,6.6,7.0,8.0,9.2,10.2,10.5,10.7,10.5,9.5,8.9,8.4,8.1,7.7,7.7,7.6
2026-07-25T18:00:00Z,ok,,6.3,6.1,5.9,5.3,5.3,5.6,5.7,6.0,6.5,7.2,8.2,9.2,10.2,10.9,11.1,10.8,9.7,8.4,7.5,7.3,7.0,7.1,7.2,7.2
2026-07-25T18:30:00Z,ok,,6.8,6.7,6.4,5.8,6.0,6.2,6.4,6.9,7.8,8.9,9.7,10.5,11.0,10.8,10.3,9.8,9.1,8.2,7.7,7.7,7.5,7.6,7.7,7.7
2026-07-25T19:00:00Z,ok,,8.6,8.0,7.4,6.5,6.6,6.9,7.4,8.0,9.5,10.9,11.6,11.9,11.9,11.1,10.3,9.4,8.3,7.2,6.6,6.2,6.3,6.5,6.4,6.5
2026-07-25T19:30:00Z,,,0.0,0.0,0.0,0.0,0.0,0.0,0.0,0.0,0.0,0.0,0.0,0.0,0.0,0.0,0.0,0.0,0.0,0.0,0.0,0.0,0.0,0.0,0.0,0.0
2026-07-25T20:00:00Z,ok,,5.8,6.1,6.2,6.5,7.3,8.1,9.0,10.1,10.8,11.5,10.4,10.3,9.4,8.5,7.7,6.8,6.5,6.5,6.9,7.1,7.7,7.7,7.7,7.9
2026-07-25T20:30:00Z,ok,,5.6,6.0,6.5,7.1,7.9,8.9,9.8,10.4,10.6,11.2,10.2,9.6,8.6,7.5,6.8,6.0,5.7,5.6,5.6,5.7,6.0,6.2,6.2,6.5
2026-07-25T21:00:00Z,ok,,6.4,6.2,6.6,7.2,8.5,9.2,10.0,10.1,10.2,10.3,9.4,8.8,8.2,7.3,6.9,6.6,7.5,7.7,6.9,6.3,5.9,5.6,5.5,5.2
2026-07-25T21:30:00Z,ok,,6.7,7.4,8.3,9.2,10.0,11.3,11.5,11.8,11.5,11.1,8.8,8.1,7.2,6.8,6.8,6.2,5.5,4.6,4.4,4.7,5.0,5.4,5.5,5.7
2026-07-25T22:00:00Z,ok,,7.8,8.7,9.7,10.6,10.9,12.0,11.8,11.4,10.5,9.3,7.8,7.2,6.7,6.6,6.4,5.4,4.4,3.6,3.5,3.9,4.3,4.7,4.8,5.1
2026-07-25T22:30:00Z,ok,,9.7,10.6,11.3,11.5,11.8,12.3,11.5,10.2,8.9,8.2,7.1,6.8,6.6,6.2,5.4,4.4,3.9,3.7,3.7,4.2,4.3,4.6,4.7,4.9
2026-07-25T23:00:00Z,ok,,10.1,10.7,11.3,11.5,11.7,11.7,10.4,8.8,7.6,6.9,6.7,6.4,6.1,5.1,4.0,3.2,2.8,2.7,2.8,3.2,3.3,3.6,3.7,3.9
2026-07-25T23:30:00Z,ok,,9.3,10.1,10.8,11.1,10.1,9.5,8.3,7.3,7.0,6.9,6.7,6.4,5.4,4.5,3.8,3.8,4.4,5.1,5.5,5.9,6.1,6.2,6.3,6.1
2026-07-26T00:00:00Z,,,0.0,0.0,0.0,0.0,0.0,0.0,0.0,0.0,0.0,0.0,0.0,0.0,0.0,0.0,0.0,0.0,0.0,0.0,0.0,0.0,0.0,0.0,0.0,0.0
2026-07-26T00:30:00Z,ok,,9.3,9.8,10.0,9.3,8.3,7.3,6.3,6.5,6.6,6.3,5.6,4.5,3.8,3.7,3.9,4.2,3.8,3.1,3.1,3.2,3.5,3.8,4.1,4.2
2026-07-26T01:00:00Z,ok,,11.1,10.4,9.5,7.9,7.1,6.9,6.5,6.6,6.1,5.4,4.4,3.9,3.9,4.3,4.6,4.7,4.2,3.6,3.7,3.8,3.8,4.2,4.3,4.5
2026-07-26T01:30:00Z,,,0.0,0.0,0.0,0.0,0.0,0.0,0.0,0.0,0.0,0.0,0.0,0.0,0.0,0.0,0.0,0.0,0.0,0.0,0.0,0.0,0.0,0.0,0.0,0.0
2026-07-26T02:00:00Z,ok,,9.2,8.1,7.1,6.7,6.5,6.8,6.6,5.3,4.2,3.9,3.8,4.5,4.9,4.6,4.1,3.6,3.6,4.1,4.5,5.0,5.0,5.3,5.2,5.2
2026-07-26T02:30:00Z,,,0.0,0.0,0.0,0.0,0.0,0.0,0.0,0.0,0.0,0.0,0.0,0.0,0.0,0.0,0.0,0.0,0.0,0.0,0.0,0.0,0.0,0.0,0.0,0.0
2026-07-26T03:00:00Z,ok,,6.6,6.4,6.7,6.5,5.6,4.6,4.0,3.7,3.8,4.2,4.7,4.8,4.6,4.3,4.5,5.2,6.9,8.4,8.7,8.7,8.4,7.9,7.3,7.3
2026-07-26T03:30:00Z,,,0.0,0.0,0.0,0.0,0.0,0.0,0.0,0.0,0.0,0.0,0.0,0.0,0.0,0.0,0.0,0.0,0.0,0.0,0.0,0.0,0.0,0.0,0.0,0.0
2026-07-26T04:00:00Z,ok,,5.9,5.6,5.3,4.6,3.9,3.6,3.6,4.0,4.2,4.4,4.3,4.4,4.7,5.3,6.1,7.0,7.9,8.6,8.5,8.6,8.7,8.4,8.2,8.0
2026-07-26T04:30:00Z,,,0.0,0.0,0.0,0.0,0.0,0.0,0.0,0.0,0.0,0.0,0.0,0.0,0.0,0.0,0.0,0.0,0.0,0.0,0.0,0.0,0.0,0.0,0.0,0.0
2026-07-26T05:00:00Z,,,0.0,0.0,0.0,0.0,0.0,0.0,0.0,0.0,0.0,0.0,0.0,0.0,0.0,0.0,0.0,0.0,0.0,0.0,0.0,0.0,0.0,0.0,0.0,0.0
2026-07-26T05:30:00Z,ok,,4.3,3.9,3.6,3.4,3.6,4.1,4.4,4.4,4.3,4.4,5.3,6.4,8.0,9.3,9.9,9.5,8.2,6.3,5.5,5.2,5.0,5.1,5.3,5.6
2026-07-26T06:00:00Z,,,0.0,0.0,0.0,0.0,0.0,0.0,0.0,0.0,0.0,0.0,0.0,0.0,0.0,0.0,0.0,0.0,0.0,0.0,0.0,0.0,0.0,0.0,0.0,0.0
2026-07-26T06:30:00Z,ok,,5.2,5.2,5.2,5.0,5.3,5.4,5.1,5.5,6.2,7.2,7.8,8.5,8.9,8.5,7.8,7.2,7.3,7.3,7.5,7.2,6.9,6.5,6.4,6.0
2026-07-26T07:00:00Z,,,0.0,0.0,0.0,0.0,0.0,0.0,0.0,0.0,0.0,0.0,0.0,0.0,0.0,0.0,0.0,0.0,0.0,0.0,0.0,0.0,0.0,0.0,0.0,0.0
2026-07-26T07:30:00Z,ok,,5.6,5.1,4.8,4.7,4.9,5.5,6.2,6.9,8.3,8.6,8.7,8.2,7.8,7.2,7.1,7.1,7.4,7.5,6.5,5.6,5.3,5.1,4.8,4.6
2026-07-26T08:00:00Z,,,0.0,0.0,0.0,0.0,0.0,0.0,0.0,0.0,0.0,0.0,0.0,0.0,0.0,0.0,0.0,0.0,0.0,0.0,0.0,0.0,0.0,0.0,0.0,0.0
2026-07-26T08:30:00Z,ok,,4.5,4.5,4.6,5.2,6.0,7.1,8.1,8.8,9.4,9.4,8.4,7.8,7.7,7.7,7.8,7.3,7.4,6.8,5.9,5.2,4.9,4.8,4.5,4.4
2026-07-26T09:00:00Z,ok,,5.0,5.0,5.3,6.1,7.1,8.4,9.1,9.3,9.5,9.0,8.0,7.8,7.9,7.8,8.0,7.0,7.2,6.3,5.4,4.5,4.3,4.2,3.9,3.7
2026-07-26T09:30:00Z,,,0.0,0.0,0.0,0.0,0.0,0.0,0.0,0.0,0.0,0.0,0.0,0.0,0.0,0.0,0.0,0.0,0.0,0.0,0.0,0.0,0.0,0.0,0.0,0.0
2026-07-26T10:00:00Z,ok,,6.4,6.7,7.3,8.2,9.0,9.3,9.1,8.4,8.0,7.6,7.3,7.5,7.5,7.0,6.8,5.7,5.5,4.6,4.1,3.6,3.7,3.6,3.5,3.3
2026-07-26T10:30:00Z,ok,,6.4,6.9,7.5,7.8,8.5,8.4,7.9,7.4,7.5,7.8,7.4,7.5,7.4,6.7,6.3,5.5,5.4,4.8,4.5,4.1,4.1,4.0,3.9,3.7
2026-07-26T11:00:00Z,ok,,7.6,8.0,8.3,8.3,8.6,8.3,7.7,7.2,7.5,7.5,7.1,7.0,6.9,6.2,6.0,5.3,5.2,4.7,4.3,3.9,3.9,3.9,3.7,3.6
2026-07-26T11:30:00Z,ok,,8.6,8.9,9.1,8.8,8.7,8.1,7.5,7.2,7.5,7.5,7.1,6.8,6.6,5.9,5.7,5.1,4.9,4.6,4.3,4.0,4.0,4.0,3.9,3.7
2026-07-26T12:00:00Z,ok,,8.1,8.2,7.9,7.4,7.4,7.4,7.4,7.3,7.0,7.1,6.5,6.2,5.9,5.3,5.1,4.8,5.2,5.6,5.5,5.3,5.2,5.0,4.9,4.7
2026-07-26T12:30:00Z,failed,,0.0,0.0,0.0,0.0,0.0,0.0,0.0,0.0,0.0,0.0,0.0,0.0,0.0,0.0,0.0,0.0,0.0,0.0,0.0,0.0,0.0,0.0,0.0,0.0
2026-07-26T13:00:00Z,ok,,7.5,7.2,6.7,6.4,6.6,6.6,6.7,6.5,6.4,6.1,5.4,5.2,5.2,4.9,5.1,4.9,5.2,4.9,4.4,4.0,4.0,3.8,3.7,3.6
2026-07-26T13:30:00Z,ok,,6.1,5.9,5.9,6.1,6.4,6.1,6.0,5.8,5.8,5.5,5.0,4.9,4.8,4.8,5.3,5.1,4.9,4.1,3.4,3.0,3.0,2.9,2.8,2.7
2026-07-26T14:00:00Z,ok,,7.1,6.9,6.7,6.5,6.6,6.3,6.1,6.0,6.0,5.8,5.3,5.3,5.4,5.5,6.0,5.8,6.0,5.4,4.8,4.3,4.2,4.0,3.8,3.7
2026-07-26T14:30:00Z,ok,,7.3,7.1,6.9,6.6,6.7,6.3,5.9,5.7,5.8,5.6,5.3,5.5,5.6,5.8,6.4,6.0,5.7,4.7,4.1,3.6,3.6,3.4,3.3,3.2
2026-07-26T15:00:00Z,ok,,6.5,6.6,6.6,6.3,6.4,6.0,5.6,5.4,5.3,5.3,5.2,5.5,5.8,6.0,6.1,5.5,4.9,4.1,3.7,3.5,3.5,3.4,3.4,3.3
2026-07-26T15:30:00Z,ok,,4.7,4.5,4.4,4.9,5.3,5.5,5.4,5.0,5.0,4.6,4.9,5.3,5.3,4.9,4.7,3.8,3.6,2.7,2.3,1.7,1.6,1.5,1.3,1.2
2026-07-26T16:00:00Z,ok,,5.2,4.4,4.6,5.1,5.3,5.7,5.6,5.3,5.8,5.7,5.8,6.2,5.2,5.3,6.1,7.3,10.4,10.0,8.3,5.8,5.0,4.2,3.6,3.2
2026-07-26T16:30:00Z,ok,,5.2,4.7,4.8,5.7,5.5,5.6,5.9,5.4,6.1,5.4,5.1,5.2,5.0,6.9,11.2,16.6,19.1,15.5,10.1,6.9,5.9,5.8,5.5,5.0
2026-07-26T17:00:00Z,ok,,6.3,5.9,5.5,6.1,5.8,5.8,6.9,6.6,6.5,5.4,4.8,4.9,5.9,9.8,17.8,20.8,17.5,11.2,7.0,4.8,5.0,5.0,4.6,4.5
2026-07-26T17:30:00Z,ok,,6.6,6.4,5.9,6.3,6.2,7.2,8.3,9.0,7.7,5.5,6.4,8.2,12.7,19.3,21.3,15.9,10.3,5.8,4.8,3.9,4.4,3.9,3.8,3.7
2026-07-26T18:00:00Z,ok,,6.4,6.4,6.3,7.1,7.9,10.6,9.9,9.1,7.5,6.7,11.0,15.6,22.6,22.8,17.6,12.4,8.5,6.4,6.1,5.1,4.4,4.1,4.1,3.6
2026-07-26T18:30:00Z,ok,,5.8,5.5,5.7,6.2,6.4,7.3,7.5,6.9,7.3,8.8,15.8,21.5,22.0,15.6,10.9,8.2,6.1,5.6,4.8,4.3,3.6,3.7,3.8,3.5
2026-07-26T19:00:00Z,ok,,6.9,8.5,11.1,12.9,12.3,10.4,8.5,7.4,8.5,10.8,15.6,17.2,13.4,8.5,6.5,5.6,5.3,5.1,4.5,3.9,4.0,3.9,3.8,3.7
2026-07-26T19:30:00Z,ok,,11.8,14.8,17.3,15.3,11.6,9.1,7.3,7.3,7.6,9.3,9.5,8.2,6.6,4.7,4.8,5.1,6.3,7.1,7.0,5.8,5.8,5.3,4.6,4.4
2026-07-26T20:00:00Z,ok,,23.4,21.1,16.9,11.3,9.0,6.9,7.2,10.0,14.3,15.5,11.6,8.3,6.6,6.4,7.4,7.6,7.8,7.3,6.5,5.6,5.6,5.5,5.4,5.2
2026-07-26T20:30:00Z,ok,,13.9,9.2,7.0,5.6,5.1,4.9,5.6,5.7,5.9,4.7,4.2,4.6,5.0,6.9,10.5,14.0,16.4,13.2,9.6,6.9,6.4,5.2,5.2,4.9
2026-07-26T21:00:00Z,ok,,5.8,4.1,3.6,3.6,4.3,4.9,6.8,6.1,5.4,4.6,4.3,4.8,5.9,8.5,12.1,13.3,11.9,8.5,6.1,4.6,4.3,4.0,4.0,3.9
2026-07-26T21:30:00Z,ok,,9.2,6.8,7.0,8.3,14.4,25.4,35.2,25.2,14.7,10.0,10.2,11.6,13.3,11.8,10.4,7.6,7.6,9.2,10.8,11.0,10.4,10.1,10.7,10.5
2026-07-26T22:00:00Z,ok,,6.4,6.8,10.8,16.8,29.4,34.2,30.7,19.7,13.1,10.9,10.0,10.6,11.3,10.5,11.3,11.4,13.2,14.2,14.7,13.7,12.8,12.7,13.2,12.8
2026-07-26T22:30:00Z,ok,,9.0,12.2,21.9,34.0,40.4,26.4,18.4,14.1,13.2,14.0,13.3,11.8,12.0,11.9,13.9,16.0,14.0,12.1,11.3,11.3,12.3,12.7,13.0,14.5
2026-07-26T23:00:00Z,ok,,9.5,14.5,23.2,26.2,23.2,15.7,11.0,10.8,10.2,11.4,10.6,9.3,9.1,9.7,10.6,11.1,9.8,10.2,12.4,14.3,16.7,17.3,16.6,17.7
2026-07-26T23:30:00Z,ok,,21.0,26.3,27.0,22.0,15.4,9.6,6.4,5.8,5.5,5.4,5.7,5.3,5.2,4.9,5.5,5.6,5.4,4.8,4.7,4.2,4.7,4.7,4.5,4.4
2026-07-27T00:00:00Z,ok,,53.0,45.1,32.1,18.7,12.3,8.7,6.9,7.4,7.1,6.4,6.2,6.3,6.8,7.1,7.4,7.2,6.4,5.6,6.8,6.1,6.3,6.5,6.1,6.0
2026-07-27T00:30:00Z,ok,,27.8,19.5,12.8,8.4,6.1,5.2,5.1,5.2,4.7,4.5,4.7,5.4,6.1,6.4,5.8,5.5,5.3,5.1,5.9,5.2,5.4,4.9,4.6,4.7
2026-07-27T01:00:00Z,,,0.0,0.0,0.0,0.0,0.0,0.0,0.0,0.0,0.0,0.0,0.0,0.0,0.0,0.0,0.0,0.0,0.0,0.0,0.0,0.0,0.0,0.0,0.0,0.0
2026-07-27T01:30:00Z,ok,,13.2,9.7,7.0,5.6,5.0,4.8,5.2,4.8,4.9,5.5,6.2,6.9,6.7,5.6,4.6,3.8,3.6,3.6,3.9,3.8,4.3,4.1,4.0,4.1
2026-07-27T02:00:00Z,,,0.0,0.0,0.0,0.0,0.0,0.0,0.0,0.0,0.0,0.0,0.0,0.0,0.0,0.0,0.0,0.0,0.0,0.0,0.0,0.0,0.0,0.0,0.0,0.0
2026-07-27T02:30:00Z,ok,,6.8,6.5,6.9,6.8,7.7,6.4,6.3,6.8,7.4,7.3,6.4,5.0,4.8,4.7,5.3,4.9,3.6,2.9,3.0,3.3,3.9,4.4,4.5,4.8
2026-07-27T03:00:00Z,,,0.0,0.0,0.0,0.0,0.0,0.0,0.0,0.0,0.0,0.0,0.0,0.0,0.0,0.0,0.0,0.0,0.0,0.0,0.0,0.0,0.0,0.0,0.0,0.0
2026-07-27T03:30:00Z,,,0.0,0.0,0.0,0.0,0.0,0.0,0.0,0.0,0.0,0.0,0.0,0.0,0.0,0.0,0.0,0.0,0.0,0.0,0.0,0.0,0.0,0.0,0.0,0.0
2026-07-27T04:00:00Z,ok,,4.0,4.2,4.3,4.4,4.4,4.3,4.1,4.0,3.9,3.7,3.6,3.5,3.3,2.9,2.8,2.8,3.5,4.2,4.2,4.1,4.1,3.8,3.6,3.3
2026-07-27T04:30:00Z,,,0.0,0.0,0.0,0.0,0.0,0.0,0.0,0.0,0.0,0.0,0.0,0.0,0.0,0.0,0.0,0.0,0.0,0.0,0.0,0.0,0.0,0.0,0.0,0.0
2026-07-27T05:00:00Z,ok,,4.6,4.1,4.2,4.8,5.1,5.0,4.8,4.4,4.6,4.3,4.1,4.4,3.8,3.7,4.1,4.5,6.2,5.8,4.9,3.4,3.2,2.6,2.2,2.0
2026-07-27T05:30:00Z,,,0.0,0.0,0.0,0.0,0.0,0.0,0.0,0.0,0.0,0.0,0.0,0.0,0.0,0.0,0.0,0.0,0.0,0.0,0.0,0.0,0.0,0.0,0.0,0.0
2026-07-27T06:00:00Z,,,0.0,0.0,0.0,0.0,0.0,0.0,0.0,0.0,0.0,0.0,0.0,0.0,0.0,0.0,0.0,0.0,0.0,0.0,0.0,0.0,0.0,0.0,0.0,0.0
2026-07-27T06:30:00Z,ok,,4.6,4.5,4.3,4.5,4.7,5.4,5.1,4.9,3.9,3.0,3.3,4.2,6.2,9.0,9.8,7.6,5.6,3.5,3.0,2.7,3.0,2.5,2.5,2.3
2026-07-27T07:00:00Z,,,0.0,0.0,0.0,0.0,0.0,0.0,0.0,0.0,0.0,0.0,0.0,0.0,0.0,0.0,0.0,0.0,0.0,0.0,0.0,0.0,0.0,0.0,0.0,0.0
2026-07-27T07:30:00Z,ok,,4.7,4.3,4.2,4.3,4.1,4.3,4.1,3.9,4.5,5.5,8.9,11.3,11.4,8.8,6.7,5.4,4.6,4.1,3.9,3.3,2.8,2.8,2.7,2.6
2026-07-27T08:00:00Z,,,0.0,0.0,0.0,0.0,0.0,0.0,0.0,0.0,0.0,0.0,0.0,0.0,0.0,0.0,0.0,0.0,0.0,0.0,0.0,0.0,0.0,0.0,0.0,0.0
2026-07-27T08:30:00Z,,,0.0,0.0,0.0,0.0,0.0,0.0,0.0,0.0,0.0,0.0,0.0,0.0,0.0,0.0,0.0,0.0,0.0,0.0,0.0,0.0,0.0,0.0,0.0,0.0
2026-07-27T09:00:00Z,ok,,18.9,16.8,13.4,9.0,7.3,5.5,5.4,6.6,8.3,8.7,6.8,5.5,4.9,5.0,5.8,5.6,5.3,4.6,4.3,3.6,3.7,3.6,3.5,3.5
2026-07-27T09:30:00Z,,,0.0,0.0,0.0,0.0,0.0,0.0,0.0,0.0,0.0,0.0,0.0,0.0,0.0,0.0,0.0,0.0,0.0,0.0,0.0,0.0,0.0,0.0,0.0,0.0
2026-07-27T10:00:00Z,,,0.0,0.0,0.0,0.0,0.0,0.0,0.0,0.0,0.0,0.0,0.0,0.0,0.0,0.0,0.0,0.0,0.0,0.0,0.0,0.0,0.0,0.0,0.0,0.0
2026-07-27T10:30:00Z,ok,,5.5,4.6,4.6,5.5,8.6,13.8,18.2,14.4,9.9,7.3,7.9,9.0,9.9,8.0,6.5,4.4,3.8,4.0,4.7,4.8,5.1,4.9,5.2,5.1
2026-07-27T11:00:00Z,,,0.0,0.0,0.0,0.0,0.0,0.0,0.0,0.0,0.0,0.0,0.0,0.0,0.0,0.0,0.0,0.0,0.0,0.0,0.0,0.0,0.0,0.0,0.0,0.0
2026-07-27T11:30:00Z,ok,,5.8,7.8,12.5,17.6,20.4,15.1,12.0,10.5,10.7,11.9,11.1,9.4,8.7,8.1,8.8,9.6,8.2,7.3,6.9,7.0,7.4,7.8,8.1,8.7
2026-07-27T12:00:00Z,,,0.0,0.0,0.0,0.0,0.0,0.0,0.0,0.0,0.0,0.0,0.0,0.0,0.0,0.0,0.0,0.0,0.0,0.0,0.0,0.0,0.0,0.0,0.0,0.0
2026-07-27T12:30:00Z,ok,,12.9,16.0,17.0,14.1,11.4,9.6,7.1,6.4,5.3,4.2,3.4,2.5,2.2,2.0,2.0,1.9,2.0,2.2,2.6,2.8,3.0,3.3,3.0,3.0
2026-07-27T13:00:00Z,,,0.0,0.0,0.0,0.0,0.0,0.0,0.0,0.0,0.0,0.0,0.0,0.0,0.0,0.0,0.0,0.0,0.0,0.0,0.0,0.0,0.0,0.0,0.0,0.0
2026-07-27T13:30:00Z,ok,,11.1,8.7,6.6,5.3,4.5,4.2,3.7,3.2,2.5,2.0,1.8,1.8,2.0,2.1,2.2,2.3,2.7,3.1,3.3,3.2,3.5,3.2,2.8,2.8
2026-07-27T14:00:00Z,,,0.0,0.0,0.0,0.0,0.0,0.0,0.0,0.0,0.0,0.0,0.0,0.0,0.0,0.0,0.0,0.0,0.0,0.0,0.0,0.0,0.0,0.0,0.0,0.0
2026-07-27T14:30:00Z,ok,,6.4,5.9,5.5,5.7,6.5,7.2,7.0,6.3,5.8,5.5,5.7,6.1,5.9,4.6,3.9,3.0,2.8,2.3,2.1,1.8,1.8,1.7,1.7,1.6
2026-07-27T15:00:00Z,,,0.0,0.0,0.0,0.0,0.0,0.0,0.0,0.0,0.0,0.0,0.0,0.0,0.0,0.0,0.0,0.0,0.0,0.0,0.0,0.0,0.0,0.0,0.0,0.0
2026-07-27T15:30:00Z,ok,,5.7,5.6,5.7,6.1,6.2,5.2,5.6,6.1,6.7,6.3,4.9,3.8,3.6,4.5,7.4,10.8,11.8,10.5,8.4,6.9,6.9,6.5,6.5,6.5
2026-07-27T16:00:00Z,,,0.0,0.0,0.0,0.0,0.0,0.0,0.0,0.0,0.0,0.0,0.0,0.0,0.0,0.0,0.0,0.0,0.0,0.0,0.0,0.0,0.0,0.0,0.0,0.0
2026-07-27T16:30:00Z,ok,,3.2,2.9,2.5,2.3,2.5,2.8,2.6,2.7,2.3,2.0,2.3,2.9,4.1,5.7,6.2,5.2,4.1,2.9,2.8,2.6,2.9,2.6,2.4,2.4
2026-07-27T17:00:00Z,ok,,3.9,3.2,2.8,2.7,2.8,3.4,3.1,2.8,2.5,2.5,3.9,5.6,7.8,8.6,7.4,6.1,5.3,3.9,4.0,3.3,3.1,2.6,2.5,2.4
2026-07-27T17:30:00Z,ok,,3.8,3.4,3.3,3.2,3.2,3.5,3.4,3.5,4.2,5.2,7.4,9.0,9.0,7.5,6.2,5.4,5.0,4.5,4.0,3.5,3.1,3.0,3.0,2.9
2026-07-27T18:00:00Z,,,0.0,0.0,0.0,0.0,0.0,0.0,0.0,0.0,0.0,0.0,0.0,0.0,0.0,0.0,0.0,0.0,0.0,0.0,0.0,0.0,0.0,0.0,0.0,0.0
2026-07-27T18:30:00Z,ok,,6.1,7.9,9.2,9.9,9.5,8.1,6.7,6.2,6.1,6.4,6.5,6.3,5.7,5.1,5.2,4.8,5.1,4.6,4.1,3.2,3.4,2.8,2.5,2.3
2026-07-27T19:00:00Z,ok,,19.3,17.1,13.7,9.4,7.6,5.9,5.4,6.3,7.1,7.3,6.0,5.6,5.3,5.5,6.5,6.5,6.4,5.5,5.1,4.3,4.3,4.0,3.9,3.8
2026-07-27T19:30:00Z,ok,,10.0,7.4,6.3,5.4,5.4,5.0,5.3,5.2,5.1,4.4,3.9,4.3,4.4,5.6,7.3,8.7,10.2,9.0,7.2,6.0,5.6,4.5,4.6,4.4
2026-07-27T20:00:00Z,ok,,4.5,3.9,3.7,3.9,4.3,4.0,4.2,3.6,3.3,3.3,3.1,3.6,4.1,5.4,7.6,8.7,8.5,7.0,5.8,4.5,4.4,4.1,4.0,4.0
2026-07-27T20:30:00Z,ok,,6.0,4.6,4.7,5.1,8.0,12.5,17.5,14.2,10.3,8.4,9.4,11.4,12.3,10.4,8.9,6.7,6.8,8.8,10.4,10.9,10.5,10.1,10.5,10.0
2026-07-27T21:00:00Z,ok,,2.8,3.0,4.5,6.6,11.2,13.0,12.9,10.3,8.2,7.3,7.0,7.4,7.8,7.5,8.6,9.9,12.3,14.9,17.8,16.8,15.5,15.8,16.3,14.8
2026-07-27T21:30:00Z,ok,,5.3,7.2,12.0,19.1,23.3,18.3,15.1,12.9,12.5,13.4,12.1,10.4,10.6,11.2,13.9,18.1,17.6,16.0,15.9,14.7,16.2,16.6,17.1,18.5
2026-07-27T22:00:00Z,ok,,4.5,6.5,9.7,12.2,12.3,10.2,8.7,9.5,9.1,10.0,8.9,8.1,8.5,10.3,12.4,13.7,12.7,12.4,15.6,16.4,20.0,20.3,19.7,20.5
2026-07-27T22:30:00Z,ok,,15.1,19.1,21.1,20.1,16.9,14.3,12.5,12.0,9.9,9.6,8.0,7.9,9.0,11.0,12.0,12.1,11.7,12.3,14.4,14.8,16.5,16.7,15.2,15.3
2026-07-27T23:00:00Z,ok,,24.1,23.7,18.7,14.2,11.3,9.4,8.4,8.4,7.2,7.0,6.8,8.4,10.2,11.9,11.9,11.0,10.4,11.9,13.8,14.2,14.4,13.8,13.5,12.6
2026-07-27T23:30:00Z,ok,,14.0,13.1,10.9,9.1,8.0,7.1,6.9,6.9,6.4,7.0,7.3,9.2,10.4,11.6,11.4,10.8,10.3,10.9,11.5,11.8,11.5,11.0,11.3,10.6
2026-07-28T00:00:00Z,ok,,10.7,10.0,9.1,8.6,8.2,7.0,7.0,6.6,6.4,8.0,9.1,10.9,11.8,11.4,11.6,10.2,9.3,9.1,9.1,9.2,9.0,9.5,10.0,9.7
2026-07-28T00:30:00Z,ok,,20.3,17.4,15.4,12.2,10.6,8.4,8.2,8.6,9.7,11.8,12.0,12.4,12.2,12.2,12.4,10.9,8.9,7.6,7.2,6.8,6.9,7.7,7.7,7.6
2026-07-28T01:00:00Z,ok,,13.9,12.4,11.7,9.8,9.2,7.5,8.2,10.2,12.7,15.9,14.6,14.2,14.1,14.5,13.6,10.8,8.7,7.4,8.4,9.0,9.4,10.9,11.0,10.9
2026-07-28T01:30:00Z,,,0.0,0.0,0.0,0.0,0.0,0.0,0.0,0.0,0.0,0.0,0.0,0.0,0.0,0.0,0.0,0.0,0.0,0.0,0.0,0.0,0.0,0.0,0.0,0.0
2026-07-28T02:00:00Z,ok,,10.2,8.8,8.7,8.1,8.7,9.5,12.6,14.9,16.4,16.9,17.0,18.6,17.8,17.3,13.9,9.4,7.3,7.4,11.1,13.8,17.0,20.0,20.2,21.7
2026-07-28T02:30:00Z,,,0.0,0.0,0.0,0.0,0.0,0.0,0.0,0.0,0.0,0.0,0.0,0.0,0.0,0.0,0.0,0.0,0.0,0.0,0.0,0.0,0.0,0.0,0.0,0.0
2026-07-28T03:00:00Z,,,0.0,0.0,0.0,0.0,0.0,0.0,0.0,0.0,0.0,0.0,0.0,0.0,0.0,0.0,0.0,0.0,0.0,0.0,0.0,0.0,0.0,0.0,0.0,0.0
2026-07-28T03:30:00Z,ok,,5.2,5.3,6.1,7.7,7.7,7.6,7.5,7.4,8.4,8.0,6.8,6.0,5.2,6.2,8.7,11.9,13.7,11.7,8.5,6.3,5.7,5.6,5.2,4.9
2026-07-28T04:00:00Z,,,0.0,0.0,0.0,0.0,0.0,0.0,0.0,0.0,0.0,0.0,0.0,0.0,0.0,0.0,0.0,0.0,0.0,0.0,0.0,0.0,0.0,0.0,0.0,0.0
2026-07-28T04:30:00Z,ok,,8.4,8.9,8.4,9.0,8.8,9.8,10.0,9.8,7.7,5.6,5.4,6.2,8.6,12.7,14.3,10.6,7.4,4.4,3.7,3.2,3.8,3.5,3.4,3.3
2026-07-28T05:00:00Z,,,0.0,0.0,0.0,0.0,0.0,0.0,0.0,0.0,0.0,0.0,0.0,0.0,0.0,0.0,0.0,0.0,0.0,0.0,0.0,0.0,0.0,0.0,0.0,0.0
2026-07-28T05:30:00Z,ok,,7.6,7.2,7.1,7.6,7.7,7.7,7.3,6.3,5.9,6.5,10.3,13.5,14.5,11.2,8.2,5.9,4.6,4.0,3.8,3.5,3.2,3.2,3.3,3.1
2026-07-28T06:00:00Z,,,0.0,0.0,0.0,0.0,0.0,0.0,0.0,0.0,0.0,0.0,0.0,0.0,0.0,0.0,0.0,0.0,0.0,0.0,0.0,0.0,0.0,0.0,0.0,0.0
2026-07-28T06:30:00Z,ok,,8.2,10.7,12.1,11.8,10.4,8.1,6.5,6.2,6.6,7.4,7.7,6.7,5.7,4.3,4.2,3.8,4.0,3.7,3.4,2.8,2.9,2.7,2.3,2.2
2026-07-28T07:00:00Z,,,0.0,0.0,0.0,0.0,0.0,0.0,0.0,0.0,0.0,0.0,0.0,0.0,0.0,0.0,0.0,0.0,0.0,0.0,0.0,0.0,0.0,0.0,0.0,0.0
2026-07-28T07:30:00Z,ok,,11.3,8.4,6.8,5.7,5.4,4.5,4.8,4.7,4.6,3.9,3.2,3.2,3.3,4.1,6.0,7.2,8.2,7.1,5.3,4.2,4.0,3.3,3.3,3.3
2026-07-28T08:00:00Z,ok,,4.8,3.8,3.2,3.1,3.6,3.5,4.2,3.8,3.4,3.0,2.7,2.9,3.4,4.2,5.7,5.9,5.6,4.3,3.4,2.7,2.8,2.4,2.5,2.5
2026-07-28T08:30:00Z,,,0.0,0.0,0.0,0.0,0.0,0.0,0.0,0.0,0.0,0.0,0.0,0.0,0.0,0.0,0.0,0.0,0.0,0.0,0.0,0.0,0.0,0.0,0.0,0.0
2026-07-28T09:00:00Z,ok,,3.6,3.8,5.4,7.5,13.2,14.9,14.1,9.8,6.9,5.3,5.1,5.4,5.9,5.0,5.3,5.0,5.4,6.3,7.0,7.1,7.2,7.2,7.6,7.2
2026-07-28T09:30:00Z,,,0.0,0.0,0.0,0.0,0.0,0.0,0.0,0.0,0.0,0.0,0.0,0.0,0.0,0.0,0.0,0.0,0.0,0.0,0.0,0.0,0.0,0.0,0.0,0.0
2026-07-28T10:00:00Z,ok,,4.3,6.3,9.7,10.8,10.7,8.3,6.3,6.3,6.1,6.5,5.9,5.0,4.7,4.8,5.4,5.5,4.8,4.9,6.6,7.7,9.3,10.1,10.0,10.6
2026-07-28T10:30:00Z,,,0.0,0.0,0.0,0.0,0.0,0.0,0.0,0.0,0.0,0.0,0.0,0.0,0.0,0.0,0.0,0.0,0.0,0.0,0.0,0.0,0.0,0.0,0.0,0.0
2026-07-28T11:00:00Z,ok,,27.3,22.8,16.6,10.3,7.0,5.2,4.2,4.2,3.8,3.1,2.4,1.9,1.8,2.2,2.6,3.2,3.6,4.0,5.1,5.0,5.1,5.5,5.0,5.1
2026-07-28T11:30:00Z,ok,,13.5,10.4,7.3,5.1,4.0,3.5,3.1,2.9,2.5,1.9,1.5,1.4,1.6,2.2,2.7,3.1,3.5,3.6,4.2,4.0,4.4,4.4,3.9,4.1
2026-07-28T12:00:00Z,ok,,8.5,6.9,4.9,4.0,3.6,3.2,2.8,2.3,1.9,1.7,1.7,2.1,2.5,2.8,3.1,3.0,2.9,2.8,3.4,3.4,3.9,4.0,4.0,4.1
2026-07-28T12:30:00Z,,,0.0,0.0,0.0,0.0,0.0,0.0,0.0,0.0,0.0,0.0,0.0,0.0,0.0,0.0,0.0,0.0,0.0,0.0,0.0,0.0,0.0,0.0,0.0,0.0
2026-07-28T13:00:00Z,ok,,10.4,8.0,6.0,5.0,4.9,4.6,4.2,3.6,3.4,3.5,3.6,3.9,4.0,3.8,3.8,3.3,3.4,3.8,5.1,5.8,6.8,7.6,7.5,7.8
2026-07-28T13:30:00Z,ok,,6.2,5.5,5.2,5.2,5.3,4.5,4.1,4.1,4.5,4.7,4.9,4.6,4.7,4.4,4.6,4.2,3.7,4.0,5.6,6.8,8.2,9.6,10.1,10.7
2026-07-28T14:00:00Z,,,0.0,0.0,0.0,0.0,0.0,0.0,0.0,0.0,0.0,0.0,0.0,0.0,0.0,0.0,0.0,0.0,0.0,0.0,0.0,0.0,0.0,0.0,0.0,0.0
2026-07-28T14:30:00Z,ok,,3.8,3.3,2.8,2.5,1.9,1.8,1.8,2.1,2.7,3.1,3.3,3.3,3.0,2.9,3.6,4.7,6.2,6.6,6.2,5.8,5.6,5.3,5.1,5.4
2026-07-28T15:00:00Z,ok,,4.1,3.4,2.5,2.1,1.8,1.9,2.3,2.8,3.5,3.6,3.4,3.1,3.1,3.5,4.3,5.1,5.0,4.5,3.9,3.6,3.8,3.8,3.7,4.1
2026-07-28T15:30:00Z,,,0.0,0.0,0.0,0.0,0.0,0.0,0.0,0.0,0.0,0.0,0.0,0.0,0.0,0.0,0.0,0.0,0.0,0.0,0.0,0.0,0.0,0.0,0.0,0.0
2026-07-28T16:00:00Z,ok,,4.4,3.7,3.0,2.7,3.0,3.5,3.8,3.7,3.5,3.5,3.5,4.0,4.5,4.9,4.4,3.9,3.9,4.4,4.9,5.3,5.3,5.3,5.1,5.2
2026-07-28T16:30:00Z,ok,,3.6,3.2,3.0,3.0,3.3,3.7,3.9,3.5,3.3,3.4,3.8,4.6,5.1,4.8,4.1,3.4,3.4,3.9,4.2,4.3,4.3,4.3,4.1,4.1
2026-07-28T17:00:00Z,ok,,3.1,3.1,3.3,3.5,3.6,3.6,3.5,3.5,3.7,4.1,4.8,5.0,4.9,4.1,3.8,3.8,4.4,5.9,6.1,6.2,6.0,5.7,5.7,5.4
2026-07-28T17:30:00Z,,,0.0,0.0,0.0,0.0,0.0,0.0,0.0,0.0,0.0,0.0,0.0,0.0,0.0,0.0,0.0,0.0,0.0,0.0,0.0,0.0,0.0,0.0,0.0,0.0
2026-07-28T18:00:00Z,ok,,3.6,3.7,3.7,3.7,3.2,3.2,3.4,4.2,5.2,5.7,5.4,4.7,4.0,3.6,3.9,4.7,5.5,6.0,5.9,5.8,5.6,5.3,5.3,5.1
2026-07-28T18:30:00Z,ok,,4.5,4.1,3.5,3.1,3.1,3.5,4.0,4.8,5.4,5.1,4.1,3.6,3.5,3.8,4.5,5.0,5.5,5.6,5.4,5.4,5.4,5.5,5.5,5.4
2026-07-28T19:00:00Z,ok,,4.7,4.3,3.6,3.3,3.9,4.5,5.1,5.3,4.8,4.1,3.4,3.3,3.7,4.4,5.3,5.4,5.8,5.6,5.7,5.8,5.9,6.0,5.9,5.9
2026-07-28T19:30:00Z,ok,,5.4,4.8,4.3,4.1,5.1,5.9,6.1,5.6,4.5,3.9,3.5,3.8,4.6,5.5,5.9,5.7,6.1,6.1,6.4,6.7,6.6,6.6,6.5,6.2
2026-07-28T20:00:00Z,ok,,4.4,4.5,4.5,4.7,5.7,5.8,5.2,4.6,4.0,3.9,3.7,4.4,5.0,5.6,5.9,5.5,6.1,6.2,6.5,6.6,6.6,6.5,6.2,5.8
2026-07-28T20:30:00Z,ok,,4.7,5.1,5.5,5.9,6.3,5.6,4.6,4.1,4.1,4.5,4.7,5.6,5.8,5.9,6.2,6.3,7.2,7.6,7.7,7.2,7.3,6.8,6.3,6.2
2026-07-28T21:00:00Z,ok,,4.7,5.1,5.5,6.0,5.7,4.8,4.0,3.9,4.6,5.4,5.9,6.3,5.8,5.8,6.4,7.1,7.9,7.3,6.6,5.8,5.7,5.4,5.1,5.2
2026-07-28T21:30:00Z,ok,,4.1,3.8,3.9,4.3,4.3,4.2,4.0,4.1,5.2,5.3,5.4,5.6,4.7,4.6,5.2,5.7,7.3,6.8,5.7,4.2,3.8,3.4,2.9,2.6
2026-07-28T22:00:00Z,ok,,4.8,5.3,5.4,5.2,5.3,4.7,4.6,5.6,6.7,6.7,5.3,3.9,3.2,3.1,3.9,4.8,5.6,6.3,6.5,6.4,6.4,6.3,6.3,6.2
2026-07-28T22:30:00Z,ok,,4.3,4.5,4.2,3.8,3.9,4.0,4.3,5.2,5.9,5.9,4.5,3.7,3.4,3.7,4.8,5.6,6.3,6.5,7.2,6.9,7.1,7.2,7.1,6.5
2026-07-28T23:00:00Z,ok,,4.3,4.0,3.8,3.7,4.4,4.9,5.4,5.6,5.2,4.5,3.9,3.3,3.4,3.4,3.7,3.7,4.5,5.0,5.0,5.1,4.7,4.6,4.5,4.3
2026-07-28T23:30:00Z,ok,,4.2,3.7,3.3,3.3,4.2,4.5,5.0,4.9,4.4,3.9,3.7,3.8,4.1,4.4,5.1,5.1,5.8,5.4,4.8,4.3,4.1,3.8,3.6,3.4
2026-07-29T00:00:00Z,ok,,4.8,4.4,4.5,4.6,5.4,5.7,5.8,5.7,5.6,5.2,4.6,4.4,4.7,5.2,6.2,7.0,7.7,6.6,5.5,4.7,4.4,4.2,4.2,4.1
2026-07-29T00:30:00Z,ok,,3.1,3.4,3.8,4.4,4.9,4.5,4.1,3.8,3.9,3.9,3.9,4.0,4.2,4.5,5.5,5.7,5.4,4.2,3.6,3.1,3.1,3.0,2.9,3.0
2026-07-29T01:00:00Z,ok,,2.8,3.2,3.7,5.2,6.8,8.0,8.2,7.4,6.7,5.7,5.6,6.2,6.8,7.1,7.2,5.6,4.9,3.6,2.9,2.2,2.1,1.9,1.8,1.6
2026-07-29T01:30:00Z,,,0.0,0.0,0.0,0.0,0.0,0.0,0.0,0.0,0.0,0.0,0.0,0.0,0.0,0.0,0.0,0.0,0.0,0.0,0.0,0.0,0.0,0.0,0.0,0.0
2026-07-29T02:00:00Z,ok,,5.3,5.6,6.0,6.0,6.2,5.9,5.6,5.6,5.5,5.5,5.3,5.2,4.9,4.7,4.5,4.5,5.0,5.6,5.5,5.3,5.1,4.6,4.5,4.2
2026-07-29T02:30:00Z,,,0.0,0.0,0.0,0.0,0.0,0.0,0.0,0.0,0.0,0.0,0.0,0.0,0.0,0.0,0.0,0.0,0.0,0.0,0.0,0.0,0.0,0.0,0.0,0.0
2026-07-29T03:00:00Z,,,0.0,0.0,0.0,0.0,0.0,0.0,0.0,0.0,0.0,0.0,0.0,0.0,0.0,0.0,0.0,0.0,0.0,0.0,0.0,0.0,0.0,0.0,0.0,0.0
2026-07-29T03:30:00Z,ok,,4.0,3.4,3.0,2.9,4.0,5.2,6.7,7.7,8.0,6.9,5.9,5.6,5.4,5.4,6.1,6.5,8.0,10.4,12.6,12.8,13.0,12.8,13.7,12.2
2026-07-29T04:00:00Z,,,0.0,0.0,0.0,0.0,0.0,0.0,0.0,0.0,0.0,0.0,0.0,0.0,0.0,0.0,0.0,0.0,0.0,0.0,0.0,0.0,0.0,0.0,0.0,0.0
2026-07-29T04:30:00Z,ok,,2.4,2.5,3.0,3.5,4.7,5.7,6.8,6.8,6.5,5.9,5.4,5.2,6.0,7.6,9.5,11.2,10.8,10.0,10.5,10.7,11.5,12.2,12.7,12.9
2026-07-29T05:00:00Z,,,0.0,0.0,0.0,0.0,0.0,0.0,0.0,0.0,0.0,0.0,0.0,0.0,0.0,0.0,0.0,0.0,0.0,0.0,0.0,0.0,0.0,0.0,0.0,0.0
2026-07-29T05:30:00Z,ok,,6.6,7.3,7.8,8.7,9.8,9.8,8.8,6.9,5.3,4.5,5.0,6.3,8.1,8.7,8.0,6.0,4.3,3.4,3.2,3.4,3.7,3.8,4.0,4.0
2026-07-29T06:00:00Z,,,0.0,0.0,0.0,0.0,0.0,0.0,0.0,0.0,0.0,0.0,0.0,0.0,0.0,0.0,0.0,0.0,0.0,0.0,0.0,0.0,0.0,0.0,0.0,0.0
2026-07-29T06:30:00Z,ok,,7.7,9.0,9.8,10.3,9.2,7.1,5.7,5.1,5.0,5.9,7.7,9.1,8.8,6.7,5.3,4.1,3.4,3.5,3.4,3.7,3.9,4.0,4.3,4.1
2026-07-29T07:00:00Z,,,0.0,0.0,0.0,0.0,0.0,0.0,0.0,0.0,0.0,0.0,0.0,0.0,0.0,0.0,0.0,0.0,0.0,0.0,0.0,0.0,0.0,0.0,0.0,0.0
2026-07-29T07:30:00Z,ok,,12.9,11.4,8.4,6.6,5.7,5.2,6.0,7.6,9.0,10.4,10.1,8.8,6.6,4.9,4.3,3.9,4.6,5.8,7.3,7.7,8.5,8.4,8.9,8.4
2026-07-29T08:00:00Z,,,0.0,0.0,0.0,0.0,0.0,0.0,0.0,0.0,0.0,0.0,0.0,0.0,0.0,0.0,0.0,0.0,0.0,0.0,0.0,0.0,0.0,0.0,0.0,0.0
2026-07-29T08:30:00Z,ok,,6.8,5.5,4.6,4.2,5.7,7.6,11.0,13.5,13.9,11.4,8.9,7.3,6.3,6.0,6.0,5.9,6.9,8.4,11.0,11.8,13.2,12.8,13.5,13.0
2026-07-29T09:00:00Z,,,0.0,0.0,0.0,0.0,0.0,0.0,0.0,0.0,0.0,0.0,0.0,0.0,0.0,0.0,0.0,0.0,0.0,0.0,0.0,0.0,0.0,0.0,0.0,0.0
2026-07-29T09:30:00Z,ok,,4.4,4.3,4.7,5.6,7.2,7.7,7.5,5.8,4.3,3.3,2.9,2.9,3.0,2.8,2.7,2.5,3.0,3.0,3.0,2.8,3.0,2.9,2.8,2.8
2026-07-29T10:00:00Z,,,0.0,0.0,0.0,0.0,0.0,0.0,0.0,0.0,0.0,0.0,0.0,0.0,0.0,0.0,0.0,0.0,0.0,0.0,0.0,0.0,0.0,0.0,0.0,0.0
2026-07-29T10:30:00Z,ok,,5.8,6.9,8.1,8.6,8.1,6.1,4.2,3.3,2.9,2.8,2.8,3.0,3.0,2.9,2.9,2.9,3.1,3.1,3.1,3.0,3.3,3.1,2.8,3.0
2026-07-29T11:00:00Z,,,0.0,0.0,0.0,0.0,0.0,0.0,0.0,0.0,0.0,0.0,0.0,0.0,0.0,0.0,0.0,0.0,0.0,0.0,0.0,0.0,0.0,0.0,0.0,0.0
2026-07-29T11:30:00Z,ok,,7.9,7.9,7.1,6.0,4.6,3.6,2.8,2.8,2.7,2.9,3.1,3.1,3.1,3.2,3.5,3.6,3.6,3.6,3.3,3.1,3.1,2.8,2.8,2.7
2026-07-29T12:00:00Z,ok,,6.4,5.9,4.9,4.0,3.2,2.7,2.4,2.4,2.4,2.6,2.8,2.9,3.0,2.9,3.0,3.0,3.2,3.4,3.3,3.2,3.3,2.9,2.8,2.7
2026-07-29T12:30:00Z,,,0.0,0.0,0.0,0.0,0.0,0.0,0.0,0.0,0.0,0.0,0.0,0.0,0.0,0.0,0.0,0.0,0.0,0.0,0.0,0.0,0.0,0.0,0.0,0.0
2026-07-29T13:00:00Z,ok,,3.9,3.3,2.7,2.3,2.2,2.2,2.3,2.4,2.5,2.8,3.0,3.3,3.3,2.8,2.4,2.0,2.0,2.2,2.2,2.2,2.4,2.3,2.1,2.2
2026-07-29T13:30:00Z,ok,,3.8,3.3,2.8,2.5,2.4,2.4,2.5,2.6,2.8,3.0,3.1,3.2,2.9,2.4,2.0,1.6,1.6,1.7,1.8,1.9,2.2,2.1,2.0,2.1
2026-07-29T14:00:00Z,,,0.0,0.0,0.0,0.0,0.0,0.0,0.0,0.0,0.0,0.0,0.0,0.0,0.0,0.0,0.0,0.0,0.0,0.0,0.0,0.0,0.0,0.0,0.0,0.0
2026-07-29T14:30:00Z,ok,,2.6,2.5,2.5,2.6,2.5,2.6,2.8,2.9,3.2,3.2,3.0,2.8,2.5,2.1,2.0,2.2,2.8,3.7,3.8,3.8,3.8,3.7,3.5,3.2
2026-07-29T15:00:00Z,,,0.0,0.0,0.0,0.0,0.0,0.0,0.0,0.0,0.0,0.0,0.0,0.0,0.0,0.0,0.0,0.0,0.0,0.0,0.0,0.0,0.0,0.0,0.0,0.0
2026-07-29T15:30:00Z,ok,,3.1,3.2,3.1,3.2,3.4,3.5,3.6,3.6,3.4,3.0,2.7,2.4,2.4,2.5,2.7,2.8,3.0,2.9,2.8,2.7,2.7,2.6,2.5,2.4
2026-07-29T16:00:00Z,ok,,3.7,3.7,3.6,3.5,3.7,3.7,3.6,3.4,2.9,2.3,2.0,1.9,2.3,2.8,3.2,3.2,2.7,2.1,1.9,1.8,1.9,1.9,1.9,1.9
2026-07-29T16:30:00Z,ok,,3.1,3.3,3.4,3.5,3.8,3.8,3.5,3.0,2.4,2.0,1.9,2.1,2.6,3.1,3.1,2.6,2.0,1.5,1.5,1.5,1.6,1.7,1.7,1.6
2026-07-29T17:00:00Z,ok,,3.1,3.2,3.3,3.4,3.5,3.3,2.9,2.4,1.9,1.8,2.1,2.5,2.9,2.9,2.5,1.8,1.3,0.9,0.9,1.0,1.1,1.1,1.1,1.1
2026-07-29T17:30:00Z,ok,,3.1,3.3,3.4,3.5,3.2,2.8,2.3,2.0,1.8,2.0,2.5,3.0,3.0,2.5,1.9,1.3,1.2,1.2,1.3,1.5,1.6,1.6,1.6,1.5
2026-07-29T18:00:00Z,ok,,2.4,2.6,2.8,2.8,2.5,2.1,1.8,1.8,2.0,2.4,3.0,3.1,2.7,2.0,1.6,1.3,1.4,1.7,1.8,1.9,2.0,1.9,1.9,1.8
2026-07-29T18:30:00Z,ok,,3.5,3.3,3.1,2.8,2.3,1.9,1.9,2.0,2.6,3.1,3.3,2.9,2.3,1.7,1.5,1.5,1.7,2.2,2.2,2.2,2.4,2.4,2.3,2.3
2026-07-29T19:00:00Z,ok,,4.0,3.6,3.1,2.6,2.3,2.2,2.3,2.6,3.2,3.4,3.0,2.4,1.9,1.6,1.6,1.7,2.1,2.6,2.7,2.7,2.9,2.8,2.7,2.7
2026-07-29T19:30:00Z,ok,,3.2,2.9,2.4,2.2,2.1,2.4,2.8,3.1,3.3,2.9,2.3,1.8,1.6,1.5,1.6,1.7,1.8,2.0,2.0,2.0,2.2,2.2,2.1,2.2
2026-07-29T20:00:00Z,ok,,3.8,3.3,2.8,2.5,2.7,3.1,3.5,3.4,3.1,2.5,2.0,1.7,1.8,1.9,2.0,2.0,2.2,2.4,2.6,2.8,3.0,3.0,3.0,2.9
2026-07-29T20:30:00Z,ok,,2.9,2.7,2.6,2.7,3.2,3.6,3.5,3.0,2.4,1.9,1.6,1.7,1.9,2.0,2.0,1.9,2.2,2.4,2.7,2.8,2.9,3.0,2.8,2.7
2026-07-29T21:00:00Z,ok,,2.4,2.5,2.7,3.1,3.6,3.6,3.2,2.6,2.1,1.8,1.8,1.9,2.2,2.1,2.1,1.9,2.1,2.2,2.4,2.4,2.5,2.5,2.3,2.2
2026-07-29T21:30:00Z,ok,,1.5,1.9,2.5,3.0,3.3,2.7,2.1,1.7,1.5,1.4,1.6,1.8,1.9,1.9,2.0,2.0,2.4,2.7,2.9,2.8,3.0,2.8,2.5,2.4
2026-07-29T22:00:00Z,ok,,1.8,2.3,2.7,3.0,2.8,2.2,1.6,1.4,1.4,1.6,1.9,2.0,2.0,2.0,2.1,2.2,2.6,2.8,2.9,2.8,3.0,2.8,2.6,2.4
2026-07-29T22:30:00Z,ok,,4.5,4.5,4.0,3.5,2.8,2.3,2.0,2.1,2.3,2.6,2.7,2.7,2.6,2.7,3.1,3.3,3.6,3.6,3.3,3.0,2.9,2.7,2.6,2.4
2026-07-29T23:00:00Z,ok,,4.9,4.4,3.6,2.7,2.2,1.9,1.8,2.1,2.3,2.4,2.4,2.4,2.6,2.9,3.2,3.2,3.1,2.7,2.5,2.4,2.5,2.4,2.4,2.3
2026-07-29T23:30:00Z,ok,,5.1,4.1,3.1,2.5,2.1,2.2,2.4,2.6,2.8,2.8,2.7,2.8,3.0,3.1,3.2,3.1,3.1,3.0,2.7,2.6,2.6,2.4,2.3,2.4
2026-07-30T00:00:00Z,ok,,3.9,3.2,2.5,2.1,2.1,2.3,2.6,2.8,2.8,2.8,2.8,3.0,3.2,3.2,3.1,2.9,2.8,2.6,2.4,2.2,2.3,2.2,2.1,2.2
2026-07-30T00:30:00Z,ok,,3.5,2.9,2.5,2.3,2.4,2.5,2.8,2.9,3.0,3.1,3.2,3.3,3.4,3.1,3.0,2.8,2.8,2.7,2.6,2.5,2.6,2.5,2.4,2.5
2026-07-30T01:00:00Z,ok,,2.8,2.6,2.5,2.5,2.7,2.8,2.9,3.0,3.2,3.4,3.5,3.5,3.4,3.1,3.0,2.9,3.1,3.2,3.1,2.8,2.8,2.7,2.5,2.5
2026-07-30T01:30:00Z,,,0.0,0.0,0.0,0.0,0.0,0.0,0.0,0.0,0.0,0.0,0.0,0.0,0.0,0.0,0.0,0.0,0.0,0.0,0.0,0.0,0.0,0.0,0.0,0.0
2026-07-30T02:00:00Z,ok,,3.0,3.1,3.1,3.1,3.2,3.3,3.5,3.6,3.6,3.6,3.6,3.6,3.5,3.2,2.9,2.6,2.7,3.1,3.0,2.9,2.9,2.7,2.6,2.4
2026-07-30T02:30:00Z,,,0.0,0.0,0.0,0.0,0.0,0.0,0.0,0.0,0.0,0.0,0.0,0.0,0.0,0.0,0.0,0.0,0.0,0.0,0.0,0.0,0.0,0.0,0.0,0.0
2026-07-30T03:00:00Z,,,0.0,0.0,0.0,0.0,0.0,0.0,0.0,0.0,0.0,0.0,0.0,0.0,0.0,0.0,0.0,0.0,0.0,0.0,0.0,0.0,0.0,0.0,0.0,0.0
2026-07-30T03:30:00Z,ok,,3.7,3.7,3.5,3.6,3.6,3.7,3.7,3.6,3.3,3.1,2.9,2.6,2.2,1.8,1.4,1.1,1.1,1.1,1.1,1.2,1.3,1.3,1.3,1.3
2026-07-30T04:00:00Z,,,0.0,0.0,0.0,0.0,0.0,0.0,0.0,0.0,0.0,0.0,0.0,0.0,0.0,0.0,0.0,0.0,0.0,0.0,0.0,0.0,0.0,0.0,0.0,0.0
2026-07-30T04:30:00Z,ok,,3.8,3.7,3.5,3.6,3.7,3.6,3.6,3.4,3.1,2.7,2.4,2.1,2.0,1.8,2.0,2.0,2.2,2.1,1.8,1.6,1.6,1.5,1.5,1.5
2026-07-30T05:00:00Z,,,0.0,0.0,0.0,0.0,0.0,0.0,0.0,0.0,0.0,0.0,0.0,0.0,0.0,0.0,0.0,0.0,0.0,0.0,0.0,0.0,0.0,0.0,0.0,0.0
2026-07-30T05:30:00Z,ok,,5.1,4.8,4.2,3.8,3.7,3.5,3.3,3.0,2.6,2.2,2.0,2.0,2.3,2.8,3.4,3.6,3.3,2.7,2.6,2.5,2.6,2.6,2.6,2.6
2026-07-30T06:00:00Z,,,0.0,0.0,0.0,0.0,0.0,0.0,0.0,0.0,0.0,0.0,0.0,0.0,0.0,0.0,0.0,0.0,0.0,0.0,0.0,0.0,0.0,0.0,0.0,0.0
2026-07-30T06:30:00Z,ok,,4.0,3.9,3.7,3.5,3.5,3.2,2.7,2.4,2.2,2.3,2.4,3.0,3.4,3.5,3.3,3.0,3.3,3.7,4.0,4.1,4.0,3.8,3.4,3.1
2026-07-30T07:00:00Z,,,0.0,0.0,0.0,0.0,0.0,0.0,0.0,0.0,0.0,0.0,0.0,0.0,0.0,0.0,0.0,0.0,0.0,0.0,0.0,0.0,0.0,0.0,0.0,0.0
2026-07-30T07:30:00Z,ok,,3.8,3.6,3.3,3.0,2.6,2.1,1.8,1.7,1.9,2.4,3.0,3.3,3.1,2.6,2.5,2.5,3.0,3.4,3.3,3.2,3.0,2.9,2.7,2.6
2026-07-30T08:00:00Z,ok,,3.3,3.2,2.9,2.6,2.2,1.9,1.8,2.0,2.8,3.4,3.6,3.3,2.9,2.6,2.7,2.7,2.9,2.9,2.7,2.4,2.4,2.3,2.1,2.1
2026-07-30T08:30:00Z,,,0.0,0.0,0.0,0.0,0.0,0.0,0.0,0.0,0.0,0.0,0.0,0.0,0.0,0.0,0.0,0.0,0.0,0.0,0.0,0.0,0.0,0.0,0.0,0.0
2026-07-30T09:00:00Z,ok,,3.2,2.8,2.4,2.2,2.3,2.6,3.0,3.6,3.9,3.9,3.7,3.7,3.6,3.6,3.6,3.6,4.5,5.4,5.5,5.3,4.9,4.5,4.2,3.8
2026-07-30T09:30:00Z,,,0.0,0.0,0.0,0.0,0.0,0.0,0.0,0.0,0.0,0.0,0.0,0.0,0.0,0.0,0.0,0.0,0.0,0.0,0.0,0.0,0.0,0.0,0.0,0.0
2026-07-30T10:00:00Z,ok,,2.8,2.5,2.3,2.5,3.0,3.5,3.9,3.8,3.6,3.4,3.4,3.5,3.8,3.6,3.7,3.5,3.7,3.4,3.2,2.9,2.9,2.8,2.6,2.7
2026-07-30T10:30:00Z,ok,,3.0,2.9,3.0,3.2,3.6,3.7,3.6,3.5,3.5,3.6,3.5,3.8,4.0,4.0,4.2,4.0,4.6,5.0,5.1,4.9,4.8,4.6,4.2,3.9
2026-07-30T11:00:00Z,,,0.0,0.0,0.0,0.0,0.0,0.0,0.0,0.0,0.0,0.0,0.0,0.0,0.0,0.0,0.0,0.0,0.0,0.0,0.0,0.0,0.0,0.0,0.0,0.0
2026-07-30T11:30:00Z,ok,,3.1,3.6,3.9,4.1,4.2,3.9,3.6,3.6,3.9,3.9,3.9,3.8,3.9,3.8,3.8,3.6,3.5,3.4,3.2,3.2,3.1,3.1,2.9,2.7
2026-07-30T12:00:00Z,ok,,4.0,4.4,4.4,4.2,4.0,3.8,3.6,3.6,3.6,3.7,3.7,3.7,3.7,3.6,3.5,3.2,3.2,3.3,3.2,3.3,3.2,3.1,3.0,2.7
2026-07-30T12:30:00Z,ok,,4.5,4.6,4.3,4.0,3.8,3.7,3.6,3.7,3.8,4.1,4.0,4.0,4.0,3.8,3.6,3.5,3.8,4.4,4.4,4.5,4.4,4.1,3.9,3.6
2026-07-30T13:00:00Z,ok,,4.2,4.1,3.9,3.7,3.6,3.6,3.6,3.8,4.0,4.3,4.2,4.2,4.2,3.9,3.8,3.7,4.3,4.9,4.8,4.6,4.4,4.1,3.9,3.5
2026-07-30T13:30:00Z,,,0.0,0.0,0.0,0.0,0.0,0.0,0.0,0.0,0.0,0.0,0.0,0.0,0.0,0.0,0.0,0.0,0.0,0.0,0.0,0.0,0.0,0.0,0.0,0.0
2026-07-30T14:00:00Z,ok,,3.8,3.7,3.5,3.5,3.7,3.7,3.9,4.1,4.1,3.9,3.7,3.4,3.4,3.3,3.7,3.8,3.7,3.1,2.6,2.4,2.5,2.3,2.3,2.3
2026-07-30T14:30:00Z,,,0.0,0.0,0.0,0.0,0.0,0.0,0.0,0.0,0.0,0.0,0.0,0.0,0.0,0.0,0.0,0.0,0.0,0.0,0.0,0.0,0.0,0.0,0.0,0.0
2026-07-30T15:00:00Z,ok,,3.6,3.6,3.5,3.5,3.7,3.9,3.9,3.7,3.5,3.2,3.1,3.1,3.5,3.6,3.5,2.9,2.2,1.5,1.3,1.3,1.5,1.5,1.6,1.7
2026-07-30T15:30:00Z,ok,,4.0,4.0,4.0,3.9,4.0,4.2,4.0,3.7,3.4,3.2,3.2,3.5,3.7,3.6,3.0,2.2,1.9,1.9,2.0,2.3,2.4,2.4,2.3,2.3
2026-07-30T16:00:00Z,ok,,4.3,4.3,4.3,4.3,4.2,4.1,3.8,3.5,3.3,3.4,3.6,3.9,3.7,3.0,2.4,1.8,1.7,1.8,1.8,1.9,2.0,2.0,2.0,1.9
2026-07-30T16:30:00Z,,,0.0,0.0,0.0,0.0,0.0,0.0,0.0,0.0,0.0,0.0,0.0,0.0,0.0,0.0,0.0,0.0,0.0,0.0,0.0,0.0,0.0,0.0,0.0,0.0
2026-07-30T17:00:00Z,ok,,4.8,4.7,4.5,4.2,3.6,3.4,3.4,3.5,3.8,4.0,3.9,3.4,2.8,2.1,2.0,2.1,2.7,3.6,3.6,3.6,3.5,3.4,3.4,3.1
2026-07-30T17:30:00Z,ok,,3.8,3.7,3.5,3.8,4.0,4.0,4.1,3.9,4.0,3.9,3.9,3.9,3.7,3.1,2.9,2.5,2.7,2.5,2.2,1.7,1.7,1.5,1.3,1.3
2026-07-30T18:00:00Z,ok,,4.4,4.5,4.5,4.6,4.6,4.5,4.7,4.8,4.7,4.3,3.9,3.3,2.8,2.4,2.4,2.5,3.2,3.6,3.3,3.1,3.0,2.7,2.6,2.5
2026-07-30T18:30:00Z,ok,,3.8,4.3,4.5,5.0,5.0,4.3,4.1,3.8,3.8,3.5,2.9,2.3,2.0,2.0,2.5,3.1,3.8,3.5,3.0,2.4,2.4,2.1,2.1,2.1
2026-07-30T19:00:00Z,ok,,4.7,4.9,4.9,5.0,5.3,5.3,4.9,4.3,3.6,2.6,2.0,1.7,1.7,1.9,2.2,2.3,2.6,2.6,2.5,2.4,2.3,2.3,2.3,2.3
2026-07-30T19:30:00Z,ok,,5.5,5.0,4.5,4.4,4.6,4.2,3.8,3.1,2.5,1.9,1.7,1.8,2.2,2.5,3.0,2.8,2.8,2.3,2.0,1.7,1.8,1.6,1.5,1.5
2026-07-30T20:00:00Z,,,0.0,0.0,0.0,0.0,0.0,0.0,0.0,0.0,0.0,0.0,0.0,0.0,0.0,0.0,0.0,0.0,0.0,0.0,0.0,0.0,0.0,0.0,0.0,0.0
2026-07-30T20:30:00Z,ok,,4.0,4.2,4.2,4.0,3.8,3.0,2.4,2.0,1.8,1.7,2.0,2.2,2.4,2.3,2.4,2.1,1.7,1.3,1.1,1.0,1.2,1.1,1.1,1.2
2026-07-30T21:00:00Z,,,0.0,0.0,0.0,0.0,0.0,0.0,0.0,0.0,0.0,0.0,0.0,0.0,0.0,0.0,0.0,0.0,0.0,0.0,0.0,0.0,0.0,0.0,0.0,0.0
2026-07-30T21:30:00Z,ok,,3.8,3.9,3.9,4.0,3.8,3.5,3.1,2.8,2.9,2.9,3.3,3.6,3.5,2.9,2.5,2.0,2.0,2.0,1.8,1.5,1.4,1.2,1.1,1.0
2026-07-30T22:00:00Z,ok,,5.0,5.1,4.9,4.7,4.2,3.8,3.8,3.8,4.0,4.0,3.9,3.5,3.0,2.6,2.7,2.9,3.7,4.4,4.1,3.6,3.4,2.9,2.8,2.7
2026-07-30T22:30:00Z,ok,,3.3,3.6,3.4,3.4,3.0,2.7,2.6,2.8,3.4,3.5,3.3,2.7,2.3,2.2,2.6,3.3,4.0,4.1,3.5,2.9,2.7,2.5,2.3,2.2
2026-07-30T23:00:00Z,ok,,4.7,4.1,3.5,2.7,2.8,3.1,3.4,3.7,3.9,3.6,2.9,2.5,2.5,2.5,2.6,2.5,2.8,3.1,3.3,3.5,3.5,3.5,3.3,3.2
2026-07-30T23:30:00Z,ok,,3.4,2.7,2.2,2.1,2.7,3.1,3.5,3.3,2.9,2.4,2.1,2.1,2.4,2.7,3.2,3.2,3.6,3.5,3.2,3.0,3.1,2.9,2.6,2.5
2026-07-31T00:00:00Z,ok,,3.8,3.2,3.0,3.0,3.9,4.8,5.8,5.5,4.7,4.0,3.4,3.2,3.7,4.3,4.9,5.8,6.3,5.7,5.2,4.9,4.7,4.7,4.6,4.6
2026-07-31T00:30:00Z,ok,,1.1,1.4,1.8,2.3,3.1,3.4,3.3,2.9,2.5,2.2,2.2,2.5,2.9,3.3,4.0,4.3,4.0,3.3,3.2,3.3,3.7,3.7,3.8,3.8
2026-07-31T01:00:00Z,,,0.0,0.0,0.0,0.0,0.0,0.0,0.0,0.0,0.0,0.0,0.0,0.0,0.0,0.0,0.0,0.0,0.0,0.0,0.0,0.0,0.0,0.0,0.0,0.0
2026-07-31T01:30:00Z,ok,,3.6,4.0,4.1,4.0,4.0,3.6,3.2,3.2,3.5,4.1,4.5,5.2,5.5,5.2,4.4,3.6,2.9,2.6,2.5,2.7,2.6,2.6,2.6,2.4
2026-07-31T02:00:00Z,ok,,3.7,4.0,4.1,4.1,4.4,4.7,5.0,5.3,5.4,5.3,5.0,5.0,4.9,4.7,4.4,4.2,4.1,4.3,4.1,4.1,3.8,3.6,3.6,3.3
2026-07-31T02:30:00Z,,,0.0,0.0,0.0,0.0,0.0,0.0,0.0,0.0,0.0,0.0,0.0,0.0,0.0,0.0,0.0,0.0,0.0,0.0,0.0,0.0,0.0,0.0,0.0,0.0
2026-07-31T03:00:00Z,,,0.0,0.0,0.0,0.0,0.0,0.0,0.0,0.0,0.0,0.0,0.0,0.0,0.0,0.0,0.0,0.0,0.0,0.0,0.0,0.0,0.0,0.0,0.0,0.0
2026-07-31T03:30:00Z,ok,,2.8,2.1,1.8,1.8,3.0,4.1,6.0,6.4,6.6,5.6,5.4,5.8,5.6,5.4,5.5,5.1,6.2,9.3,12.2,13.2,14.6,14.3,15.8,14.4
2026-07-31T04:00:00Z,,,0.0,0.0,0.0,0.0,0.0,0.0,0.0,0.0,0.0,0.0,0.0,0.0,0.0,0.0,0.0,0.0,0.0,0.0,0.0,0.0,0.0,0.0,0.0,0.0
2026-07-31T04:30:00Z,,,0.0,0.0,0.0,0.0,0.0,0.0,0.0,0.0,0.0,0.0,0.0,0.0,0.0,0.0,0.0,0.0,0.0,0.0,0.0,0.0,0.0,0.0,0.0,0.0
2026-07-31T05:00:00Z,failed,,0.0,0.0,0.0,0.0,0.0,0.0,0.0,0.0,0.0,0.0,0.0,0.0,0.0,0.0,0.0,0.0,0.0,0.0,0.0,0.0,0.0,0.0,0.0,0.0
2026-07-31T05:30:00Z,,,0.0,0.0,0.0,0.0,0.0,0.0,0.0,0.0,0.0,0.0,0.0,0.0,0.0,0.0,0.0,0.0,0.0,0.0,0.0,0.0,0.0,0.0,0.0,0.0
2026-07-31T06:00:00Z,ok,,6.5,5.9,5.4,4.9,5.4,5.6,5.7,5.1,4.0,3.0,2.5,2.3,2.5,2.9,3.3,3.7,4.6,5.4,5.6,5.8,5.4,5.5,5.2,4.9
2026-07-31T06:30:00Z,,,0.0,0.0,0.0,0.0,0.0,0.0,0.0,0.0,0.0,0.0,0.0,0.0,0.0,0.0,0.0,0.0,0.0,0.0,0.0,0.0,0.0,0.0,0.0,0.0
2026-07-31T07:00:00Z,ok,,7.8,7.9,7.4,6.9,6.2,5.1,3.9,3.0,2.3,2.2,2.0,2.6,3.2,3.9,4.5,4.7,4.5,4.3,4.3,4.2,4.6,4.4,4.2,4.2
2026-07-31T07:30:00Z,,,0.0,0.0,0.0,0.0,0.0,0.0,0.0,0.0,0.0,0.0,0.0,0.0,0.0,0.0,0.0,0.0,0.0,0.0,0.0,0.0,0.0,0.0,0.0,0.0
2026-07-31T08:00:00Z,ok,,3.5,3.3,3.1,3.2,3.2,2.8,2.8,2.9,3.4,4.2,4.8,5.7,6.5,6.9,7.1,6.7,5.7,5.5,5.9,6.1,6.9,7.0,7.4,7.5
2026-07-31T08:30:00Z,,,0.0,0.0,0.0,0.0,0.0,0.0,0.0,0.0,0.0,0.0,0.0,0.0,0.0,0.0,0.0,0.0,0.0,0.0,0.0,0.0,0.0,0.0,0.0,0.0
2026-07-31T09:00:00Z,ok,,5.5,4.6,3.5,2.7,2.1,1.9,1.9,2.1,2.5,3.0,3.6,3.7,3.6,3.1,2.7,2.6,2.9,3.3,3.4,3.3,3.4,3.1,3.0,3.0
2026-07-31T09:30:00Z,,,0.0,0.0,0.0,0.0,0.0,0.0,0.0,0.0,0.0,0.0,0.0,0.0,0.0,0.0,0.0,0.0,0.0,0.0,0.0,0.0,0.0,0.0,0.0,0.0
2026-07-31T10:00:00Z,ok,,3.4,2.6,2.1,1.8,1.7,2.0,2.6,3.0,3.4,3.6,3.6,3.3,2.9,2.4,2.4,2.5,3.2,4.0,3.9,3.7,3.7,3.3,3.1,3.1
2026-07-31T10:30:00Z,,,0.0,0.0,0.0,0.0,0.0,0.0,0.0,0.0,0.0,0.0,0.0,0.0,0.0,0.0,0.0,0.0,0.0,0.0,0.0,0.0,0.0,0.0,0.0,0.0
2026-07-31T11:00:00Z,ok,,2.2,2.2,2.1,2.3,2.6,3.1,3.6,3.8,3.9,3.5,3.0,2.6,2.5,2.4,2.5,2.5,2.8,2.9,2.9,2.8,2.9,2.8,2.7,2.7
2026-07-31T11:30:00Z,ok,,2.6,2.7,2.7,3.0,3.6,4.0,4.1,3.9,3.5,3.0,2.7,2.5,2.6,2.7,2.6,2.5,2.8,2.9,3.0,3.0,3.0,3.0,2.9,2.8
2026-07-31T12:00:00Z,,,0.0,0.0,0.0,0.0,0.0,0.0,0.0,0.0,0.0,0.0,0.0,0.0,0.0,0.0,0.0,0.0,0.0,0.0,0.0,0.0,0.0,0.0,0.0,0.0
2026-07-31T12:30:00Z,ok,,2.8,3.1,3.4,3.7,4.1,4.0,3.6,3.1,2.7,2.5,2.5,2.6,2.8,2.7,2.6,2.4,2.5,2.5,2.6,2.6,2.6,2.5,2.4,2.2
2026-07-31T13:00:00Z,ok,,3.4,3.9,4.1,4.2,4.2,3.7,3.1,2.8,2.6,2.7,2.7,2.8,2.9,2.8,2.7,2.6,2.9,3.1,3.3,3.3,3.3,3.2,3.0,2.9
2026-07-31T13:30:00Z,,,0.0,0.0,0.0,0.0,0.0,0.0,0.0,0.0,0.0,0.0,0.0,0.0,0.0,0.0,0.0,0.0,0.0,0.0,0.0,0.0,0.0,0.0,0.0,0.0
2026-07-31T14:00:00Z,ok,,4.7,4.6,4.1,3.6,3.1,2.7,2.5,2.5,2.7,2.9,2.9,2.9,2.8,2.7,2.7,2.6,2.9,3.1,3.1,3.1,3.1,2.9,2.8,2.6
2026-07-31T14:30:00Z,,,0.0,0.0,0.0,0.0,0.0,0.0,0.0,0.0,0.0,0.0,0.0,0.0,0.0,0.0,0.0,0.0,0.0,0.0,0.0,0.0,0.0,0.0,0.0,0.0
2026-07-31T15:00:00Z,ok,,4.5,4.0,3.3,2.8,2.5,2.5,2.7,2.7,2.9,2.9,2.7,2.6,2.7,2.6,2.6,2.4,2.5,2.4,2.4,2.4,2.5,2.5,2.4,2.4
2026-07-31T15:30:00Z,ok,,4.4,3.9,3.3,2.9,2.7,2.8,2.9,2.9,2.9,2.9,2.8,2.7,2.8,2.7,2.6,2.3,2.3,2.2,2.3,2.4,2.5,2.5,2.4,2.4
2026-07-31T16:00:00Z,ok,,3.1,3.0,2.7,2.7,2.7,2.8,2.8,2.7,2.7,2.7,2.6,2.6,2.6,2.4,2.1,1.8,1.7,1.6,1.7,1.8,2.0,2.0,2.0,2.0
2026-07-31T16:30:00Z,,,0.0,0.0,0.0,0.0,0.0,0.0,0.0,0.0,0.0,0.0,0.0,0.0,0.0,0.0,0.0,0.0,0.0,0.0,0.0,0.0,0.0,0.0,0.0,0.0
2026-07-31T17:00:00Z,ok,,2.7,2.8,2.8,2.9,2.8,2.8,2.7,2.6,2.7,2.7,2.7,2.6,2.4,2.0,1.7,1.5,1.4,1.5,1.6,1.7,2.0,2.0,2.0,1.9
2026-07-31T17:30:00Z,ok,,3.1,3.2,3.0,3.0,2.8,2.8,2.7,2.6,2.7,2.7,2.6,2.3,2.1,1.7,1.4,1.2,1.1,1.0,1.1,1.2,1.4,1.5,1.5,1.5
2026-07-31T18:00:00Z,ok,,2.2,2.4,2.4,2.5,2.4,2.5,2.5,2.5,2.5,2.4,2.2,1.9,1.6,1.3,1.1,1.0,1.0,1.2,1.4,1.6,1.8,1.8,1.8,1.8
2026-07-31T18:30:00Z,ok,,4.0,3.8,3.4,3.2,2.9,3.1,3.1,3.0,3.0,2.7,2.3,2.0,1.8,1.6,1.4,1.4,1.6,2.0,2.3,2.5,2.7,2.7,2.6,2.6
2026-07-31T19:00:00Z,ok,,4.1,3.9,3.4,3.2,3.1,3.1,3.2,3.0,2.8,2.5,2.1,1.8,1.7,1.6,1.6,1.7,2.2,2.9,3.3,3.5,3.6,3.7,3.5,3.4
2026-07-31T19:30:00Z,,,0.0,0.0,0.0,0.0,0.0,0.0,0.0,0.0,0.0,0.0,0.0,0.0,0.0,0.0,0.0,0.0,0.0,0.0,0.0,0.0,0.0,0.0,0.0,0.0
2026-07-31T20:00:00Z,ok,,4.4,4.1,3.5,3.2,3.0,2.9,2.8,2.6,2.2,1.8,1.6,1.5,1.7,2.1,2.7,3.1,3.1,2.8,2.6,2.6,2.8,2.8,2.9,2.9
2026-07-31T20:30:00Z,ok,,4.5,4.2,3.6,3.1,2.9,2.8,2.6,2.3,1.9,1.6,1.5,1.6,2.1,2.7,3.3,3.4,3.2,2.7,2.6,2.6,2.8,2.8,2.8,2.8
2026-07-31T21:00:00Z,ok,,3.4,3.3,3.0,2.6,2.5,2.3,2.0,1.8,1.5,1.4,1.5,1.9,2.6,3.3,3.4,3.1,2.7,2.4,2.4,2.8,2.9,3.0,3.1,3.0
2026-07-31T21:30:00Z,ok,,3.7,3.5,3.2,2.7,2.4,2.2,1.8,1.6,1.5,1.7,2.1,2.6,3.2,3.4,3.1,2.6,2.6,2.7,2.9,3.3,3.3,3.3,3.3,3.2
2026-07-31T22:00:00Z,ok,,3.4,3.2,2.8,2.4,2.1,1.8,1.6,1.5,1.7,2.2,2.9,3.4,3.6,3.2,2.7,2.2,2.4,3.0,3.2,3.5,3.5,3.4,3.4,3.4
2026-07-31T22:30:00Z,failed,,0.0,0.0,0.0,0.0,0.0,0.0,0.0,0.0,0.0,0.0,0.0,0.0,0.0,0.0,0.0,0.0,0.0,0.0,0.0,0.0,0.0,0.0,0.0,0.0
2026-07-31T23:00:00Z,ok,,3.2,2.8,2.3,2.0,1.7,1.6,1.8,2.2,2.9,3.5,3.8,3.4,2.8,2.2,2.1,2.1,2.3,2.3,2.2,2.0,2.1,2.1,2.0,2.2
2026-07-31T23:30:00Z,ok,,3.1,2.6,2.1,1.8,1.6,1.7,2.2,2.8,3.7,3.8,3.5,2.8,2.5,2.3,2.4,2.4,2.3,2.0,1.6,1.4,1.6,1.6,1.6,1.8
2026-08-01T00:00:00Z,ok,,2.3,1.9,1.6,1.5,1.7,2.2,3.0,3.5,3.9,3.4,2.9,2.4,2.3,2.4,2.5,2.5,2.4,2.1,1.9,1.8,2.0,1.9,1.9,2.1
2026-08-01T00:30:00Z,ok,,2.9,2.5,2.1,2.1,2.5,3.3,4.2,4.2,3.6,2.9,2.6,2.4,2.6,2.6,2.5,2.2,1.9,1.5,1.4,1.4,1.6,1.5,1.5,1.8
2026-08-01T01:00:00Z,failed,,0.0,0.0,0.0,0.0,0.0,0.0,0.0,0.0,0.0,0.0,0.0,0.0,0.0,0.0,0.0,0.0,0.0,0.0,0.0,0.0,0.0,0.0,0.0,0.0
2026-08-01T01:30:00Z,,,0.0,0.0,0.0,0.0,0.0,0.0,0.0,0.0,0.0,0.0,0.0,0.0,0.0,0.0,0.0,0.0,0.0,0.0,0.0,0.0,0.0,0.0,0.0,0.0
2026-08-01T02:00:00Z,ok,,2.4,2.7,3.1,3.6,3.8,3.4,2.9,2.5,2.3,2.3,2.6,2.6,2.3,1.6,1.2,0.9,0.8,0.8,0.9,0.9,1.0,1.0,1.0,1.0
2026-08-01T02:30:00Z,,,0.0,0.0,0.0,0.0,0.0,0.0,0.0,0.0,0.0,0.0,0.0,0.0,0.0,0.0,0.0,0.0,0.0,0.0,0.0,0.0,0.0,0.0,0.0,0.0
2026-08-01T03:00:00Z,,,0.0,0.0,0.0,0.0,0.0,0.0,0.0,0.0,0.0,0.0,0.0,0.0,0.0,0.0,0.0,0.0,0.0,0.0,0.0,0.0,0.0,0.0,0.0,0.0
2026-08-01T03:30:00Z,ok,,3.2,3.2,2.8,2.5,2.1,2.0,1.9,1.9,1.9,1.7,1.4,1.1,0.8,0.6,0.4,0.4,0.4,0.4,0.5,0.5,0.7,0.7,0.7,0.8
2026-08-01T04:00:00Z,,,0.0,0.0,0.0,0.0,0.0,0.0,0.0,0.0,0.0,0.0,0.0,0.0,0.0,0.0,0.0,0.0,0.0,0.0,0.0,0.0,0.0,0.0,0.0,0.0
2026-08-01T04:30:00Z,ok,,3.4,2.8,2.3,2.1,2.1,2.2,2.2,1.8,1.4,0.9,0.7,0.6,0.6,0.5,0.5,0.5,0.7,1.2,1.6,1.8,2.0,2.1,1.9,2.0
2026-08-01T05:00:00Z,,,0.0,0.0,0.0,0.0,0.0,0.0,0.0,0.0,0.0,0.0,0.0,0.0,0.0,0.0,0.0,0.0,0.0,0.0,0.0,0.0,0.0,0.0,0.0,0.0
2026-08-01T05:30:00Z,ok,,3.3,3.3,3.0,3.0,2.7,2.2,1.7,1.2,1.0,0.8,0.8,0.9,1.0,1.0,1.3,1.6,2.3,3.2,3.6,3.4,3.5,3.5,3.0,2.9
2026-08-01T06:00:00Z,,,0.0,0.0,0.0,0.0,0.0,0.0,0.0,0.0,0.0,0.0,0.0,0.0,0.0,0.0,0.0,0.0,0.0,0.0,0.0,0.0,0.0,0.0,0.0,0.0
2026-08-01T06:30:00Z,ok,,3.8,3.5,2.8,2.3,1.7,1.3,0.9,0.8,0.8,0.8,0.9,1.0,1.1,1.4,1.7,1.9,2.0,2.1,2.0,2.0,2.1,2.1,2.0,1.9
2026-08-01T07:00:00Z,,,0.0,0.0,0.0,0.0,0.0,0.0,0.0,0.0,0.0,0.0,0.0,0.0,0.0,0.0,0.0,0.0,0.0,0.0,0.0,0.0,0.0,0.0,0.0,0.0
2026-08-01T07:30:00Z,ok,,3.2,2.6,2.0,1.5,1.2,1.0,0.8,0.8,0.9,1.1,1.3,1.5,1.8,2.0,1.9,1.7,1.8,1.9,2.1,2.3,2.4,2.3,2.2,2.2
2026-08-01T08:00:00Z,,,0.0,0.0,0.0,0.0,0.0,0.0,0.0,0.0,0.0,0.0,0.0,0.0,0.0,0.0,0.0,0.0,0.0,0.0,0.0,0.0,0.0,0.0,0.0,0.0
2026-08-01T08:30:00Z,ok,,2.1,1.6,1.2,1.0,0.9,0.9,0.9,1.0,1.3,1.5,1.9,2.1,2.1,1.8,1.8,1.7,2.0,2.4,2.4,2.3,2.4,2.3,2.1,2.1
2026-08-01T09:00:00Z,ok,,1.9,1.6,1.2,1.1,1.0,1.1,1.2,1.5,1.9,2.2,2.4,2.2,2.1,1.9,2.0,2.2,2.6,2.7,2.6,2.4,2.4,2.3,2.1,2.2
2026-08-01T09:30:00Z,,,0.0,0.0,0.0,0.0,0.0,0.0,0.0,0.0,0.0,0.0,0.0,0.0,0.0,0.0,0.0,0.0,0.0,0.0,0.0,0.0,0.0,0.0,0.0,0.0
2026-08-01T10:00:00Z,ok,,1.6,1.5,1.3,1.3,1.4,1.6,1.9,2.3,2.6,2.4,2.2,2.0,2.2,2.4,2.6,2.5,2.3,2.0,1.9,1.8,1.9,1.9,1.7,1.8
2026-08-01T10:30:00Z,ok,,1.9,1.8,1.6,1.7,1.9,2.3,2.7,2.7,2.6,2.3,2.2,2.2,2.5,2.6,2.3,1.9,1.6,1.5,1.7,1.9,2.0,2.1,2.0,2.0
2026-08-01T11:00:00Z,ok,,2.2,2.0,2.0,2.1,2.3,2.6,2.9,2.6,2.4,2.2,2.3,2.5,2.7,2.5,2.1,1.7,1.8,2.3,2.7,2.9,3.0,3.0,2.8,2.6
2026-08-01T11:30:00Z,ok,,2.1,2.1,2.2,2.4,2.5,2.6,2.6,2.4,2.2,2.1,2.4,2.5,2.5,2.0,1.8,1.6,1.9,2.5,2.7,2.7,2.8,2.7,2.6,2.3
2026-08-01T12:00:00Z,ok,,2.3,2.4,2.6,2.8,2.7,2.4,2.3,2.3,2.5,2.6,2.7,2.5,2.1,1.7,1.8,1.9,2.5,3.3,3.3,3.2,3.3,3.1,3.0,2.8
2026-08-01T12:30:00Z,ok,,2.2,2.4,2.4,2.6,2.5,2.2,2.2,2.4,2.8,2.8,2.7,2.2,1.8,1.6,1.7,1.9,2.3,2.5,2.4,2.3,2.5,2.4,2.3,2.2
2026-08-01T13:00:00Z,ok,,2.8,2.8,2.5,2.3,2.2,2.2,2.4,2.6,2.8,2.7,2.3,2.0,1.9,2.0,2.4,2.8,3.3,3.4,3.2,2.9,2.8,2.7,2.6,2.4
2026-08-01T13:30:00Z,ok,,3.7,3.4,2.8,2.5,2.5,2.6,2.7,2.7,2.6,2.2,1.9,1.7,1.9,2.2,2.5,2.7,3.0,3.0,3.0,3.0,3.0,2.9,2.8,2.6
2026-08-01T14:00:00Z,ok,,3.8,3.3,2.8,2.6,2.8,2.9,2.9,2.7,2.3,1.8,1.7,1.8,2.2,2.5,2.9,2.9,3.1,2.8,2.6,2.4,2.4,2.3,2.2,2.2
2026-08-01T14:30:00Z,ok,,3.1,2.8,2.6,2.6,2.9,2.9,2.8,2.4,1.9,1.6,1.8,2.0,2.5,2.7,3.0,2.9,2.7,2.2,2.0,1.8,1.9,1.7,1.7,1.7
2026-08-01T15:00:00Z,ok,,2.8,2.7,2.7,2.7,2.9,2.6,2.2,1.9,1.8,1.8,2.1,2.4,2.7,2.8,2.7,2.3,2.0,1.7,1.6,1.6,1.7,1.7,1.6,1.6
2026-08-01T15:30:00Z,ok,,2.9,3.0,3.0,2.8,2.7,2.3,1.9,1.8,1.9,2.2,2.6,2.8,2.9,2.7,2.4,2.0,1.9,1.9,1.9,2.0,2.1,2.1,1.9,1.9
2026-08-01T16:00:00Z,ok,,3.2,3.0,2.7,2.5,2.2,1.9,1.8,1.8,2.3,2.6,3.0,2.9,2.7,2.3,2.2,2.0,2.1,1.9,1.7,1.5,1.5,1.4,1.3,1.3
2026-08-01T16:30:00Z,ok,,3.6,3.2,2.6,2.3,2.0,1.8,2.0,2.1,2.5,2.7,2.9,2.7,2.4,2.0,1.9,1.8,1.8,1.7,1.5,1.3,1.4,1.4,1.3,1.4
2026-08-01T17:00:00Z,ok,,3.0,2.6,2.1,1.9,1.7,1.8,2.2,2.5,2.8,2.8,2.8,2.5,2.3,1.9,1.8,1.6,1.6,1.4,1.3,1.2,1.4,1.3,1.2,1.4
2026-08-01T17:30:00Z,ok,,2.2,1.9,1.6,1.6,1.7,2.0,2.4,2.6,2.7,2.6,2.4,2.1,2.0,1.8,1.5,1.3,1.1,1.0,0.9,0.8,1.0,1.0,0.9,1.1
2026-08-01T18:00:00Z,ok,,1.8,1.7,1.6,1.7,2.0,2.3,2.7,2.7,2.5,2.2,2.0,1.8,1.7,1.5,1.2,1.0,1.1,1.3,1.4,1.4,1.5,1.5,1.4,1.4
2026-08-01T18:30:00Z,ok,,1.7,1.7,1.7,2.1,2.4,2.7,2.9,2.7,2.3,1.9,1.9,1.8,1.6,1.3,1.0,0.7,0.6,0.6,0.7,0.7,0.8,0.8,0.8,0.8
2026-08-01T19:00:00Z,ok,,1.9,2.0,2.1,2.4,2.7,2.7,2.7,2.4,2.0,1.8,1.8,1.6,1.4,1.1,0.8,0.6,0.5,0.5,0.5,0.5,0.7,0.7,0.7,0.7
2026-08-01T19:30:00Z,ok,,1.5,1.8,2.0,2.3,2.5,2.4,2.2,2.0,1.8,1.6,1.5,1.3,1.1,0.8,0.6,0.5,0.6,0.6,0.6,0.6,0.7,0.7,0.7,0.7
2026-08-01T20:00:00Z,ok,,1.9,2.1,2.2,2.4,2.4,2.2,2.0,1.8,1.7,1.4,1.3,1.0,0.9,0.7,0.5,0.4,0.4,0.4,0.4,0.4,0.6,0.6,0.6,0.6
2026-08-01T20:30:00Z,ok,,2.9,3.1,2.9,2.8,2.5,2.4,2.1,1.9,1.7,1.3,1.1,0.8,0.7,0.6,0.5,0.5,0.7,1.0,1.2,1.2,1.3,1.3,1.2,1.2
2026-08-01T21:00:00Z,ok,,3.5,3.3,2.8,2.6,2.3,2.2,2.1,1.7,1.4,1.0,0.8,0.7,0.7,0.6,0.6,0.6,0.7,0.9,1.0,1.0,1.1,1.1,1.0,1.1
2026-08-01T21:30:00Z,ok,,4.0,3.5,2.9,2.6,2.3,2.2,2.0,1.6,1.2,0.9,0.8,0.8,0.8,0.8,0.7,0.6,0.6,0.6,0.7,0.8,0.9,0.9,0.9,1.0
2026-08-01T22:00:00Z,ok,,3.3,3.0,2.5,2.3,2.0,1.8,1.5,1.2,0.9,0.7,0.7,0.7,0.7,0.7,0.6,0.5,0.5,0.5,0.6,0.7,0.9,0.9,0.9,0.9
2026-08-01T22:30:00Z,ok,,2.8,2.6,2.2,2.1,1.8,1.5,1.2,0.9,0.8,0.7,0.7,0.8,0.8,0.7,0.6,0.4,0.5,0.6,0.7,0.8,1.0,1.0,0.9,1.0
2026-08-01T23:00:00Z,ok,,3.0,2.6,2.2,2.0,1.6,1.3,1.0,0.8,0.8,0.8,0.8,0.8,0.8,0.6,0.5,0.4,0.4,0.6,0.7,0.7,0.9,0.9,0.8,0.9
2026-08-01T23:30:00Z,ok,,2.8,2.4,1.9,1.7,1.3,1.0,0.8,0.7,0.8,0.8,0.8,0.8,0.7,0.5,0.4,0.4,0.4,0.4,0.5,0.5,0.6,0.6,0.6,0.7
2026-08-02T00:00:00Z,,,0.0,0.0,0.0,0.0,0.0,0.0,0.0,0.0,0.0,0.0,0.0,0.0,0.0,0.0,0.0,0.0,0.0,0.0,0.0,0.0,0.0,0.0,0.0,0.0
2026-08-02T00:30:00Z,ok,,2.2,1.7,1.2,1.0,0.8,0.7,0.7,0.7,0.9,0.8,0.7,0.6,0.6,0.5,0.5,0.4,0.5,0.6,0.7,0.7,0.9,1.0,0.9,1.0
2026-08-02T01:00:00Z,ok,,2.0,1.5,1.1,0.9,0.9,0.8,0.9,0.8,0.9,0.8,0.7,0.7,0.7,0.6,0.5,0.4,0.4,0.3,0.3,0.3,0.5,0.6,0.5,0.7
2026-08-02T01:30:00Z,,,0.0,0.0,0.0,0.0,0.0,0.0,0.0,0.0,0.0,0.0,0.0,0.0,0.0,0.0,0.0,0.0,0.0,0.0,0.0,0.0,0.0,0.0,0.0,0.0
2026-08-02T02:00:00Z,ok,,1.7,1.4,1.2,1.2,1.2,1.2,1.2,1.0,0.9,0.7,0.7,0.7,0.7,0.6,0.5,0.3,0.3,0.4,0.6,0.6,0.9,0.9,0.9,1.0
2026-08-02T02:30:00Z,,,0.0,0.0,0.0,0.0,0.0,0.0,0.0,0.0,0.0,0.0,0.0,0.0,0.0,0.0,0.0,0.0,0.0,0.0,0.0,0.0,0.0,0.0,0.0,0.0
2026-08-02T03:00:00Z,,,0.0,0.0,0.0,0.0,0.0,0.0,0.0,0.0,0.0,0.0,0.0,0.0,0.0,0.0,0.0,0.0,0.0,0.0,0.0,0.0,0.0,0.0,0.0,0.0
2026-08-02T03:30:00Z,ok,,1.9,1.8,1.5,1.4,1.2,1.1,1.0,0.9,0.9,0.8,0.7,0.6,0.6,0.5,0.4,0.4,0.5,0.5,0.7,0.8,1.0,1.1,1.1,1.2
2026-08-02T04:00:00Z,,,0.0,0.0,0.0,0.0,0.0,0.0,0.0,0.0,0.0,0.0,0.0,0.0,0.0,0.0,0.0,0.0,0.0,0.0,0.0,0.0,0.0,0.0,0.0,0.0
2026-08-02T04:30:00Z,ok,,2.5,2.1,1.7,1.5,1.3,1.4,1.4,1.2,1.0,0.9,0.7,0.8,0.8,0.9,0.9,1.0,1.2,1.5,1.9,2.2,2.4,2.5,2.4,2.4
2026-08-02T05:00:00Z,,,0.0,0.0,0.0,0.0,0.0,0.0,0.0,0.0,0.0,0.0,0.0,0.0,0.0,0.0,0.0,0.0,0.0,0.0,0.0,0.0,0.0,0.0,0.0,0.0
2026-08-02T05:30:00Z,,,0.0,0.0,0.0,0.0,0.0,0.0,0.0,0.0,0.0,0.0,0.0,0.0,0.0,0.0,0.0,0.0,0.0,0.0,0.0,0.0,0.0,0.0,0.0,0.0
2026-08-02T06:00:00Z,ok,,1.9,1.7,1.5,1.4,1.3,1.2,1.1,0.9,0.9,0.9,0.9,1.0,1.1,1.1,1.2,1.2,1.5,1.9,2.2,2.3,2.4,2.4,2.1,2.1
2026-08-02T06:30:00Z,,,0.0,0.0,0.0,0.0,0.0,0.0,0.0,0.0,0.0,0.0,0.0,0.0,0.0,0.0,0.0,0.0,0.0,0.0,0.0,0.0,0.0,0.0,0.0,0.0
2026-08-02T07:00:00Z,ok,,2.5,2.1,1.7,1.4,1.2,1.1,1.1,1.0,1.1,1.1,1.1,1.1,1.2,1.2,1.3,1.4,1.7,1.9,2.0,1.9,2.1,2.0,1.8,1.8
2026-08-02T07:30:00Z,ok,,2.5,2.0,1.6,1.3,1.2,1.1,1.1,1.1,1.3,1.3,1.3,1.3,1.3,1.3,1.3,1.2,1.3,1.4,1.4,1.4,1.5,1.5,1.4,1.4
2026-08-02T08:00:00Z,,,0.0,0.0,0.0,0.0,0.0,0.0,0.0,0.0,0.0,0.0,0.0,0.0,0.0,0.0,0.0,0.0,0.0,0.0,0.0,0.0,0.0,0.0,0.0,0.0
2026-08-02T08:30:00Z,ok,,2.0,1.6,1.4,1.3,1.4,1.4,1.5,1.5,1.6,1.5,1.5,1.6,1.6,1.5,1.4,1.2,1.1,1.2,1.3,1.3,1.5,1.5,1.3,1.4
2026-08-02T09:00:00Z,ok,,1.8,1.6,1.4,1.4,1.5,1.6,1.7,1.6,1.6,1.5,1.6,1.6,1.7,1.5,1.4,1.3,1.4,1.8,2.0,2.0,2.2,2.2,2.0,2.0
2026-08-02T09:30:00Z,,,0.0,0.0,0.0,0.0,0.0,0.0,0.0,0.0,0.0,0.0,0.0,0.0,0.0,0.0,0.0,0.0,0.0,0.0,0.0,0.0,0.0,0.0,0.0,0.0
2026-08-02T10:00:00Z,ok,,2.2,2.0,1.8,1.7,1.7,1.7,1.7,1.7,1.8,1.8,1.7,1.6,1.5,1.4,1.3,1.3,1.5,1.9,2.1,2.2,2.3,2.4,2.2,2.2
2026-08-02T10:30:00Z,ok,,2.2,2.1,1.8,1.8,1.8,1.7,1.8,1.8,1.9,1.8,1.7,1.5,1.5,1.4,1.4,1.5,1.8,2.2,2.3,2.3,2.4,2.4,2.2,2.2
2026-08-02T11:00:00Z,ok,,2.4,2.3,2.0,1.9,1.9,1.8,1.9,1.8,1.9,1.8,1.6,1.5,1.5,1.5,1.6,1.7,2.1,2.4,2.5,2.5,2.6,2.6,2.4,2.3
2026-08-02T11:30:00Z,failed,,0.0,0.0,0.0,0.0,0.0,0.0,0.0,0.0,0.0,0.0,0.0,0.0,0.0,0.0,0.0,0.0,0.0,0.0,0.0,0.0,0.0,0.0,0.0,0.0
2026-08-02T12:00:00Z,failed,,0.0,0.0,0.0,0.0,0.0,0.0,0.0,0.0,0.0,0.0,0.0,0.0,0.0,0.0,0.0,0.0,0.0,0.0,0.0,0.0,0.0,0.0,0.0,0.0
2026-08-02T12:30:00Z,ok,,3.5,3.1,2.6,2.3,2.3,2.1,2.3,2.3,2.3,2.1,2.5,3.2,5.6,8.5,13.6,16.1,14.9,13.1,13.5,13.3,16.7,18.2,18.5,20.9
2026-08-02T13:00:00Z,ok,,5.0,4.0,3.2,2.7,2.6,2.4,2.7,2.7,3.0,2.9,3.5,5.0,8.7,13.0,18.5,18.7,17.1,16.5,18.8,19.2,24.3,25.9,26.1,27.8
2026-08-02T13:30:00Z,ok,,5.7,4.5,3.5,3.1,2.7,2.5,2.8,3.1,3.5,3.8,4.8,7.5,12.2,16.4,18.1,15.0,12.1,11.5,13.7,15.3,19.6,21.3,22.1,22.9
2026-08-02T14:00:00Z,ok,,4.4,3.6,2.9,2.6,2.4,2.3,2.5,3.0,3.9,5.2,7.1,10.5,13.8,15.9,16.6,16.1,19.3,27.4,36.0,39.1,40.5,38.0,37.1,35.2
2026-08-02T14:30:00Z,ok,,4.4,3.5,2.9,2.7,2.4,2.5,3.0,3.7,5.2,7.0,9.4,12.9,15.7,16.9,18.6,18.3,23.1,34.3,45.7,49.9,52.8,52.4,51.3,49.0
2026-08-02T15:00:00Z,ok,,4.3,3.4,3.0,2.7,2.7,3.0,4.0,5.4,8.2,10.7,13.4,15.1,16.1,17.0,20.6,24.0,34.9,52.3,64.5,66.7,67.5,63.0,61.5,58.3
2026-08-02T15:30:00Z,failed,,0.0,0.0,0.0,0.0,0.0,0.0,0.0,0.0,0.0,0.0,0.0,0.0,0.0,0.0,0.0,0.0,0.0,0.0,0.0,0.0,0.0,0.0,0.0,0.0
2026-08-02T16:00:00Z,ok,,4.8,4.0,3.9,4.1,5.3,6.5,10.1,14.0,18.8,17.6,18.1,17.5,18.8,25.4,38.0,51.8,62.9,66.7,62.0,57.8,60.5,57.6,61.8,59.6
2026-08-02T16:30:00Z,ok,,6.0,5.1,5.1,5.5,7.0,9.6,14.6,18.5,21.2,18.7,19.5,20.4,24.6,35.5,55.1,70.1,75.8,68.4,57.6,50.5,50.4,50.2,53.2,50.6
2026-08-02T17:00:00Z,ok,,7.6,7.0,7.3,8.6,11.2,16.4,21.5,23.4,23.2,20.6,23.9,28.3,36.7,50.3,68.7,76.7,78.6,69.6,58.9,50.9,48.8,47.3,50.3,47.3
2026-08-02T17:30:00Z,ok,,6.4,6.9,8.4,11.5,15.3,20.6,23.5,23.4,22.6,22.7,29.7,39.5,54.9,68.5,77.4,72.6,63.5,55.5,50.0,45.9,46.1,46.5,50.6,49.4
2026-08-02T18:00:00Z,ok,,7.1,8.4,10.9,15.5,19.4,22.4,23.7,23.6,23.9,29.0,40.8,56.5,71.6,76.0,71.4,59.3,49.2,47.6,46.2,46.8,46.6,48.2,51.8,52.4
2026-08-02T18:30:00Z,ok,,9.4,11.3,15.1,20.4,23.4,22.9,24.0,26.7,32.4,43.5,61.4,77.9,81.7,74.1,62.7,49.4,41.0,39.6,39.8,43.5,46.6,49.1,53.5,53.8
2026-08-02T19:00:00Z,ok,,14.0,15.9,19.4,22.8,24.6,22.5,24.3,31.2,44.3,62.4,78.2,81.8,73.0,61.3,52.8,42.4,36.5,32.6,33.2,36.0,40.8,45.7,48.0,48.3
2026-08-02T19:30:00Z,ok,,18.9,20.1,21.6,23.1,25.0,23.8,29.7,43.3,67.7,88.8,91.4,79.7,63.3,54.2,49.3,40.7,34.3,27.6,27.9,29.1,34.8,41.1,41.7,42.5
2026-08-02T20:00:00Z,ok,,19.4,19.7,20.0,21.8,24.5,26.8,38.5,58.7,82.6,87.6,75.4,61.4,47.7,44.0,40.8,33.7,27.0,21.8,24.2,25.2,31.9,36.4,36.4,38.5
2026-08-02T20:30:00Z,ok,,16.7,16.2,18.0,21.6,27.7,37.2,55.7,74.2,79.5,69.0,56.6,47.6,39.5,37.6,33.7,26.1,20.2,17.0,20.4,22.5,27.9,32.0,32.6,35.2
2026-08-02T21:00:00Z,ok,,19.4,19.0,22.4,29.2,40.5,59.8,80.9,85.8,72.8,56.0,48.6,43.0,37.3,32.9,27.7,21.7,18.5,18.1,20.4,22.5,24.8,27.2,28.7,29.8
2026-08-02T21:30:00Z,ok,,19.1,20.5,27.2,38.3,54.4,73.7,82.4,70.6,54.2,39.7,38.1,37.5,33.7,26.6,21.6,15.7,12.6,11.9,13.0,15.7,17.5,20.5,22.6,23.8
2026-08-02T22:00:00Z,ok,,19.8,24.3,36.5,54.6,71.5,76.0,66.4,50.1,41.1,32.6,32.4,30.6,24.8,18.2,15.8,13.2,11.4,11.2,11.5,14.0,16.5,19.1,20.6,22.8
2026-08-02T22:30:00Z,ok,,25.4,34.3,50.8,67.3,73.5,64.5,48.5,39.0,35.9,30.7,30.1,25.5,19.1,14.2,12.4,11.1,10.0,10.1,11.2,13.7,16.4,18.9,20.0,21.7
2026-08-02T23:00:00Z,ok,,40.3,56.8,71.5,78.4,71.2,56.4,41.9,35.8,34.4,30.4,26.0,18.8,13.1,10.0,9.8,10.3,11.2,12.7,14.6,15.8,17.4,19.5,19.7,20.5
2026-08-02T23:30:00Z,ok,,50.4,57.2,63.0,55.5,47.0,39.9,33.3,31.4,26.4,19.3,16.1,11.8,10.0,9.9,10.8,13.5,17.3,26.0,40.8,46.0,47.2,47.7,43.8,41.8
2026-08-03T00:00:00Z,ok,,54.3,56.9,53.6,44.6,37.6,31.9,28.6,25.1,19.7,13.8,11.1,8.9,8.4,9.3,11.4,14.5,17.9,23.9,32.1,34.0,34.3,34.5,32.9,31.2
2026-08-03T00:30:00Z,ok,,44.1,43.5,37.6,31.6,27.8,24.5,23.0,18.1,13.5,9.8,8.5,7.9,8.2,9.7,13.1,17.0,21.1,27.5,32.0,32.4,32.1,31.7,31.3,29.9
2026-08-03T01:00:00Z,,,0.0,0.0,0.0,0.0,0.0,0.0,0.0,0.0,0.0,0.0,0.0,0.0,0.0,0.0,0.0,0.0,0.0,0.0,0.0,0.0,0.0,0.0,0.0,0.0
2026-08-03T01:30:00Z,ok,,25.7,26.0,24.5,22.8,20.5,16.1,12.9,9.8,8.2,7.8,8.3,9.9,12.4,15.4,19.3,21.6,22.8,24.3,23.8,23.5,23.9,24.2,25.0,24.9
2026-08-03T02:00:00Z,,,0.0,0.0,0.0,0.0,0.0,0.0,0.0,0.0,0.0,0.0,0.0,0.0,0.0,0.0,0.0,0.0,0.0,0.0,0.0,0.0,0.0,0.0,0.0,0.0
2026-08-03T02:30:00Z,ok,,24.5,24.3,21.2,17.8,13.3,9.8,8.0,7.8,8.0,10.0,12.7,16.9,21.2,23.7,22.9,20.9,19.1,19.6,20.1,21.2,21.4,21.2,22.8,22.1
2026-08-03T03:00:00Z,,,0.0,0.0,0.0,0.0,0.0,0.0,0.0,0.0,0.0,0.0,0.0,0.0,0.0,0.0,0.0,0.0,0.0,0.0,0.0,0.0,0.0,0.0,0.0,0.0
2026-08-03T03:30:00Z,ok,,9.1,6.7,6.0,6.0,5.7,6.4,7.0,7.3,8.6,9.4,10.6,10.8,9.0,8.4,9.0,11.0,15.5,16.8,13.5,10.2,8.5,7.2,6.7,6.3
2026-08-03T04:00:00Z,,,0.0,0.0,0.0,0.0,0.0,0.0,0.0,0.0,0.0,0.0,0.0,0.0,0.0,0.0,0.0,0.0,0.0,0.0,0.0,0.0,0.0,0.0,0.0,0.0
2026-08-03T04:30:00Z,,,0.0,0.0,0.0,0.0,0.0,0.0,0.0,0.0,0.0,0.0,0.0,0.0,0.0,0.0,0.0,0.0,0.0,0.0,0.0,0.0,0.0,0.0,0.0,0.0
2026-08-03T05:00:00Z,ok,,4.7,4.3,4.3,5.2,5.8,7.6,10.1,11.0,10.4,8.5,8.6,9.9,13.5,18.8,20.8,16.2,12.1,8.0,6.8,5.6,6.3,5.8,5.7,6.0
2026-08-03T05:30:00Z,,,0.0,0.0,0.0,0.0,0.0,0.0,0.0,0.0,0.0,0.0,0.0,0.0,0.0,0.0,0.0,0.0,0.0,0.0,0.0,0.0,0.0,0.0,0.0,0.0
2026-08-03T06:00:00Z,ok,,5.8,5.7,6.2,7.6,9.1,11.5,12.7,11.6,11.9,12.9,18.5,23.1,24.6,20.7,17.1,13.5,11.4,10.5,8.9,7.8,6.7,6.9,6.8,6.6
2026-08-03T06:30:00Z,,,0.0,0.0,0.0,0.0,0.0,0.0,0.0,0.0,0.0,0.0,0.0,0.0,0.0,0.0,0.0,0.0,0.0,0.0,0.0,0.0,0.0,0.0,0.0,0.0
2026-08-03T07:00:00Z,,,0.0,0.0,0.0,0.0,0.0,0.0,0.0,0.0,0.0,0.0,0.0,0.0,0.0,0.0,0.0,0.0,0.0,0.0,0.0,0.0,0.0,0.0,0.0,0.0
2026-08-03T07:30:00Z,ok,,21.7,20.5,16.6,11.7,9.9,7.8,8.3,12.3,16.6,18.9,13.9,11.6,10.0,10.5,10.8,10.8,11.1,11.7,12.3,12.1,12.1,11.9,12.0,10.9
2026-08-03T08:00:00Z,,,0.0,0.0,0.0,0.0,0.0,0.0,0.0,0.0,0.0,0.0,0.0,0.0,0.0,0.0,0.0,0.0,0.0,0.0,0.0,0.0,0.0,0.0,0.0,0.0
2026-08-03T08:30:00Z,ok,,6.6,5.4,5.2,5.3,5.8,6.1,7.7,7.2,7.1,7.0,6.5,6.8,7.8,10.8,15.4,17.1,16.1,12.5,9.4,7.3,6.7,6.6,6.4,6.3
2026-08-03T09:00:00Z,,,0.0,0.0,0.0,0.0,0.0,0.0,0.0,0.0,0.0,0.0,0.0,0.0,0.0,0.0,0.0,0.0,0.0,0.0,0.0,0.0,0.0,0.0,0.0,0.0
2026-08-03T09:30:00Z,,,0.0,0.0,0.0,0.0,0.0,0.0,0.0,0.0,0.0,0.0,0.0,0.0,0.0,0.0,0.0,0.0,0.0,0.0,0.0,0.0,0.0,0.0,0.0,0.0
2026-08-03T10:00:00Z,ok,,8.1,10.9,17.8,29.9,34.7,25.5,21.0,16.8,15.6,17.5,18.7,19.4,21.8,25.0,29.6,36.0,34.9,33.1,31.2,29.8,32.3,32.2,33.7,35.9
2026-08-03T10:30:00Z,,,0.0,0.0,0.0,0.0,0.0,0.0,0.0,0.0,0.0,0.0,0.0,0.0,0.0,0.0,0.0,0.0,0.0,0.0,0.0,0.0,0.0,0.0,0.0,0.0
2026-08-03T11:00:00Z,ok,,25.1,33.3,37.1,35.1,27.1,21.2,17.8,17.9,18.5,22.6,23.1,25.6,26.5,28.3,31.5,32.9,34.0,33.2,31.6,31.2,34.8,33.8,31.8,32.3
2026-08-03T11:30:00Z,,,0.0,0.0,0.0,0.0,0.0,0.0,0.0,0.0,0.0,0.0,0.0,0.0,0.0,0.0,0.0,0.0,0.0,0.0,0.0,0.0,0.0,0.0,0.0,0.0
2026-08-03T12:00:00Z,,,0.0,0.0,0.0,0.0,0.0,0.0,0.0,0.0,0.0,0.0,0.0,0.0,0.0,0.0,0.0,0.0,0.0,0.0,0.0,0.0,0.0,0.0,0.0,0.0
2026-08-03T12:30:00Z,ok,,15.4,12.9,12.8,12.6,13.3,14.8,19.9,20.5,21.8,22.8,26.1,28.3,30.0,30.8,33.2,29.1,23.7,20.4,16.9,15.3,14.7,16.7,16.6,17.2
2026-08-03T13:00:00Z,,,0.0,0.0,0.0,0.0,0.0,0.0,0.0,0.0,0.0,0.0,0.0,0.0,0.0,0.0,0.0,0.0,0.0,0.0,0.0,0.0,0.0,0.0,0.0,0.0
2026-08-03T13:30:00Z,ok,,16.1,15.0,17.4,19.3,22.0,22.2,26.7,29.4,33.9,35.9,38.9,38.9,37.9,36.5,30.6,21.1,14.6,11.0,11.9,13.3,14.7,18.1,18.5,19.3
2026-08-03T14:00:00Z,ok,,18.6,18.0,22.7,28.5,34.1,32.7,37.9,40.6,43.0,43.8,47.7,46.9,44.2,38.0,28.1,18.5,12.7,11.1,12.6,15.0,16.9,19.9,21.0,22.3
2026-08-03T14:30:00Z,,,0.0,0.0,0.0,0.0,0.0,0.0,0.0,0.0,0.0,0.0,0.0,0.0,0.0,0.0,0.0,0.0,0.0,0.0,0.0,0.0,0.0,0.0,0.0,0.0
2026-08-03T15:00:00Z,ok,,22.6,24.1,27.9,30.7,35.0,35.2,32.7,30.3,32.8,32.6,37.5,33.3,24.3,14.5,10.5,8.6,7.9,8.1,7.4,7.9,8.9,9.4,9.6,10.1
2026-08-03T15:30:00Z,,,0.0,0.0,0.0,0.0,0.0,0.0,0.0,0.0,0.0,0.0,0.0,0.0,0.0,0.0,0.0,0.0,0.0,0.0,0.0,0.0,0.0,0.0,0.0,0.0
2026-08-03T16:00:00Z,ok,,23.6,24.2,25.2,25.2,24.1,23.9,26.4,28.8,27.8,22.5,17.3,11.1,8.2,6.5,6.6,8.6,11.2,15.4,18.8,18.6,17.4,17.1,16.6,16.5
2026-08-03T16:30:00Z,,,0.0,0.0,0.0,0.0,0.0,0.0,0.0,0.0,0.0,0.0,0.0,0.0,0.0,0.0,0.0,0.0,0.0,0.0,0.0,0.0,0.0,0.0,0.0,0.0
2026-08-03T17:00:00Z,ok,,24.2,23.2,23.0,23.0,25.4,26.5,25.7,19.5,13.6,9.7,7.6,6.7,6.3,7.1,9.2,13.1,19.0,24.8,27.0,26.4,23.7,22.3,21.9,21.1
2026-08-03T17:30:00Z,ok,,13.4,13.5,13.3,14.5,15.7,16.3,13.6,11.6,10.7,8.3,8.5,9.1,9.5,9.1,8.6,7.0,6.4,4.5,3.5,2.8,2.9,2.7,2.6,2.2
2026-08-03T18:00:00Z,,,0.0,0.0,0.0,0.0,0.0,0.0,0.0,0.0,0.0,0.0,0.0,0.0,0.0,0.0,0.0,0.0,0.0,0.0,0.0,0.0,0.0,0.0,0.0,0.0
2026-08-03T18:30:00Z,ok,,12.0,12.7,13.3,14.5,13.8,10.2,8.1,6.3,5.8,4.8,4.5,4.6,5.0,7.0,10.9,13.2,13.5,9.2,6.5,4.5,5.2,4.5,4.7,4.6
2026-08-03T19:00:00Z,ok,,12.4,12.8,11.6,10.6,9.4,7.3,6.2,5.9,4.9,4.0,3.9,4.8,6.3,9.3,12.4,11.6,9.2,6.1,4.8,3.8,4.7,3.7,4.1,3.9
2026-08-03T19:30:00Z,ok,,18.8,17.4,13.9,11.0,8.6,7.4,6.2,6.5,5.4,5.2,6.2,8.6,13.0,17.6,17.1,14.0,10.3,8.1,8.3,7.9,8.7,7.5,7.9,7.3
2026-08-03T20:00:00Z,ok,,12.7,10.4,8.0,6.6,5.4,6.1,5.7,5.5,5.3,5.9,9.6,14.7,18.6,17.8,14.5,11.9,10.1,9.3,10.0,8.6,7.7,7.2,6.7,6.3
2026-08-03T20:30:00Z,ok,,9.3,7.2,5.8,5.1,4.6,5.2,6.1,6.6,8.5,11.6,17.6,21.4,18.6,14.2,11.9,10.7,11.5,13.1,11.7,9.9,8.7,8.5,8.2,8.0
2026-08-03T21:00:00Z,ok,,6.6,8.5,11.0,12.2,11.4,9.3,7.4,6.6,7.1,8.1,8.7,8.2,6.6,4.8,4.7,4.9,6.1,6.3,5.5,4.2,4.4,3.7,3.2,3.0
2026-08-03T21:30:00Z,ok,,9.1,10.6,12.1,12.0,11.1,10.0,8.8,9.0,9.4,10.9,9.7,9.0,8.1,7.9,8.7,9.0,9.9,9.2,8.0,6.6,6.4,5.7,5.1,4.7
2026-08-03T22:00:00Z,ok,,21.8,15.3,12.0,8.9,7.8,7.2,7.3,7.7,7.7,6.7,5.8,6.3,6.3,7.7,9.7,11.7,14.2,12.8,10.2,7.8,7.3,5.6,5.5,5.0
2026-08-03T22:30:00Z,ok,,10.8,8.0,7.4,7.1,7.4,7.6,8.5,8.3,8.1,6.8,6.0,6.6,7.0,9.5,12.8,16.2,19.5,16.9,13.0,10.4,9.1,7.6,7.6,7.0
2026-08-03T23:00:00Z,failed,,0.0,0.0,0.0,0.0,0.0,0.0,0.0,0.0,0.0,0.0,0.0,0.0,0.0,0.0,0.0,0.0,0.0,0.0,0.0,0.0,0.0,0.0,0.0,0.0
2026-08-03T23:30:00Z,ok,,6.0,5.5,7.5,10.7,17.0,23.3,26.5,19.5,14.3,12.8,13.9,17.1,19.8,19.6,19.8,17.0,16.6,18.3,20.6,19.7,18.4,18.7,19.3,18.8
2026-08-04T00:00:00Z,ok,,3.9,4.7,8.1,13.7,21.6,22.6,21.3,16.9,14.0,14.3,13.9,14.7,15.9,16.4,17.7,19.0,20.3,22.4,26.0,24.7,24.4,25.1,25.9,25.8
2026-08-04T00:30:00Z,ok,,4.2,5.1,6.4,9.2,11.2,10.6,9.3,8.2,9.2,8.6,8.9,9.4,8.6,7.8,7.0,5.8,5.3,4.1,3.2,2.5,2.5,2.3,2.2,1.9
2026-08-04T01:00:00Z,ok,,7.0,9.2,11.3,13.6,13.3,10.6,8.3,7.6,8.4,8.2,8.2,7.8,6.6,6.0,6.1,5.6,5.7,4.7,3.7,2.8,3.0,2.6,2.3,2.1
2026-08-04T01:30:00Z,,,0.0,0.0,0.0,0.0,0.0,0.0,0.0,0.0,0.0,0.0,0.0,0.0,0.0,0.0,0.0,0.0,0.0,0.0,0.0,0.0,0.0,0.0,0.0,0.0
2026-08-04T02:00:00Z,ok,,22.5,20.3,17.7,12.8,11.1,8.8,9.0,10.3,11.2,11.3,8.9,7.9,7.6,8.1,9.8,10.1,10.0,9.1,7.9,7.0,6.8,6.5,6.4,6.2
2026-08-04T02:30:00Z,,,0.0,0.0,0.0,0.0,0.0,0.0,0.0,0.0,0.0,0.0,0.0,0.0,0.0,0.0,0.0,0.0,0.0,0.0,0.0,0.0,0.0,0.0,0.0,0.0
2026-08-04T03:00:00Z,,,0.0,0.0,0.0,0.0,0.0,0.0,0.0,0.0,0.0,0.0,0.0,0.0,0.0,0.0,0.0,0.0,0.0,0.0,0.0,0.0,0.0,0.0,0.0,0.0
2026-08-04T03:30:00Z,ok,,10.2,9.1,9.0,9.4,10.5,11.6,12.2,10.8,9.5,9.1,9.6,11.0,10.7,9.2,8.2,7.1,7.1,7.1,6.3,5.6,5.2,4.7,4.7,4.3
2026-08-04T04:00:00Z,,,0.0,0.0,0.0,0.0,0.0,0.0,0.0,0.0,0.0,0.0,0.0,0.0,0.0,0.0,0.0,0.0,0.0,0.0,0.0,0.0,0.0,0.0,0.0,0.0
2026-08-04T04:30:00Z,ok,,3.3,3.3,3.5,4.2,4.6,4.3,4.2,3.8,4.2,4.1,3.9,4.0,3.6,3.1,3.3,3.1,3.6,3.4,2.8,2.1,1.9,1.7,1.4,1.3
2026-08-04T05:00:00Z,,,0.0,0.0,0.0,0.0,0.0,0.0,0.0,0.0,0.0,0.0,0.0,0.0,0.0,0.0,0.0,0.0,0.0,0.0,0.0,0.0,0.0,0.0,0.0,0.0
2026-08-04T05:30:00Z,ok,,4.8,4.4,4.1,4.3,4.5,4.5,4.5,4.4,4.8,4.5,4.3,4.3,4.0,3.6,3.9,3.7,4.3,3.9,3.3,2.4,2.3,1.9,1.7,1.6
2026-08-04T06:00:00Z,,,0.0,0.0,0.0,0.0,0.0,0.0,0.0,0.0,0.0,0.0,0.0,0.0,0.0,0.0,0.0,0.0,0.0,0.0,0.0,0.0,0.0,0.0,0.0,0.0
2026-08-04T06:30:00Z,ok,,3.6,3.5,3.5,3.8,4.1,4.0,3.9,3.5,3.6,3.3,3.2,3.2,3.1,3.0,3.1,2.8,3.0,2.8,2.4,1.8,1.7,1.5,1.3,1.2
2026-08-04T07:00:00Z,,,0.0,0.0,0.0,0.0,0.0,0.0,0.0,0.0,0.0,0.0,0.0,0.0,0.0,0.0,0.0,0.0,0.0,0.0,0.0,0.0,0.0,0.0,0.0,0.0
2026-08-04T07:30:00Z,ok,,3.8,3.7,3.6,3.9,4.2,4.1,4.0,3.7,3.8,3.6,3.5,3.5,3.5,3.1,3.1,2.8,3.1,3.0,2.5,2.0,1.9,1.7,1.5,1.4
2026-08-04T08:00:00Z,,,0.0,0.0,0.0,0.0,0.0,0.0,0.0,0.0,0.0,0.0,0.0,0.0,0.0,0.0,0.0,0.0,0.0,0.0,0.0,0.0,0.0,0.0,0.0,0.0
2026-08-04T08:30:00Z,ok,,2.9,3.0,3.1,3.5,4.1,4.1,4.1,3.9,4.1,3.9,3.8,3.8,3.8,3.6,3.8,3.5,3.5,2.9,2.4,2.0,1.9,1.7,1.6,1.5
2026-08-04T09:00:00Z,,,0.0,0.0,0.0,0.0,0.0,0.0,0.0,0.0,0.0,0.0,0.0,0.0,0.0,0.0,0.0,0.0,0.0,0.0,0.0,0.0,0.0,0.0,0.0,0.0
2026-08-04T09:30:00Z,ok,,3.0,3.0,3.1,3.5,4.1,4.2,4.3,4.1,4.1,3.9,3.7,3.8,3.9,3.6,3.7,3.4,3.5,3.2,2.7,2.3,2.2,2.0,1.8,1.7
2026-08-04T10:00:00Z,,,0.0,0.0,0.0,0.0,0.0,0.0,0.0,0.0,0.0,0.0,0.0,0.0,0.0,0.0,0.0,0.0,0.0,0.0,0.0,0.0,0.0,0.0,0.0,0.0
2026-08-04T10:30:00Z,failed,,0.0,0.0,0.0,0.0,0.0,0.0,0.0,0.0,0.0,0.0,0.0,0.0,0.0,0.0,0.0,0.0,0.0,0.0,0.0,0.0,0.0,0.0,0.0,0.0
2026-08-04T11:00:00Z,,,0.0,0.0,0.0,0.0,0.0,0.0,0.0,0.0,0.0,0.0,0.0,0.0,0.0,0.0,0.0,0.0,0.0,0.0,0.0,0.0,0.0,0.0,0.0,0.0
2026-08-04T11:30:00Z,ok,,2.5,2.6,2.8,3.1,3.6,3.8,3.7,3.4,3.2,3.0,3.0,3.3,3.5,3.3,3.1,2.7,2.7,2.5,2.3,2.0,1.9,1.8,1.6,1.4
2026-08-04T12:00:00Z,ok,,2.4,2.5,2.7,2.8,3.4,3.7,3.8,3.8,3.7,3.7,3.4,3.5,3.6,3.7,3.7,3.8,4.1,4.3,4.3,4.4,4.4,4.2,4.1,3.8
2026-08-04T12:30:00Z,,,0.0,0.0,0.0,0.0,0.0,0.0,0.0,0.0,0.0,0.0,0.0,0.0,0.0,0.0,0.0,0.0,0.0,0.0,0.0,0.0,0.0,0.0,0.0,0.0
2026-08-04T13:00:00Z,ok,,2.0,2.4,2.7,3.0,3.3,3.2,3.1,3.1,3.3,3.6,3.6,3.7,3.5,3.2,3.3,3.4,3.4,3.2,3.0,2.9,3.0,2.8,2.8,2.7
2026-08-04T13:30:00Z,ok,,2.6,3.1,3.4,3.3,3.8,3.9,4.0,4.3,4.6,5.1,4.8,5.2,5.6,5.9,6.0,5.5,5.1,4.8,5.3,5.7,6.4,6.4,6.6,6.3
2026-08-04T14:00:00Z,,,0.0,0.0,0.0,0.0,0.0,0.0,0.0,0.0,0.0,0.0,0.0,0.0,0.0,0.0,0.0,0.0,0.0,0.0,0.0,0.0,0.0,0.0,0.0,0.0
2026-08-04T14:30:00Z,ok,,2.0,2.0,2.2,2.5,3.5,4.3,5.5,5.8,5.7,5.4,5.2,5.7,5.9,6.1,6.2,5.6,5.0,4.7,4.6,4.4,4.7,4.4,4.5,4.3
2026-08-04T15:00:00Z,,,0.0,0.0,0.0,0.0,0.0,0.0,0.0,0.0,0.0,0.0,0.0,0.0,0.0,0.0,0.0,0.0,0.0,0.0,0.0,0.0,0.0,0.0,0.0,0.0
2026-08-04T15:30:00Z,ok,,3.4,2.8,3.6,4.3,6.6,8.7,11.5,10.1,8.9,8.2,8.2,9.4,9.5,9.4,10.0,9.5,9.8,13.2,16.7,18.2,19.1,19.7,20.3,20.3
2026-08-04T16:00:00Z,ok,,3.5,2.7,2.8,2.9,4.4,5.5,8.0,8.6,8.9,8.0,7.0,6.8,6.8,7.4,8.4,8.8,9.6,11.7,14.2,14.7,15.5,15.5,16.3,15.8
2026-08-04T16:30:00Z,,,0.0,0.0,0.0,0.0,0.0,0.0,0.0,0.0,0.0,0.0,0.0,0.0,0.0,0.0,0.0,0.0,0.0,0.0,0.0,0.0,0.0,0.0,0.0,0.0
2026-08-04T17:00:00Z,ok,,3.2,3.0,3.9,4.7,7.0,9.1,12.0,11.8,10.7,9.5,8.7,9.1,9.4,10.3,11.5,11.3,11.6,14.7,20.8,23.3,26.1,27.7,28.3,28.8
2026-08-04T17:30:00Z,ok,,7.3,7.0,7.5,7.4,8.2,9.2,11.2,10.8,10.4,10.0,9.5,10.5,11.1,13.2,16.3,17.6,18.6,23.1,31.0,34.3,39.5,41.5,40.8,40.8
2026-08-04T18:00:00Z,ok,,8.2,6.3,5.0,4.0,4.8,5.7,8.1,8.2,7.8,6.5,5.6,5.9,6.7,8.8,11.1,12.1,13.8,16.8,22.1,23.9,26.5,26.3,27.3,26.1
2026-08-04T18:30:00Z,ok,,5.3,4.4,3.9,3.7,4.3,4.5,5.5,5.5,4.9,4.8,4.8,5.4,6.2,6.6,6.2,5.2,5.3,7.1,9.2,10.1,10.8,10.2,10.2,9.4
2026-08-04T19:00:00Z,ok,,13.7,13.7,13.4,11.5,10.3,9.4,10.3,10.8,10.3,11.7,11.5,12.5,12.3,12.3,12.2,11.1,10.8,13.9,19.4,22.4,24.3,24.7,24.3,23.7
2026-08-04T19:30:00Z,,,0.0,0.0,0.0,0.0,0.0,0.0,0.0,0.0,0.0,0.0,0.0,0.0,0.0,0.0,0.0,0.0,0.0,0.0,0.0,0.0,0.0,0.0,0.0,0.0
2026-08-04T20:00:00Z,ok,,11.2,8.6,7.0,5.4,5.6,5.7,7.3,8.0,8.3,8.3,7.6,7.9,7.9,8.0,8.0,7.1,7.0,9.1,11.8,13.0,13.9,13.8,13.9,13.4
2026-08-04T20:30:00Z,ok,,9.6,7.9,7.5,7.2,8.2,9.2,12.8,15.3,16.2,16.2,15.3,15.6,14.9,15.9,16.6,16.6,17.1,22.7,31.9,35.9,39.1,39.6,39.6,39.2
2026-08-04T21:00:00Z,ok,,13.0,10.1,8.5,6.8,6.9,7.2,8.7,9.7,10.3,10.9,10.3,11.4,11.5,12.3,12.3,11.3,12.3,17.0,25.8,29.6,31.9,33.1,32.5,30.9
2026-08-04T21:30:00Z,ok,,4.4,3.8,3.5,3.7,4.6,5.0,6.0,6.1,6.5,6.3,6.2,6.1,5.8,5.5,5.8,6.2,6.8,8.3,9.2,9.6,10.5,10.3,11.2,10.8
2026-08-04T22:00:00Z,ok,,7.0,6.4,6.8,6.9,7.6,7.6,8.9,11.0,13.1,13.7,12.7,11.4,10.9,12.1,14.2,15.8,16.0,17.1,22.7,24.6,28.1,30.1,30.7,31.4
2026-08-04T22:30:00Z,ok,,4.2,4.1,3.8,3.5,3.3,2.9,2.7,2.7,2.7,2.6,2.5,2.4,2.6,2.8,3.4,3.5,3.3,2.7,2.4,2.1,2.2,2.1,2.1,2.0
2026-08-04T23:00:00Z,ok,,5.2,4.9,4.3,3.7,3.3,3.2,3.0,2.9,2.8,2.6,2.5,2.6,3.1,3.7,4.0,3.9,3.5,3.1,2.9,3.0,3.0,3.1,3.0,2.9
2026-08-04T23:30:00Z,ok,,5.4,4.9,4.3,3.8,3.5,3.3,3.1,2.9,2.7,2.5,2.6,2.9,3.4,4.0,4.1,3.6,3.0,2.3,2.1,2.1,2.2,2.2,2.2,2.2
2026-08-05T00:00:00Z,ok,,5.5,4.9,4.2,3.7,3.3,3.2,3.0,3.0,2.9,2.9,3.2,3.6,4.0,4.0,3.9,3.7,3.9,3.9,3.8,3.6,3.5,3.2,3.1,3.0
2026-08-05T00:30:00Z,ok,,3.3,3.2,3.1,3.0,2.9,2.8,2.7,2.7,2.8,3.2,3.7,4.0,4.1,3.7,3.3,2.8,2.8,2.7,2.6,2.5,2.5,2.4,2.3,2.2
2026-08-05T01:00:00Z,ok,,3.6,3.4,3.2,3.0,2.8,2.7,2.5,2.7,3.1,3.7,4.0,4.1,3.9,3.4,3.2,2.9,3.3,3.7,3.8,3.8,3.8,3.7,3.5,3.3
2026-08-05T01:30:00Z,,,0.0,0.0,0.0,0.0,0.0,0.0,0.0,0.0,0.0,0.0,0.0,0.0,0.0,0.0,0.0,0.0,0.0,0.0,0.0,0.0,0.0,0.0,0.0,0.0
2026-08-05T02:00:00Z,ok,,3.4,3.4,3.1,3.0,2.9,2.9,3.2,3.6,4.1,4.2,4.0,3.6,3.3,3.2,3.3,3.3,3.4,3.2,2.9,2.8,2.8,2.7,2.6,2.6
2026-08-05T02:30:00Z,,,0.0,0.0,0.0,0.0,0.0,0.0,0.0,0.0,0.0,0.0,0.0,0.0,0.0,0.0,0.0,0.0,0.0,0.0,0.0,0.0,0.0,0.0,0.0,0.0
2026-08-05T03:00:00Z,ok,,3.2,3.2,3.1,3.2,3.5,4.0,4.4,4.4,4.1,3.7,3.4,3.3,3.5,3.6,3.6,3.3,3.2,2.9,2.7,2.5,2.5,2.4,2.4,2.3
2026-08-05T03:30:00Z,,,0.0,0.0,0.0,0.0,0.0,0.0,0.0,0.0,0.0,0.0,0.0,0.0,0.0,0.0,0.0,0.0,0.0,0.0,0.0,0.0,0.0,0.0,0.0,0.0
2026-08-05T04:00:00Z,,,0.0,0.0,0.0,0.0,0.0,0.0,0.0,0.0,0.0,0.0,0.0,0.0,0.0,0.0,0.0,0.0,0.0,0.0,0.0,0.0,0.0,0.0,0.0,0.0
2026-08-05T04:30:00Z,ok,,4.0,4.2,4.5,4.5,4.5,4.2,3.8,3.6,3.6,3.7,3.7,3.9,3.8,3.5,3.3,3.0,3.4,3.9,4.1,4.1,4.1,4.0,3.7,3.4
2026-08-05T05:00:00Z,,,0.0,0.0,0.0,0.0,0.0,0.0,0.0,0.0,0.0,0.0,0.0,0.0,0.0,0.0,0.0,0.0,0.0,0.0,0.0,0.0,0.0,0.0,0.0,0.0
2026-08-05T05:30:00Z,ok,,4.6,4.7,4.4,4.2,3.8,3.4,3.3,3.4,3.8,3.9,3.9,3.6,3.3,3.0,3.3,3.4,3.8,3.7,3.3,2.9,2.8,2.6,2.5,2.4
2026-08-05T06:00:00Z,ok,,4.7,4.7,4.3,3.9,3.6,3.4,3.5,3.7,4.0,3.9,3.6,3.2,3.2,3.3,3.8,4.0,4.4,4.4,4.0,3.7,3.6,3.4,3.2,3.0
2026-08-05T06:30:00Z,,,0.0,0.0,0.0,0.0,0.0,0.0,0.0,0.0,0.0,0.0,0.0,0.0,0.0,0.0,0.0,0.0,0.0,0.0,0.0,0.0,0.0,0.0,0.0,0.0
2026-08-05T07:00:00Z,ok,,3.4,3.2,3.1,3.5,4.1,4.5,4.7,4.4,4.2,3.8,3.9,4.2,4.3,4.0,3.8,3.1,3.0,2.3,2.0,1.4,1.4,1.2,1.0,1.0
2026-08-05T07:30:00Z,,,0.0,0.0,0.0,0.0,0.0,0.0,0.0,0.0,0.0,0.0,0.0,0.0,0.0,0.0,0.0,0.0,0.0,0.0,0.0,0.0,0.0,0.0,0.0,0.0
2026-08-05T08:00:00Z,ok,,3.8,4.0,4.1,4.3,4.3,4.2,4.2,4.2,4.2,4.1,4.0,3.8,3.4,2.8,2.7,2.7,3.2,3.8,3.6,3.4,3.3,3.0,2.9,2.6
2026-08-05T08:30:00Z,,,0.0,0.0,0.0,0.0,0.0,0.0,0.0,0.0,0.0,0.0,0.0,0.0,0.0,0.0,0.0,0.0,0.0,0.0,0.0,0.0,0.0,0.0,0.0,0.0
2026-08-05T09:00:00Z,ok,,3.8,4.3,4.7,4.9,4.9,4.5,4.2,4.2,4.2,3.9,3.3,2.7,2.4,2.3,2.5,2.8,3.4,3.7,3.6,3.4,3.3,3.1,2.9,2.8
2026-08-05T09:30:00Z,,,0.0,0.0,0.0,0.0,0.0,0.0,0.0,0.0,0.0,0.0,0.0,0.0,0.0,0.0,0.0,0.0,0.0,0.0,0.0,0.0,0.0,0.0,0.0,0.0
2026-08-05T10:00:00Z,ok,,6.0,5.5,4.9,4.5,4.6,4.6,4.9,4.8,4.7,4.0,3.2,2.9,3.1,3.5,4.3,4.6,4.8,4.0,3.3,2.8,2.7,2.5,2.5,2.4
2026-08-05T10:30:00Z,,,0.0,0.0,0.0,0.0,0.0,0.0,0.0,0.0,0.0,0.0,0.0,0.0,0.0,0.0,0.0,0.0,0.0,0.0,0.0,0.0,0.0,0.0,0.0,0.0
2026-08-05T11:00:00Z,ok,,2.4,2.7,3.2,4.7,6.3,7.5,7.6,6.6,5.8,4.8,4.9,5.6,6.1,6.1,6.0,4.5,3.9,2.8,2.4,1.7,1.7,1.5,1.4,1.3
2026-08-05T11:30:00Z,ok,,4.1,4.3,4.4,4.7,4.9,4.6,4.1,3.7,3.6,3.8,4.1,4.8,4.8,4.2,3.5,2.7,2.4,2.1,2.0,1.9,1.8,1.7,1.6,1.4
2026-08-05T12:00:00Z,ok,,4.6,5.1,5.4,5.4,5.3,4.9,4.6,4.4,4.2,4.1,4.0,3.8,3.5,3.2,3.0,3.0,3.5,4.2,4.1,3.9,3.8,3.4,3.3,3.1
2026-08-05T12:30:00Z,,,0.0,0.0,0.0,0.0,0.0,0.0,0.0,0.0,0.0,0.0,0.0,0.0,0.0,0.0,0.0,0.0,0.0,0.0,0.0,0.0,0.0,0.0,0.0,0.0
2026-08-05T13:00:00Z,ok,,6.2,5.8,5.0,3.9,3.7,3.7,3.9,4.4,4.7,4.8,4.0,3.5,3.3,3.1,2.9,2.5,2.4,2.7,3.1,3.4,3.6,3.6,3.7,3.5
2026-08-05T13:30:00Z,ok,,2.7,2.2,1.9,1.7,2.6,3.4,4.4,4.8,4.7,4.0,3.3,3.0,3.0,3.0,3.1,3.1,3.7,4.5,5.2,5.4,5.7,5.4,5.7,5.2
2026-08-05T14:00:00Z,,,0.0,0.0,0.0,0.0,0.0,0.0,0.0,0.0,0.0,0.0,0.0,0.0,0.0,0.0,0.0,0.0,0.0,0.0,0.0,0.0,0.0,0.0,0.0,0.0
2026-08-05T14:30:00Z,failed,,0.0,0.0,0.0,0.0,0.0,0.0,0.0,0.0,0.0,0.0,0.0,0.0,0.0,0.0,0.0,0.0,0.0,0.0,0.0,0.0,0.0,0.0,0.0,0.0
2026-08-05T15:00:00Z,ok,,0.7,1.1,2.0,2.9,4.3,4.5,4.0,3.3,2.6,1.9,1.8,1.6,1.6,1.5,1.7,1.6,1.7,2.1,2.5,2.6,2.9,3.0,3.0,2.7
2026-08-05T15:30:00Z,,,0.0,0.0,0.0,0.0,0.0,0.0,0.0,0.0,0.0,0.0,0.0,0.0,0.0,0.0,0.0,0.0,0.0,0.0,0.0,0.0,0.0,0.0,0.0,0.0
2026-08-05T16:00:00Z,ok,,3.2,3.7,3.9,4.0,3.7,3.3,2.5,2.1,1.8,1.5,1.3,1.3,1.4,1.5,1.6,1.8,2.3,2.9,3.2,3.2,3.2,3.2,2.9,2.7
2026-08-05T16:30:00Z,ok,,3.5,4.1,4.2,4.2,3.7,2.8,2.0,1.6,1.4,1.3,1.2,1.3,1.4,1.5,2.0,2.5,3.2,4.1,4.4,4.1,4.4,4.2,3.7,3.5
2026-08-05T17:00:00Z,ok,,6.9,6.4,5.2,3.9,3.1,2.4,2.0,1.7,1.6,1.7,1.3,1.6,1.8,2.4,2.8,3.0,3.2,3.3,3.7,3.5,4.0,3.8,3.6,3.4
2026-08-05T17:30:00Z,ok,,2.7,2.2,1.6,1.3,1.3,1.4,1.4,1.4,1.4,1.6,1.6,2.2,2.6,3.2,3.4,3.4,3.7,4.1,4.7,4.8,5.4,5.0,5.0,4.6
2026-08-05T18:00:00Z,ok,,1.1,0.9,1.0,1.2,1.8,2.3,3.0,3.1,3.2,3.1,3.3,3.8,4.2,4.4,4.4,4.3,4.1,4.5,4.8,5.0,5.5,5.1,5.7,5.4
2026-08-05T18:30:00Z,,,0.0,0.0,0.0,0.0,0.0,0.0,0.0,0.0,0.0,0.0,0.0,0.0,0.0,0.0,0.0,0.0,0.0,0.0,0.0,0.0,0.0,0.0,0.0,0.0
2026-08-05T19:00:00Z,ok,,0.9,0.8,0.6,0.6,0.5,0.5,0.5,0.5,0.7,1.0,1.4,1.7,1.9,1.7,1.5,1.3,1.4,1.5,1.4,1.3,1.4,1.3,1.2,1.2
2026-08-05T19:30:00Z,ok,,0.9,0.8,0.6,0.6,0.6,0.6,0.6,0.7,1.1,1.4,1.8,1.9,1.8,1.5,1.2,1.0,1.0,1.0,0.9,0.8,0.9,0.8,0.8,0.8
2026-08-05T20:00:00Z,ok,,0.9,0.8,0.7,0.7,0.7,0.8,1.0,1.1,1.5,1.7,2.0,1.9,1.7,1.4,1.1,0.9,0.9,0.9,0.9,0.8,0.9,0.8,0.7,0.8
2026-08-05T20:30:00Z,ok,,0.6,0.5,0.5,0.6,0.8,1.0,1.3,1.5,1.8,1.8,1.8,1.7,1.5,1.2,1.0,0.8,0.8,0.8,0.8,0.6,0.8,0.7,0.6,0.7
2026-08-05T21:00:00Z,ok,,1.3,1.1,1.1,1.2,1.3,1.7,2.1,2.2,2.2,2.0,1.8,1.7,1.6,1.3,1.1,1.0,1.0,1.2,1.3,1.2,1.4,1.3,1.2,1.2
2026-08-05T21:30:00Z,ok,,1.4,1.4,1.3,1.6,1.8,2.2,2.5,2.4,2.2,1.8,1.7,1.6,1.5,1.2,1.0,0.9,1.0,1.1,1.2,1.1,1.2,1.1,1.1,1.0
2026-08-05T22:00:00Z,ok,,1.8,1.9,1.9,2.2,2.5,2.7,2.9,2.6,2.3,1.9,1.7,1.6,1.6,1.3,1.2,1.1,1.4,1.8,1.9,1.9,2.1,2.0,1.9,1.7
2026-08-05T22:30:00Z,ok,,1.9,2.1,2.3,2.7,3.0,3.0,2.8,2.4,2.1,1.7,1.5,1.4,1.3,1.2,1.2,1.2,1.6,2.2,2.4,2.4,2.5,2.4,2.3,2.0
2026-08-05T23:00:00Z,ok,,2.7,2.9,3.2,3.4,3.4,3.1,2.6,2.2,2.0,1.7,1.5,1.5,1.4,1.4,1.5,1.8,2.6,3.4,3.7,3.6,3.6,3.4,3.1,2.8
2026-08-05T23:30:00Z,ok,,3.4,3.7,3.6,3.6,3.4,2.9,2.3,2.0,1.7,1.6,1.4,1.4,1.4,1.5,1.8,2.1,2.9,3.5,3.7,3.4,3.5,3.2,2.9,2.7
2026-08-06T00:00:00Z,failed,,0.0,0.0,0.0,0.0,0.0,0.0,0.0,0.0,0.0,0.0,0.0,0.0,0.0,0.0,0.0,0.0,0.0,0.0,0.0,0.0,0.0,0.0,0.0,0.0
2026-08-06T00:30:00Z,ok,,4.9,4.6,3.8,3.3,2.8,2.4,2.0,1.8,1.6,1.5,1.5,1.6,1.9,2.3,2.9,3.2,3.5,3.4,3.2,2.8,3.0,2.6,2.4,2.3
2026-08-06T01:00:00Z,ok,,3.5,3.2,2.6,2.3,2.0,1.8,1.6,1.5,1.4,1.4,1.5,1.8,2.3,2.7,3.3,3.4,3.5,3.1,2.8,2.5,2.6,2.3,2.2,2.0
2026-08-06T01:30:00Z,,,0.0,0.0,0.0,0.0,0.0,0.0,0.0,0.0,0.0,0.0,0.0,0.0,0.0,0.0,0.0,0.0,0.0,0.0,0.0,0.0,0.0,0.0,0.0,0.0
2026-08-06T02:00:00Z,ok,,2.2,2.0,1.7,1.6,1.4,1.4,1.3,1.3,1.5,1.8,2.3,2.8,3.2,3.4,3.2,2.8,2.8,2.6,2.6,2.5,2.5,2.3,2.1,2.0
2026-08-06T02:30:00Z,,,0.0,0.0,0.0,0.0,0.0,0.0,0.0,0.0,0.0,0.0,0.0,0.0,0.0,0.0,0.0,0.0,0.0,0.0,0.0,0.0,0.0,0.0,0.0,0.0
2026-08-06T03:00:00Z,ok,,2.5,2.2,1.9,1.8,1.7,1.8,1.9,2.2,2.8,3.2,3.6,3.8,3.7,3.3,3.0,2.8,3.0,3.2,3.0,2.7,2.7,2.5,2.3,2.2
2026-08-06T03:30:00Z,,,0.0,0.0,0.0,0.0,0.0,0.0,0.0,0.0,0.0,0.0,0.0,0.0,0.0,0.0,0.0,0.0,0.0,0.0,0.0,0.0,0.0,0.0,0.0,0.0
2026-08-06T04:00:00Z,,,0.0,0.0,0.0,0.0,0.0,0.0,0.0,0.0,0.0,0.0,0.0,0.0,0.0,0.0,0.0,0.0,0.0,0.0,0.0,0.0,0.0,0.0,0.0,0.0
2026-08-06T04:30:00Z,ok,,1.8,1.8,1.8,2.0,2.4,2.8,3.3,3.6,3.9,3.7,3.5,3.3,3.2,3.0,2.8,2.6,2.6,2.5,2.3,2.1,2.1,1.9,1.8,1.8
2026-08-06T05:00:00Z,,,0.0,0.0,0.0,0.0,0.0,0.0,0.0,0.0,0.0,0.0,0.0,0.0,0.0,0.0,0.0,0.0,0.0,0.0,0.0,0.0,0.0,0.0,0.0,0.0
2026-08-06T05:30:00Z,ok,,2.5,2.8,3.0,3.4,3.9,4.3,4.3,4.1,3.6,3.3,3.2,3.2,3.2,3.0,2.7,2.4,2.4,2.4,2.4,2.4,2.4,2.3,2.2,2.0
2026-08-06T06:00:00Z,ok,,3.0,3.4,3.6,3.9,4.4,4.4,4.3,4.0,3.6,3.3,3.2,3.2,3.2,2.9,2.7,2.4,2.5,2.5,2.4,2.3,2.3,2.1,2.1,1.9
2026-08-06T06:30:00Z,,,0.0,0.0,0.0,0.0,0.0,0.0,0.0,0.0,0.0,0.0,0.0,0.0,0.0,0.0,0.0,0.0,0.0,0.0,0.0,0.0,0.0,0.0,0.0,0.0
2026-08-06T07:00:00Z,ok,,3.3,3.8,4.0,4.2,4.2,3.9,3.5,3.4,3.3,3.2,3.0,2.9,2.8,2.7,2.6,2.5,2.6,2.5,2.4,2.3,2.3,2.1,2.1,1.9
2026-08-06T07:30:00Z,,,0.0,0.0,0.0,0.0,0.0,0.0,0.0,0.0,0.0,0.0,0.0,0.0,0.0,0.0,0.0,0.0,0.0,0.0,0.0,0.0,0.0,0.0,0.0,0.0
2026-08-06T08:00:00Z,ok,,4.6,4.7,4.4,4.1,3.8,3.7,3.5,3.2,3.0,2.8,2.6,2.6,2.7,2.6,2.5,2.2,2.2,2.2,2.1,2.0,2.1,1.9,1.9,1.8
2026-08-06T08:30:00Z,,,0.0,0.0,0.0,0.0,0.0,0.0,0.0,0.0,0.0,0.0,0.0,0.0,0.0,0.0,0.0,0.0,0.0,0.0,0.0,0.0,0.0,0.0,0.0,0.0
2026-08-06T09:00:00Z,ok,,3.2,3.2,3.2,3.2,3.2,3.0,2.8,2.6,2.4,2.4,2.4,2.5,2.5,2.2,2.1,1.9,2.2,2.5,2.5,2.4,2.4,2.2,2.1,1.8
2026-08-06T09:30:00Z,,,0.0,0.0,0.0,0.0,0.0,0.0,0.0,0.0,0.0,0.0,0.0,0.0,0.0,0.0,0.0,0.0,0.0,0.0,0.0,0.0,0.0,0.0,0.0,0.0
2026-08-06T10:00:00Z,ok,,2.6,2.7,2.7,2.8,2.7,2.5,2.3,2.2,2.2,2.2,2.3,2.2,2.0,1.7,1.6,1.4,1.4,1.4,1.3,1.2,1.3,1.2,1.1,1.1
2026-08-06T10:30:00Z,,,0.0,0.0,0.0,0.0,0.0,0.0,0.0,0.0,0.0,0.0,0.0,0.0,0.0,0.0,0.0,0.0,0.0,0.0,0.0,0.0,0.0,0.0,0.0,0.0
2026-08-06T11:00:00Z,ok,,2.6,2.6,2.4,2.4,2.5,2.4,2.3,2.2,2.1,2.0,1.9,1.8,1.8,1.6,1.4,1.2,1.2,1.1,1.1,1.0,1.2,1.1,1.0,1.0
2026-08-06T11:30:00Z,ok,,1.8,1.9,1.9,2.1,2.2,2.3,2.3,2.1,1.9,1.7,1.7,1.7,1.7,1.4,1.3,1.1,1.2,1.4,1.5,1.4,1.6,1.4,1.3,1.2
2026-08-06T12:00:00Z,,,0.0,0.0,0.0,0.0,0.0,0.0,0.0,0.0,0.0,0.0,0.0,0.0,0.0,0.0,0.0,0.0,0.0,0.0,0.0,0.0,0.0,0.0,0.0,0.0
2026-08-06T12:30:00Z,ok,,2.2,2.4,2.4,2.6,2.6,2.4,2.2,2.0,1.9,1.8,1.8,1.7,1.6,1.4,1.2,1.0,1.1,1.2,1.2,1.2,1.3,1.2,1.1,1.0
2026-08-06T13:00:00Z,ok,,2.4,2.5,2.5,2.6,2.6,2.3,2.1,1.9,1.9,1.8,1.8,1.7,1.5,1.3,1.1,1.0,1.2,1.3,1.3,1.2,1.3,1.2,1.1,1.0
2026-08-06T13:30:00Z,,,0.0,0.0,0.0,0.0,0.0,0.0,0.0,0.0,0.0,0.0,0.0,0.0,0.0,0.0,0.0,0.0,0.0,0.0,0.0,0.0,0.0,0.0,0.0,0.0
2026-08-06T14:00:00Z,ok,,2.5,2.6,2.5,2.5,2.3,2.2,2.0,1.8,1.6,1.5,1.4,1.3,1.3,1.1,1.0,1.0,1.1,1.2,1.2,1.2,1.3,1.2,1.1,1.0
2026-08-06T14:30:00Z,ok,,1.8,1.9,1.9,2.0,2.0,2.0,1.8,1.6,1.4,1.2,1.1,1.1,1.1,1.0,0.9,0.9,1.0,1.2,1.2,1.2,1.3,1.2,1.1,1.0
2026-08-06T15:00:00Z,,,0.0,0.0,0.0,0.0,0.0,0.0,0.0,0.0,0.0,0.0,0.0,0.0,0.0,0.0,0.0,0.0,0.0,0.0,0.0,0.0,0.0,0.0,0.0,0.0
2026-08-06T15:30:00Z,,,0.0,0.0,0.0,0.0,0.0,0.0,0.0,0.0,0.0,0.0,0.0,0.0,0.0,0.0,0.0,0.0,0.0,0.0,0.0,0.0,0.0,0.0,0.0,0.0
2026-08-06T16:00:00Z,,,0.0,0.0,0.0,0.0,0.0,0.0,0.0,0.0,0.0,0.0,0.0,0.0,0.0,0.0,0.0,0.0,0.0,0.0,0.0,0.0,0.0,0.0,0.0,0.0
2026-08-06T16:30:00Z,,,0.0,0.0,0.0,0.0,0.0,0.0,0.0,0.0,0.0,0.0,0.0,0.0,0.0,0.0,0.0,0.0,0.0,0.0,0.0,0.0,0.0,0.0,0.0,0.0
2026-08-06T17:00:00Z,,,0.0,0.0,0.0,0.0,0.0,0.0,0.0,0.0,0.0,0.0,0.0,0.0,0.0,0.0,0.0,0.0,0.0,0.0,0.0,0.0,0.0,0.0,0.0,0.0
2026-08-06T17:30:00Z,,,0.0,0.0,0.0,0.0,0.0,0.0,0.0,0.0,0.0,0.0,0.0,0.0,0.0,0.0,0.0,0.0,0.0,0.0,0.0,0.0,0.0,0.0,0.0,0.0
2026-08-06T18:00:00Z,,,0.0,0.0,0.0,0.0,0.0,0.0,0.0,0.0,0.0,0.0,0.0,0.0,0.0,0.0,0.0,0.0,0.0,0.0,0.0,0.0,0.0,0.0,0.0,0.0
2026-08-06T18:30:00Z,,,0.0,0.0,0.0,0.0,0.0,0.0,0.0,0.0,0.0,0.0,0.0,0.0,0.0,0.0,0.0,0.0,0.0,0.0,0.0,0.0,0.0,0.0,0.0,0.0
2026-08-06T19:00:00Z,,,0.0,0.0,0.0,0.0,0.0,0.0,0.0,0.0,0.0,0.0,0.0,0.0,0.0,0.0,0.0,0.0,0.0,0.0,0.0,0.0,0.0,0.0,0.0,0.0
2026-08-06T19:30:00Z,,,0.0,0.0,0.0,0.0,0.0,0.0,0.0,0.0,0.0,0.0,0.0,0.0,0.0,0.0,0.0,0.0,0.0,0.0,0.0,0.0,0.0,0.0,0.0,0.0
2026-08-06T20:00:00Z,,,0.0,0.0,0.0,0.0,0.0,0.0,0.0,0.0,0.0,0.0,0.0,0.0,0.0,0.0,0.0,0.0,0.0,0.0,0.0,0.0,0.0,0.0,0.0,0.0
2026-08-06T20:30:00Z,,,0.0,0.0,0.0,0.0,0.0,0.0,0.0,0.0,0.0,0.0,0.0,0.0,0.0,0.0,0.0,0.0,0.0,0.0,0.0,0.0,0.0,0.0,0.0,0.0
2026-08-06T21:00:00Z,,,0.0,0.0,0.0,0.0,0.0,0.0,0.0,0.0,0.0,0.0,0.0,0.0,0.0,0.0,0.0,0.0,0.0,0.0,0.0,0.0,0.0,0.0,0.0,0.0
2026-08-06T21:30:00Z,,,0.0,0.0,0.0,0.0,0.0,0.0,0.0,0.0,0.0,0.0,0.0,0.0,0.0,0.0,0.0,0.0,0.0,0.0,0.0,0.0,0.0,0.0,0.0,0.0
2026-08-06T22:00:00Z,,,0.0,0.0,0.0,0.0,0.0,0.0,0.0,0.0,0.0,0.0,0.0,0.0,0.0,0.0,0.0,0.0,0.0,0.0,0.0,0.0,0.0,0.0,0.0,0.0
2026-08-06T22:30:00Z,,,0.0,0.0,0.0,0.0,0.0,0.0,0.0,0.0,0.0,0.0,0.0,0.0,0.0,0.0,0.0,0.0,0.0,0.0,0.0,0.0,0.0,0.0,0.0,0.0
2026-08-06T23:00:00Z,,,0.0,0.0,0.0,0.0,0.0,0.0,0.0,0.0,0.0,0.0,0.0,0.0,0.0,0.0,0.0,0.0,0.0,0.0,0.0,0.0,0.0,0.0,0.0,0.0
2026-08-06T23:30:00Z,,,0.0,0.0,0.0,0.0,0.0,0.0,0.0,0.0,0.0,0.0,0.0,0.0,0.0,0.0,0.0,0.0,0.0,0.0,0.0,0.0,0.0,0.0,0.0,0.0
2026-08-07T00:00:00Z,,,0.0,0.0,0.0,0.0,0.0,0.0,0.0,0.0,0.0,0.0,0.0,0.0,0.0,0.0,0.0,0.0,0.0,0.0,0.0,0.0,0.0,0.0,0.0,0.0
2026-08-07T00:30:00Z,,,0.0,0.0,0.0,0.0,0.0,0.0,0.0,0.0,0.0,0.0,0.0,0.0,0.0,0.0,0.0,0.0,0.0,0.0,0.0,0.0,0.0,0.0,0.0,0.0
2026-08-07T01:00:00Z,,,0.0,0.0,0.0,0.0,0.0,0.0,0.0,0.0,0.0,0.0,0.0,0.0,0.0,0.0,0.0,0.0,0.0,0.0,0.0,0.0,0.0,0.0,0.0,0.0
2026-08-07T01:30:00Z,,,0.0,0.0,0.0,0.0,0.0,0.0,0.0,0.0,0.0,0.0,0.0,0.0,0.0,0.0,0.0,0.0,0.0,0.0,0.0,0.0,0.0,0.0,0.0,0.0
2026-08-07T02:00:00Z,,,0.0,0.0,0.0,0.0,0.0,0.0,0.0,0.0,0.0,0.0,0.0,0.0,0.0,0.0,0.0,0.0,0.0,0.0,0.0,0.0,0.0,0.0,0.0,0.0
2026-08-07T02:30:00Z,,,0.0,0.0,0.0,0.0,0.0,0.0,0.0,0.0,0.0,0.0,0.0,0.0,0.0,0.0,0.0,0.0,0.0,0.0,0.0,0.0,0.0,0.0,0.0,0.0
2026-08-07T03:00:00Z,,,0.0,0.0,0.0,0.0,0.0,0.0,0.0,0.0,0.0,0.0,0.0,0.0,0.0,0.0,0.0,0.0,0.0,0.0,0.0,0.0,0.0,0.0,0.0,0.0
2026-08-07T03:30:00Z,,,0.0,0.0,0.0,0.0,0.0,0.0,0.0,0.0,0.0,0.0,0.0,0.0,0.0,0.0,0.0,0.0,0.0,0.0,0.0,0.0,0.0,0.0,0.0,0.0
2026-08-07T04:00:00Z,,,0.0,0.0,0.0,0.0,0.0,0.0,0.0,0.0,0.0,0.0,0.0,0.0,0.0,0.0,0.0,0.0,0.0,0.0,0.0,0.0,0.0,0.0,0.0,0.0
2026-08-07T04:30:00Z,,,0.0,0.0,0.0,0.0,0.0,0.0,0.0,0.0,0.0,0.0,0.0,0.0,0.0,0.0,0.0,0.0,0.0,0.0,0.0,0.0,0.0,0.0,0.0,0.0
2026-08-07T05:00:00Z,,,0.0,0.0,0.0,0.0,0.0,0.0,0.0,0.0,0.0,0.0,0.0,0.0,0.0,0.0,0.0,0.0,0.0,0.0,0.0,0.0,0.0,0.0,0.0,0.0
2026-08-07T05:30:00Z,,,0.0,0.0,0.0,0.0,0.0,0.0,0.0,0.0,0.0,0.0,0.0,0.0,0.0,0.0,0.0,0.0,0.0,0.0,0.0,0.0,0.0,0.0,0.0,0.0
2026-08-07T06:00:00Z,,,0.0,0.0,0.0,0.0,0.0,0.0,0.0,0.0,0.0,0.0,0.0,0.0,0.0,0.0,0.0,0.0,0.0,0.0,0.0,0.0,0.0,0.0,0.0,0.0
2026-08-07T06:30:00Z,,,0.0,0.0,0.0,0.0,0.0,0.0,0.0,0.0,0.0,0.0,0.0,0.0,0.0,0.0,0.0,0.0,0.0,0.0,0.0,0.0,0.0,0.0,0.0,0.0
2026-08-07T07:00:00Z,,,0.0,0.0,0.0,0.0,0.0,0.0,0.0,0.0,0.0,0.0,0.0,0.0,0.0,0.0,0.0,0.0,0.0,0.0,0.0,0.0,0.0,0.0,0.0,0.0
2026-08-07T07:30:00Z,,,0.0,0.0,0.0,0.0,0.0,0.0,0.0,0.0,0.0,0.0,0.0,0.0,0.0,0.0,0.0,0.0,0.0,0.0,0.0,0.0,0.0,0.0,0.0,0.0
2026-08-07T08:00:00Z,,,0.0,0.0,0.0,0.0,0.0,0.0,0.0,0.0,0.0,0.0,0.0,0.0,0.0,0.0,0.0,0.0,0.0,0.0,0.0,0.0,0.0,0.0,0.0,0.0
2026-08-07T08:30:00Z,,,0.0,0.0,0.0,0.0,0.0,0.0,0.0,0.0,0.0,0.0,0.0,0.0,0.0,0.0,0.0,0.0,0.0,0.0,0.0,0.0,0.0,0.0,0.0,0.0
2026-08-07T09:00:00Z,,,0.0,0.0,0.0,0.0,0.0,0.0,0.0,0.0,0.0,0.0,0.0,0.0,0.0,0.0,0.0,0.0,0.0,0.0,0.0,0.0,0.0,0.0,0.0,0.0
2026-08-07T09:30:00Z,,,0.0,0.0,0.0,0.0,0.0,0.0,0.0,0.0,0.0,0.0,0.0,0.0,0.0,0.0,0.0,0.0,0.0,0.0,0.0,0.0,0.0,0.0,0.0,0.0
2026-08-07T10:00:00Z,,,0.0,0.0,0.0,0.0,0.0,0.0,0.0,0.0,0.0,0.0,0.0,0.0,0.0,0.0,0.0,0.0,0.0,0.0,0.0,0.0,0.0,0.0,0.0,0.0
2026-08-07T10:30:00Z,,,0.0,0.0,0.0,0.0,0.0,0.0,0.0,0.0,0.0,0.0,0.0,0.0,0.0,0.0,0.0,0.0,0.0,0.0,0.0,0.0,0.0,0.0,0.0,0.0
2026-08-07T11:00:00Z,,,0.0,0.0,0.0,0.0,0.0,0.0,0.0,0.0,0.0,0.0,0.0,0.0,0.0,0.0,0.0,0.0,0.0,0.0,0.0,0.0,0.0,0.0,0.0,0.0
2026-08-07T11:30:00Z,,,0.0,0.0,0.0,0.0,0.0,0.0,0.0,0.0,0.0,0.0,0.0,0.0,0.0,0.0,0.0,0.0,0.0,0.0,0.0,0.0,0.0,0.0,0.0,0.0
2026-08-07T12:00:00Z,,,0.0,0.0,0.0,0.0,0.0,0.0,0.0,0.0,0.0,0.0,0.0,0.0,0.0,0.0,0.0,0.0,0.0,0.0,0.0,0.0,0.0,0.0,0.0,0.0
2026-08-07T12:30:00Z,,,0.0,0.0,0.0,0.0,0.0,0.0,0.0,0.0,0.0,0.0,0.0,0.0,0.0,0.0,0.0,0.0,0.0,0.0,0.0,0.0,0.0,0.0,0.0,0.0
2026-08-07T13:00:00Z,,,0.0,0.0,0.0,0.0,0.0,0.0,0.0,0.0,0.0,0.0,0.0,0.0,0.0,0.0,0.0,0.0,0.0,0.0,0.0,0.0,0.0,0.0,0.0,0.0
2026-08-07T13:30:00Z,,,0.0,0.0,0.0,0.0,0.0,0.0,0.0,0.0,0.0,0.0,0.0,0.0,0.0,0.0,0.0,0.0,0.0,0.0,0.0,0.0,0.0,0.0,0.0,0.0
2026-08-07T14:00:00Z,,,0.0,0.0,0.0,0.0,0.0,0.0,0.0,0.0,0.0,0.0,0.0,0.0,0.0,0.0,0.0,0.0,0.0,0.0,0.0,0.0,0.0,0.0,0.0,0.0
2026-08-07T14:30:00Z,,,0.0,0.0,0.0,0.0,0.0,0.0,0.0,0.0,0.0,0.0,0.0,0.0,0.0,0.0,0.0,0.0,0.0,0.0,0.0,0.0,0.0,0.0,0.0,0.0
2026-08-07T15:00:00Z,,,0.0,0.0,0.0,0.0,0.0,0.0,0.0,0.0,0.0,0.0,0.0,0.0,0.0,0.0,0.0,0.0,0.0,0.0,0.0,0.0,0.0,0.0,0.0,0.0
2026-08-07T15:30:00Z,,,0.0,0.0,0.0,0.0,0.0,0.0,0.0,0.0,0.0,0.0,0.0,0.0,0.0,0.0,0.0,0.0,0.0,0.0,0.0,0.0,0.0,0.0,0.0,0.0
2026-08-07T16:00:00Z,,,0.0,0.0,0.0,0.0,0.0,0.0,0.0,0.0,0.0,0.0,0.0,0.0,0.0,0.0,0.0,0.0,0.0,0.0,0.0,0.0,0.0,0.0,0.0,0.0
2026-08-07T16:30:00Z,,,0.0,0.0,0.0,0.0,0.0,0.0,0.0,0.0,0.0,0.0,0.0,0.0,0.0,0.0,0.0,0.0,0.0,0.0,0.0,0.0,0.0,0.0,0.0,0.0
2026-08-07T17:00:00Z,,,0.0,0.0,0.0,0.0,0.0,0.0,0.0,0.0,0.0,0.0,0.0,0.0,0.0,0.0,0.0,0.0,0.0,0.0,0.0,0.0,0.0,0.0,0.0,0.0
2026-08-07T17:30:00Z,,,0.0,0.0,0.0,0.0,0.0,0.0,0.0,0.0,0.0,0.0,0.0,0.0,0.0,0.0,0.0,0.0,0.0,0.0,0.0,0.0,0.0,0.0,0.0,0.0
2026-08-07T18:00:00Z,,,0.0,0.0,0.0,0.0,0.0,0.0,0.0,0.0,0.0,0.0,0.0,0.0,0.0,0.0,0.0,0.0,0.0,0.0,0.0,0.0,0.0,0.0,0.0,0.0
2026-08-07T18:30:00Z,,,0.0,0.0,0.0,0.0,0.0,0.0,0.0,0.0,0.0,0.0,0.0,0.0,0.0,0.0,0.0,0.0,0.0,0.0,0.0,0.0,0.0,0.0,0.0,0.0
2026-08-07T19:00:00Z,,,0.0,0.0,0.0,0.0,0.0,0.0,0.0,0.0,0.0,0.0,0.0,0.0,0.0,0.0,0.0,0.0,0.0,0.0,0.0,0.0,0.0,0.0,0.0,0.0
2026-08-07T19:30:00Z,,,0.0,0.0,0.0,0.0,0.0,0.0,0.0,0.0,0.0,0.0,0.0,0.0,0.0,0.0,0.0,0.0,0.0,0.0,0.0,0.0,0.0,0.0,0.0,0.0
2026-08-07T20:00:00Z,,,0.0,0.0,0.0,0.0,0.0,0.0,0.0,0.0,0.0,0.0,0.0,0.0,0.0,0.0,0.0,0.0,0.0,0.0,0.0,0.0,0.0,0.0,0.0,0.0
2026-08-07T20:30:00Z,,,0.0,0.0,0.0,0.0,0.0,0.0,0.0,0.0,0.0,0.0,0.0,0.0,0.0,0.0,0.0,0.0,0.0,0.0,0.0,0.0,0.0,0.0,0.0,0.0
2026-08-07T21:00:00Z,,,0.0,0.0,0.0,0.0,0.0,0.0,0.0,0.0,0.0,0.0,0.0,0.0,0.0,0.0,0.0,0.0,0.0,0.0,0.0,0.0,0.0,0.0,0.0,0.0
2026-08-07T21:30:00Z,,,0.0,0.0,0.0,0.0,0.0,0.0,0.0,0.0,0.0,0.0,0.0,0.0,0.0,0.0,0.0,0.0,0.0,0.0,0.0,0.0,0.0,0.0,0.0,0.0
2026-08-07T22:00:00Z,,,0.0,0.0,0.0,0.0,0.0,0.0,0.0,0.0,0.0,0.0,0.0,0.0,0.0,0.0,0.0,0.0,0.0,0.0,0.0,0.0,0.0,0.0,0.0,0.0
2026-08-07T22:30:00Z,,,0.0,0.0,0.0,0.0,0.0,0.0,0.0,0.0,0.0,0.0,0.0,0.0,0.0,0.0,0.0,0.0,0.0,0.0,0.0,0.0,0.0,0.0,0.0,0.0
2026-08-07T23:00:00Z,,,0.0,0.0,0.0,0.0,0.0,0.0,0.0,0.0,0.0,0.0,0.0,0.0,0.0,0.0,0.0,0.0,0.0,0.0,0.0,0.0,0.0,0.0,0.0,0.0
2026-08-07T23:30:00Z,,,0.0,0.0,0.0,0.0,0.0,0.0,0.0,0.0,0.0,0.0,0.0,0.0,0.0,0.0,0.0,0.0,0.0,0.0,0.0,0.0,0.0,0.0,0.0,0.0
2026-08-08T00:00:00Z,,,0.0,0.0,0.0,0.0,0.0,0.0,0.0,0.0,0.0,0.0,0.0,0.0,0.0,0.0,0.0,0.0,0.0,0.0,0.0,0.0,0.0,0.0,0.0,0.0
2026-08-08T00:30:00Z,,,0.0,0.0,0.0,0.0,0.0,0.0,0.0,0.0,0.0,0.0,0.0,0.0,0.0,0.0,0.0,0.0,0.0,0.0,0.0,0.0,0.0,0.0,0.0,0.0
2026-08-08T01:00:00Z,,,0.0,0.0,0.0,0.0,0.0,0.0,0.0,0.0,0.0,0.0,0.0,0.0,0.0,0.0,0.0,0.0,0.0,0.0,0.0,0.0,0.0,0.0,0.0,0.0
2026-08-08T01:30:00Z,,,0.0,0.0,0.0,0.0,0.0,0.0,0.0,0.0,0.0,0.0,0.0,0.0,0.0,0.0,0.0,0.0,0.0,0.0,0.0,0.0,0.0,0.0,0.0,0.0
2026-08-08T02:00:00Z,,,0.0,0.0,0.0,0.0,0.0,0.0,0.0,0.0,0.0,0.0,0.0,0.0,0.0,0.0,0.0,0.0,0.0,0.0,0.0,0.0,0.0,0.0,0.0,0.0
2026-08-08T02:30:00Z,,,0.0,0.0,0.0,0.0,0.0,0.0,0.0,0.0,0.0,0.0,0.0,0.0,0.0,0.0,0.0,0.0,0.0,0.0,0.0,0.0,0.0,0.0,0.0,0.0
2026-08-08T03:00:00Z,,,0.0,0.0,0.0,0.0,0.0,0.0,0.0,0.0,0.0,0.0,0.0,0.0,0.0,0.0,0.0,0.0,0.0,0.0,0.0,0.0,0.0,0.0,0.0,0.0
2026-08-08T03:30:00Z,,,0.0,0.0,0.0,0.0,0.0,0.0,0.0,0.0,0.0,0.0,0.0,0.0,0.0,0.0,0.0,0.0,0.0,0.0,0.0,0.0,0.0,0.0,0.0,0.0
2026-08-08T04:00:00Z,,,0.0,0.0,0.0,0.0,0.0,0.0,0.0,0.0,0.0,0.0,0.0,0.0,0.0,0.0,0.0,0.0,0.0,0.0,0.0,0.0,0.0,0.0,0.0,0.0
2026-08-08T04:30:00Z,,,0.0,0.0,0.0,0.0,0.0,0.0,0.0,0.0,0.0,0.0,0.0,0.0,0.0,0.0,0.0,0.0,0.0,0.0,0.0,0.0,0.0,0.0,0.0,0.0
2026-08-08T05:00:00Z,,,0.0,0.0,0.0,0.0,0.0,0.0,0.0,0.0,0.0,0.0,0.0,0.0,0.0,0.0,0.0,0.0,0.0,0.0,0.0,0.0,0.0,0.0,0.0,0.0
2026-08-08T05:30:00Z,,,0.0,0.0,0.0,0.0,0.0,0.0,0.0,0.0,0.0,0.0,0.0,0.0,0.0,0.0,0.0,0.0,0.0,0.0,0.0,0.0,0.0,0.0,0.0,0.0
2026-08-08T06:00:00Z,,,0.0,0.0,0.0,0.0,0.0,0.0,0.0,0.0,0.0,0.0,0.0,0.0,0.0,0.0,0.0,0.0,0.0,0.0,0.0,0.0,0.0,0.0,0.0,0.0
2026-08-08T06:30:00Z,,,0.0,0.0,0.0,0.0,0.0,0.0,0.0,0.0,0.0,0.0,0.0,0.0,0.0,0.0,0.0,0.0,0.0,0.0,0.0,0.0,0.0,0.0,0.0,0.0
2026-08-08T07:00:00Z,,,0.0,0.0,0.0,0.0,0.0,0.0,0.0,0.0,0.0,0.0,0.0,0.0,0.0,0.0,0.0,0.0,0.0,0.0,0.0,0.0,0.0,0.0,0.0,0.0
2026-08-08T07:30:00Z,,,0.0,0.0,0.0,0.0,0.0,0.0,0.0,0.0,0.0,0.0,0.0,0.0,0.0,0.0,0.0,0.0,0.0,0.0,0.0,0.0,0.0,0.0,0.0,0.0
2026-08-08T08:00:00Z,,,0.0,0.0,0.0,0.0,0.0,0.0,0.0,0.0,0.0,0.0,0.0,0.0,0.0,0.0,0.0,0.0,0.0,0.0,0.0,0.0,0.0,0.0,0.0,0.0
2026-08-08T08:30:00Z,,,0.0,0.0,0.0,0.0,0.0,0.0,0.0,0.0,0.0,0.0,0.0,0.0,0.0,0.0,0.0,0.0,0.0,0.0,0.0,0.0,0.0,0.0,0.0,0.0
2026-08-08T09:00:00Z,,,0.0,0.0,0.0,0.0,0.0,0.0,0.0,0.0,0.0,0.0,0.0,0.0,0.0,0.0,0.0,0.0,0.0,0.0,0.0,0.0,0.0,0.0,0.0,0.0
2026-08-08T09:30:00Z,,,0.0,0.0,0.0,0.0,0.0,0.0,0.0,0.0,0.0,0.0,0.0,0.0,0.0,0.0,0.0,0.0,0.0,0.0,0.0,0.0,0.0,0.0,0.0,0.0
2026-08-08T10:00:00Z,,,0.0,0.0,0.0,0.0,0.0,0.0,0.0,0.0,0.0,0.0,0.0,0.0,0.0,0.0,0.0,0.0,0.0,0.0,0.0,0.0,0.0,0.0,0.0,0.0
2026-08-08T10:30:00Z,,,0.0,0.0,0.0,0.0,0.0,0.0,0.0,0.0,0.0,0.0,0.0,0.0,0.0,0.0,0.0,0.0,0.0,0.0,0.0,0.0,0.0,0.0,0.0,0.0
2026-08-08T11:00:00Z,,,0.0,0.0,0.0,0.0,0.0,0.0,0.0,0.0,0.0,0.0,0.0,0.0,0.0,0.0,0.0,0.0,0.0,0.0,0.0,0.0,0.0,0.0,0.0,0.0
2026-08-08T11:30:00Z,,,0.0,0.0,0.0,0.0,0.0,0.0,0.0,0.0,0.0,0.0,0.0,0.0,0.0,0.0,0.0,0.0,0.0,0.0,0.0,0.0,0.0,0.0,0.0,0.0
2026-08-08T12:00:00Z,,,0.0,0.0,0.0,0.0,0.0,0.0,0.0,0.0,0.0,0.0,0.0,0.0,0.0,0.0,0.0,0.0,0.0,0.0,0.0,0.0,0.0,0.0,0.0,0.0
2026-08-08T12:30:00Z,,,0.0,0.0,0.0,0.0,0.0,0.0,0.0,0.0,0.0,0.0,0.0,0.0,0.0,0.0,0.0,0.0,0.0,0.0,0.0,0.0,0.0,0.0,0.0,0.0
2026-08-08T13:00:00Z,,,0.0,0.0,0.0,0.0,0.0,0.0,0.0,0.0,0.0,0.0,0.0,0.0,0.0,0.0,0.0,0.0,0.0,0.0,0.0,0.0,0.0,0.0,0.0,0.0
2026-08-08T13:30:00Z,,,0.0,0.0,0.0,0.0,0.0,0.0,0.0,0.0,0.0,0.0,0.0,0.0,0.0,0.0,0.0,0.0,0.0,0.0,0.0,0.0,0.0,0.0,0.0,0.0
2026-08-08T14:00:00Z,,,0.0,0.0,0.0,0.0,0.0,0.0,0.0,0.0,0.0,0.0,0.0,0.0,0.0,0.0,0.0,0.0,0.0,0.0,0.0,0.0,0.0,0.0,0.0,0.0
2026-08-08T14:30:00Z,,,0.0,0.0,0.0,0.0,0.0,0.0,0.0,0.0,0.0,0.0,0.0,0.0,0.0,0.0,0.0,0.0,0.0,0.0,0.0,0.0,0.0,0.0,0.0,0.0
2026-08-08T15:00:00Z,,,0.0,0.0,0.0,0.0,0.0,0.0,0.0,0.0,0.0,0.0,0.0,0.0,0.0,0.0,0.0,0.0,0.0,0.0,0.0,0.0,0.0,0.0,0.0,0.0
2026-08-08T15:30:00Z,,,0.0,0.0,0.0,0.0,0.0,0.0,0.0,0.0,0.0,0.0,0.0,0.0,0.0,0.0,0.0,0.0,0.0,0.0,0.0,0.0,0.0,0.0,0.0,0.0
2026-08-08T16:00:00Z,,,0.0,0.0,0.0,0.0,0.0,0.0,0.0,0.0,0.0,0.0,0.0,0.0,0.0,0.0,0.0,0.0,0.0,0.0,0.0,0.0,0.0,0.0,0.0,0.0
2026-08-08T16:30:00Z,,,0.0,0.0,0.0,0.0,0.0,0.0,0.0,0.0,0.0,0.0,0.0,0.0,0.0,0.0,0.0,0.0,0.0,0.0,0.0,0.0,0.0,0.0,0.0,0.0
2026-08-08T17:00:00Z,,,0.0,0.0,0.0,0.0,0.0,0.0,0.0,0.0,0.0,0.0,0.0,0.0,0.0,0.0,0.0,0.0,0.0,0.0,0.0,0.0,0.0,0.0,0.0,0.0
2026-08-08T17:30:00Z,,,0.0,0.0,0.0,0.0,0.0,0.0,0.0,0.0,0.0,0.0,0.0,0.0,0.0,0.0,0.0,0.0,0.0,0.0,0.0,0.0,0.0,0.0,0.0,0.0
2026-08-08T18:00:00Z,,,0.0,0.0,0.0,0.0,0.0,0.0,0.0,0.0,0.0,0.0,0.0,0.0,0.0,0.0,0.0,0.0,0.0,0.0,0.0,0.0,0.0,0.0,0.0,0.0
2026-08-08T18:30:00Z,,,0.0,0.0,0.0,0.0,0.0,0.0,0.0,0.0,0.0,0.0,0.0,0.0,0.0,0.0,0.0,0.0,0.0,0.0,0.0,0.0,0.0,0.0,0.0,0.0
2026-08-08T19:00:00Z,,,0.0,0.0,0.0,0.0,0.0,0.0,0.0,0.0,0.0,0.0,0.0,0.0,0.0,0.0,0.0,0.0,0.0,0.0,0.0,0.0,0.0,0.0,0.0,0.0
2026-08-08T19:30:00Z,,,0.0,0.0,0.0,0.0,0.0,0.0,0.0,0.0,0.0,0.0,0.0,0.0,0.0,0.0,0.0,0.0,0.0,0.0,0.0,0.0,0.0,0.0,0.0,0.0
2026-08-08T20:00:00Z,,,0.0,0.0,0.0,0.0,0.0,0.0,0.0,0.0,0.0,0.0,0.0,0.0,0.0,0.0,0.0,0.0,0.0,0.0,0.0,0.0,0.0,0.0,0.0,0.0
2026-08-08T20:30:00Z,,,0.0,0.0,0.0,0.0,0.0,0.0,0.0,0.0,0.0,0.0,0.0,0.0,0.0,0.0,0.0,0.0,0.0,0.0,0.0,0.0,0.0,0.0,0.0,0.0
2026-08-08T21:00:00Z,,,0.0,0.0,0.0,0.0,0.0,0.0,0.0,0.0,0.0,0.0,0.0,0.0,0.0,0.0,0.0,0.0,0.0,0.0,0.0,0.0,0.0,0.0,0.0,0.0
2026-08-08T21:30:00Z,,,0.0,0.0,0.0,0.0,0.0,0.0,0.0,0.0,0.0,0.0,0.0,0.0,0.0,0.0,0.0,0.0,0.0,0.0,0.0,0.0,0.0,0.0,0.0,0.0
2026-08-08T22:00:00Z,,,0.0,0.0,0.0,0.0,0.0,0.0,0.0,0.0,0.0,0.0,0.0,0.0,0.0,0.0,0.0,0.0,0.0,0.0,0.0,0.0,0.0,0.0,0.0,0.0
2026-08-08T22:30:00Z,,,0.0,0.0,0.0,0.0,0.0,0.0,0.0,0.0,0.0,0.0,0.0,0.0,0.0,0.0,0.0,0.0,0.0,0.0,0.0,0.0,0.0,0.0,0.0,0.0
2026-08-08T23:00:00Z,,,0.0,0.0,0.0,0.0,0.0,0.0,0.0,0.0,0.0,0.0,0.0,0.0,0.0,0.0,0.0,0.0,0.0,0.0,0.0,0.0,0.0,0.0,0.0,0.0
2026-08-08T23:30:00Z,,,0.0,0.0,0.0,0.0,0.0,0.0,0.0,0.0,0.0,0.0,0.0,0.0,0.0,0.0,0.0,0.0,0.0,0.0,0.0,0.0,0.0,0.0,0.0,0.0
2026-08-09T00:00:00Z,,,0.0,0.0,0.0,0.0,0.0,0.0,0.0,0.0,0.0,0.0,0.0,0.0,0.0,0.0,0.0,0.0,0.0,0.0,0.0,0.0,0.0,0.0,0.0,0.0
2026-08-09T00:30:00Z,,,0.0,0.0,0.0,0.0,0.0,0.0,0.0,0.0,0.0,0.0,0.0,0.0,0.0,0.0,0.0,0.0,0.0,0.0,0.0,0.0,0.0,0.0,0.0,0.0
2026-08-09T01:00:00Z,,,0.0,0.0,0.0,0.0,0.0,0.0,0.0,0.0,0.0,0.0,0.0,0.0,0.0,0.0,0.0,0.0,0.0,0.0,0.0,0.0,0.0,0.0,0.0,0.0
2026-08-09T01:30:00Z,,,0.0,0.0,0.0,0.0,0.0,0.0,0.0,0.0,0.0,0.0,0.0,0.0,0.0,0.0,0.0,0.0,0.0,0.0,0.0,0.0,0.0,0.0,0.0,0.0
2026-08-09T02:00:00Z,,,0.0,0.0,0.0,0.0,0.0,0.0,0.0,0.0,0.0,0.0,0.0,0.0,0.0,0.0,0.0,0.0,0.0,0.0,0.0,0.0,0.0,0.0,0.0,0.0
2026-08-09T02:30:00Z,,,0.0,0.0,0.0,0.0,0.0,0.0,0.0,0.0,0.0,0.0,0.0,0.0,0.0,0.0,0.0,0.0,0.0,0.0,0.0,0.0,0.0,0.0,0.0,0.0
2026-08-09T03:00:00Z,,,0.0,0.0,0.0,0.0,0.0,0.0,0.0,0.0,0.0,0.0,0.0,0.0,0.0,0.0,0.0,0.0,0.0,0.0,0.0,0.0,0.0,0.0,0.0,0.0
2026-08-09T03:30:00Z,,,0.0,0.0,0.0,0.0,0.0,0.0,0.0,0.0,0.0,0.0,0.0,0.0,0.0,0.0,0.0,0.0,0.0,0.0,0.0,0.0,0.0,0.0,0.0,0.0
2026-08-09T04:00:00Z,,,0.0,0.0,0.0,0.0,0.0,0.0,0.0,0.0,0.0,0.0,0.0,0.0,0.0,0.0,0.0,0.0,0.0,0.0,0.0,0.0,0.0,0.0,0.0,0.0
2026-08-09T04:30:00Z,,,0.0,0.0,0.0,0.0,0.0,0.0,0.0,0.0,0.0,0.0,0.0,0.0,0.0,0.0,0.0,0.0,0.0,0.0,0.0,0.0,0.0,0.0,0.0,0.0
2026-08-09T05:00:00Z,,,0.0,0.0,0.0,0.0,0.0,0.0,0.0,0.0,0.0,0.0,0.0,0.0,0.0,0.0,0.0,0.0,0.0,0.0,0.0,0.0,0.0,0.0,0.0,0.0
2026-08-09T05:30:00Z,,,0.0,0.0,0.0,0.0,0.0,0.0,0.0,0.0,0.0,0.0,0.0,0.0,0.0,0.0,0.0,0.0,0.0,0.0,0.0,0.0,0.0,0.0,0.0,0.0
2026-08-09T06:00:00Z,,,0.0,0.0,0.0,0.0,0.0,0.0,0.0,0.0,0.0,0.0,0.0,0.0,0.0,0.0,0.0,0.0,0.0,0.0,0.0,0.0,0.0,0.0,0.0,0.0
2026-08-09T06:30:00Z,,,0.0,0.0,0.0,0.0,0.0,0.0,0.0,0.0,0.0,0.0,0.0,0.0,0.0,0.0,0.0,0.0,0.0,0.0,0.0,0.0,0.0,0.0,0.0,0.0
2026-08-09T07:00:00Z,,,0.0,0.0,0.0,0.0,0.0,0.0,0.0,0.0,0.0,0.0,0.0,0.0,0.0,0.0,0.0,0.0,0.0,0.0,0.0,0.0,0.0,0.0,0.0,0.0
2026-08-09T07:30:00Z,,,0.0,0.0,0.0,0.0,0.0,0.0,0.0,0.0,0.0,0.0,0.0,0.0,0.0,0.0,0.0,0.0,0.0,0.0,0.0,0.0,0.0,0.0,0.0,0.0
2026-08-09T08:00:00Z,,,0.0,0.0,0.0,0.0,0.0,0.0,0.0,0.0,0.0,0.0,0.0,0.0,0.0,0.0,0.0,0.0,0.0,0.0,0.0,0.0,0.0,0.0,0.0,0.0
2026-08-09T08:30:00Z,,,0.0,0.0,0.0,0.0,0.0,0.0,0.0,0.0,0.0,0.0,0.0,0.0,0.0,0.0,0.0,0.0,0.0,0.0,0.0,0.0,0.0,0.0,0.0,0.0
2026-08-09T09:00:00Z,,,0.0,0.0,0.0,0.0,0.0,0.0,0.0,0.0,0.0,0.0,0.0,0.0,0.0,0.0,0.0,0.0,0.0,0.0,0.0,0.0,0.0,0.0,0.0,0.0
2026-08-09T09:30:00Z,,,0.0,0.0,0.0,0.0,0.0,0.0,0.0,0.0,0.0,0.0,0.0,0.0,0.0,0.0,0.0,0.0,0.0,0.0,0.0,0.0,0.0,0.0,0.0,0.0
2026-08-09T10:00:00Z,,,0.0,0.0,0.0,0.0,0.0,0.0,0.0,0.0,0.0,0.0,0.0,0.0,0.0,0.0,0.0,0.0,0.0,0.0,0.0,0.0,0.0,0.0,0.0,0.0
2026-08-09T10:30:00Z,,,0.0,0.0,0.0,0.0,0.0,0.0,0.0,0.0,0.0,0.0,0.0,0.0,0.0,0.0,0.0,0.0,0.0,0.0,0.0,0.0,0.0,0.0,0.0,0.0
2026-08-09T11:00:00Z,,,0.0,0.0,0.0,0.0,0.0,0.0,0.0,0.0,0.0,0.0,0.0,0.0,0.0,0.0,0.0,0.0,0.0,0.0,0.0,0.0,0.0,0.0,0.0,0.0
2026-08-09T11:30:00Z,,,0.0,0.0,0.0,0.0,0.0,0.0,0.0,0.0,0.0,0.0,0.0,0.0,0.0,0.0,0.0,0.0,0.0,0.0,0.0,0.0,0.0,0.0,0.0,0.0
2026-08-09T12:00:00Z,,,0.0,0.0,0.0,0.0,0.0,0.0,0.0,0.0,0.0,0.0,0.0,0.0,0.0,0.0,0.0,0.0,0.0,0.0,0.0,0.0,0.0,0.0,0.0,0.0
2026-08-09T12:30:00Z,,,0.0,0.0,0.0,0.0,0.0,0.0,0.0,0.0,0.0,0.0,0.0,0.0,0.0,0.0,0.0,0.0,0.0,0.0,0.0,0.0,0.0,0.0,0.0,0.0
2026-08-09T13:00:00Z,,,0.0,0.0,0.0,0.0,0.0,0.0,0.0,0.0,0.0,0.0,0.0,0.0,0.0,0.0,0.0,0.0,0.0,0.0,0.0,0.0,0.0,0.0,0.0,0.0
2026-08-09T13:30:00Z,,,0.0,0.0,0.0,0.0,0.0,0.0,0.0,0.0,0.0,0.0,0.0,0.0,0.0,0.0,0.0,0.0,0.0,0.0,0.0,0.0,0.0,0.0,0.0,0.0
2026-08-09T14:00:00Z,,,0.0,0.0,0.0,0.0,0.0,0.0,0.0,0.0,0.0,0.0,0.0,0.0,0.0,0.0,0.0,0.0,0.0,0.0,0.0,0.0,0.0,0.0,0.0,0.0
2026-08-09T14:30:00Z,,,0.0,0.0,0.0,0.0,0.0,0.0,0.0,0.0,0.0,0.0,0.0,0.0,0.0,0.0,0.0,0.0,0.0,0.0,0.0,0.0,0.0,0.0,0.0,0.0
2026-08-09T15:00:00Z,,,0.0,0.0,0.0,0.0,0.0,0.0,0.0,0.0,0.0,0.0,0.0,0.0,0.0,0.0,0.0,0.0,0.0,0.0,0.0,0.0,0.0,0.0,0.0,0.0
2026-08-09T15:30:00Z,,,0.0,0.0,0.0,0.0,0.0,0.0,0.0,0.0,0.0,0.0,0.0,0.0,0.0,0.0,0.0,0.0,0.0,0.0,0.0,0.0,0.0,0.0,0.0,0.0
2026-08-09T16:00:00Z,,,0.0,0.0,0.0,0.0,0.0,0.0,0.0,0.0,0.0,0.0,0.0,0.0,0.0,0.0,0.0,0.0,0.0,0.0,0.0,0.0,0.0,0.0,0.0,0.0
2026-08-09T16:30:00Z,,,0.0,0.0,0.0,0.0,0.0,0.0,0.0,0.0,0.0,0.0,0.0,0.0,0.0,0.0,0.0,0.0,0.0,0.0,0.0,0.0,0.0,0.0,0.0,0.0
2026-08-09T17:00:00Z,,,0.0,0.0,0.0,0.0,0.0,0.0,0.0,0.0,0.0,0.0,0.0,0.0,0.0,0.0,0.0,0.0,0.0,0.0,0.0,0.0,0.0,0.0,0.0,0.0
2026-08-09T17:30:00Z,,,0.0,0.0,0.0,0.0,0.0,0.0,0.0,0.0,0.0,0.0,0.0,0.0,0.0,0.0,0.0,0.0,0.0,0.0,0.0,0.0,0.0,0.0,0.0,0.0
2026-08-09T18:00:00Z,,,0.0,0.0,0.0,0.0,0.0,0.0,0.0,0.0,0.0,0.0,0.0,0.0,0.0,0.0,0.0,0.0,0.0,0.0,0.0,0.0,0.0,0.0,0.0,0.0
2026-08-09T18:30:00Z,,,0.0,0.0,0.0,0.0,0.0,0.0,0.0,0.0,0.0,0.0,0.0,0.0,0.0,0.0,0.0,0.0,0.0,0.0,0.0,0.0,0.0,0.0,0.0,0.0
2026-08-09T19:00:00Z,,,0.0,0.0,0.0,0.0,0.0,0.0,0.0,0.0,0.0,0.0,0.0,0.0,0.0,0.0,0.0,0.0,0.0,0.0,0.0,0.0,0.0,0.0,0.0,0.0
2026-08-09T19:30:00Z,,,0.0,0.0,0.0,0.0,0.0,0.0,0.0,0.0,0.0,0.0,0.0,0.0,0.0,0.0,0.0,0.0,0.0,0.0,0.0,0.0,0.0,0.0,0.0,0.0
2026-08-09T20:00:00Z,,,0.0,0.0,0.0,0.0,0.0,0.0,0.0,0.0,0.0,0.0,0.0,0.0,0.0,0.0,0.0,0.0,0.0,0.0,0.0,0.0,0.0,0.0,0.0,0.0
2026-08-09T20:30:00Z,,,0.0,0.0,0.0,0.0,0.0,0.0,0.0,0.0,0.0,0.0,0.0,0.0,0.0,0.0,0.0,0.0,0.0,0.0,0.0,0.0,0.0,0.0,0.0,0.0
2026-08-09T21:00:00Z,,,0.0,0.0,0.0,0.0,0.0,0.0,0.0,0.0,0.0,0.0,0.0,0.0,0.0,0.0,0.0,0.0,0.0,0.0,0.0,0.0,0.0,0.0,0.0,0.0
2026-08-09T21:30:00Z,,,0.0,0.0,0.0,0.0,0.0,0.0,0.0,0.0,0.0,0.0,0.0,0.0,0.0,0.0,0.0,0.0,0.0,0.0,0.0,0.0,0.0,0.0,0.0,0.0
2026-08-09T22:00:00Z,,,0.0,0.0,0.0,0.0,0.0,0.0,0.0,0.0,0.0,0.0,0.0,0.0,0.0,0.0,0.0,0.0,0.0,0.0,0.0,0.0,0.0,0.0,0.0,0.0
2026-08-09T22:30:00Z,,,0.0,0.0,0.0,0.0,0.0,0.0,0.0,0.0,0.0,0.0,0.0,0.0,0.0,0.0,0.0,0.0,0.0,0.0,0.0,0.0,0.0,0.0,0.0,0.0
2026-08-09T23:00:00Z,,,0.0,0.0,0.0,0.0,0.0,0.0,0.0,0.0,0.0,0.0,0.0,0.0,0.0,0.0,0.0,0.0,0.0,0.0,0.0,0.0,0.0,0.0,0.0,0.0
2026-08-09T23:30:00Z,,,0.0,0.0,0.0,0.0,0.0,0.0,0.0,0.0,0.0,0.0,0.0,0.0,0.0,0.0,0.0,0.0,0.0,0.0,0.0,0.0,0.0,0.0,0.0,0.0
2026-08-10T00:00:00Z,,,0.0,0.0,0.0,0.0,0.0,0.0,0.0,0.0,0.0,0.0,0.0,0.0,0.0,0.0,0.0,0.0,0.0,0.0,0.0,0.0,0.0,0.0,0.0,0.0
2026-08-10T00:30:00Z,,,0.0,0.0,0.0,0.0,0.0,0.0,0.0,0.0,0.0,0.0,0.0,0.0,0.0,0.0,0.0,0.0,0.0,0.0,0.0,0.0,0.0,0.0,0.0,0.0
2026-08-10T01:00:00Z,,,0.0,0.0,0.0,0.0,0.0,0.0,0.0,0.0,0.0,0.0,0.0,0.0,0.0,0.0,0.0,0.0,0.0,0.0,0.0,0.0,0.0,0.0,0.0,0.0
2026-08-10T01:30:00Z,,,0.0,0.0,0.0,0.0,0.0,0.0,0.0,0.0,0.0,0.0,0.0,0.0,0.0,0.0,0.0,0.0,0.0,0.0,0.0,0.0,0.0,0.0,0.0,0.0
2026-08-10T02:00:00Z,,,0.0,0.0,0.0,0.0,0.0,0.0,0.0,0.0,0.0,0.0,0.0,0.0,0.0,0.0,0.0,0.0,0.0,0.0,0.0,0.0,0.0,0.0,0.0,0.0
2026-08-10T02:30:00Z,,,0.0,0.0,0.0,0.0,0.0,0.0,0.0,0.0,0.0,0.0,0.0,0.0,0.0,0.0,0.0,0.0,0.0,0.0,0.0,0.0,0.0,0.0,0.0,0.0
2026-08-10T03:00:00Z,,,0.0,0.0,0.0,0.0,0.0,0.0,0.0,0.0,0.0,0.0,0.0,0.0,0.0,0.0,0.0,0.0,0.0,0.0,0.0,0.0,0.0,0.0,0.0,0.0
2026-08-10T03:30:00Z,,,0.0,0.0,0.0,0.0,0.0,0.0,0.0,0.0,0.0,0.0,0.0,0.0,0.0,0.0,0.0,0.0,0.0,0.0,0.0,0.0,0.0,0.0,0.0,0.0
2026-08-10T04:00:00Z,,,0.0,0.0,0.0,0.0,0.0,0.0,0.0,0.0,0.0,0.0,0.0,0.0,0.0,0.0,0.0,0.0,0.0,0.0,0.0,0.0,0.0,0.0,0.0,0.0
2026-08-10T04:30:00Z,,,0.0,0.0,0.0,0.0,0.0,0.0,0.0,0.0,0.0,0.0,0.0,0.0,0.0,0.0,0.0,0.0,0.0,0.0,0.0,0.0,0.0,0.0,0.0,0.0
2026-08-10T05:00:00Z,,,0.0,0.0,0.0,0.0,0.0,0.0,0.0,0.0,0.0,0.0,0.0,0.0,0.0,0.0,0.0,0.0,0.0,0.0,0.0,0.0,0.0,0.0,0.0,0.0
2026-08-10T05:30:00Z,,,0.0,0.0,0.0,0.0,0.0,0.0,0.0,0.0,0.0,0.0,0.0,0.0,0.0,0.0,0.0,0.0,0.0,0.0,0.0,0.0,0.0,0.0,0.0,0.0
2026-08-10T06:00:00Z,,,0.0,0.0,0.0,0.0,0.0,0.0,0.0,0.0,0.0,0.0,0.0,0.0,0.0,0.0,0.0,0.0,0.0,0.0,0.0,0.0,0.0,0.0,0.0,0.0
2026-08-10T06:30:00Z,,,0.0,0.0,0.0,0.0,0.0,0.0,0.0,0.0,0.0,0.0,0.0,0.0,0.0,0.0,0.0,0.0,0.0,0.0,0.0,0.0,0.0,0.0,0.0,0.0
2026-08-10T07:00:00Z,,,0.0,0.0,0.0,0.0,0.0,0.0,0.0,0.0,0.0,0.0,0.0,0.0,0.0,0.0,0.0,0.0,0.0,0.0,0.0,0.0,0.0,0.0,0.0,0.0
2026-08-10T07:30:00Z,,,0.0,0.0,0.0,0.0,0.0,0.0,0.0,0.0,0.0,0.0,0.0,0.0,0.0,0.0,0.0,0.0,0.0,0.0,0.0,0.0,0.0,0.0,0.0,0.0
2026-08-10T08:00:00Z,,,0.0,0.0,0.0,0.0,0.0,0.0,0.0,0.0,0.0,0.0,0.0,0.0,0.0,0.0,0.0,0.0,0.0,0.0,0.0,0.0,0.0,0.0,0.0,0.0
2026-08-10T08:30:00Z,,,0.0,0.0,0.0,0.0,0.0,0.0,0.0,0.0,0.0,0.0,0.0,0.0,0.0,0.0,0.0,0.0,0.0,0.0,0.0,0.0,0.0,0.0,0.0,0.0
2026-08-10T09:00:00Z,,,0.0,0.0,0.0,0.0,0.0,0.0,0.0,0.0,0.0,0.0,0.0,0.0,0.0,0.0,0.0,0.0,0.0,0.0,0.0,0.0,0.0,0.0,0.0,0.0
2026-08-10T09:30:00Z,,,0.0,0.0,0.0,0.0,0.0,0.0,0.0,0.0,0.0,0.0,0.0,0.0,0.0,0.0,0.0,0.0,0.0,0.0,0.0,0.0,0.0,0.0,0.0,0.0
2026-08-10T10:00:00Z,,,0.0,0.0,0.0,0.0,0.0,0.0,0.0,0.0,0.0,0.0,0.0,0.0,0.0,0.0,0.0,0.0,0.0,0.0,0.0,0.0,0.0,0.0,0.0,0.0
2026-08-10T10:30:00Z,,,0.0,0.0,0.0,0.0,0.0,0.0,0.0,0.0,0.0,0.0,0.0,0.0,0.0,0.0,0.0,0.0,0.0,0.0,0.0,0.0,0.0,0.0,0.0,0.0
2026-08-10T11:00:00Z,,,0.0,0.0,0.0,0.0,0.0,0.0,0.0,0.0,0.0,0.0,0.0,0.0,0.0,0.0,0.0,0.0,0.0,0.0,0.0,0.0,0.0,0.0,0.0,0.0
2026-08-10T11:30:00Z,,,0.0,0.0,0.0,0.0,0.0,0.0,0.0,0.0,0.0,0.0,0.0,0.0,0.0,0.0,0.0,0.0,0.0,0.0,0.0,0.0,0.0,0.0,0.0,0.0
2026-08-10T12:00:00Z,,,0.0,0.0,0.0,0.0,0.0,0.0,0.0,0.0,0.0,0.0,0.0,0.0,0.0,0.0,0.0,0.0,0.0,0.0,0.0,0.0,0.0,0.0,0.0,0.0
2026-08-10T12:30:00Z,,,0.0,0.0,0.0,0.0,0.0,0.0,0.0,0.0,0.0,0.0,0.0,0.0,0.0,0.0,0.0,0.0,0.0,0.0,0.0,0.0,0.0,0.0,0.0,0.0
2026-08-10T13:00:00Z,,,0.0,0.0,0.0,0.0,0.0,0.0,0.0,0.0,0.0,0.0,0.0,0.0,0.0,0.0,0.0,0.0,0.0,0.0,0.0,0.0,0.0,0.0,0.0,0.0
2026-08-10T13:30:00Z,,,0.0,0.0,0.0,0.0,0.0,0.0,0.0,0.0,0.0,0.0,0.0,0.0,0.0,0.0,0.0,0.0,0.0,0.0,0.0,0.0,0.0,0.0,0.0,0.0
2026-08-10T14:00:00Z,,,0.0,0.0,0.0,0.0,0.0,0.0,0.0,0.0,0.0,0.0,0.0,0.0,0.0,0.0,0.0,0.0,0.0,0.0,0.0,0.0,0.0,0.0,0.0,0.0
2026-08-10T14:30:00Z,,,0.0,0.0,0.0,0.0,0.0,0.0,0.0,0.0,0.0,0.0,0.0,0.0,0.0,0.0,0.0,0.0,0.0,0.0,0.0,0.0,0.0,0.0,0.0,0.0
2026-08-10T15:00:00Z,,,0.0,0.0,0.0,0.0,0.0,0.0,0.0,0.0,0.0,0.0,0.0,0.0,0.0,0.0,0.0,0.0,0.0,0.0,0.0,0.0,0.0,0.0,0.0,0.0
2026-08-10T15:30:00Z,,,0.0,0.0,0.0,0.0,0.0,0.0,0.0,0.0,0.0,0.0,0.0,0.0,0.0,0.0,0.0,0.0,0.0,0.0,0.0,0.0,0.0,0.0,0.0,0.0
2026-08-10T16:00:00Z,,,0.0,0.0,0.0,0.0,0.0,0.0,0.0,0.0,0.0,0.0,0.0,0.0,0.0,0.0,0.0,0.0,0.0,0.0,0.0,0.0,0.0,0.0,0.0,0.0
2026-08-10T16:30:00Z,,,0.0,0.0,0.0,0.0,0.0,0.0,0.0,0.0,0.0,0.0,0.0,0.0,0.0,0.0,0.0,0.0,0.0,0.0,0.0,0.0,0.0,0.0,0.0,0.0
2026-08-10T17:00:00Z,,,0.0,0.0,0.0,0.0,0.0,0.0,0.0,0.0,0.0,0.0,0.0,0.0,0.0,0.0,0.0,0.0,0.0,0.0,0.0,0.0,0.0,0.0,0.0,0.0
2026-08-10T17:30:00Z,,,0.0,0.0,0.0,0.0,0.0,0.0,0.0,0.0,0.0,0.0,0.0,0.0,0.0,0.0,0.0,0.0,0.0,0.0,0.0,0.0,0.0,0.0,0.0,0.0
2026-08-10T18:00:00Z,,,0.0,0.0,0.0,0.0,0.0,0.0,0.0,0.0,0.0,0.0,0.0,0.0,0.0,0.0,0.0,0.0,0.0,0.0,0.0,0.0,0.0,0.0,0.0,0.0
2026-08-10T18:30:00Z,,,0.0,0.0,0.0,0.0,0.0,0.0,0.0,0.0,0.0,0.0,0.0,0.0,0.0,0.0,0.0,0.0,0.0,0.0,0.0,0.0,0.0,0.0,0.0,0.0
2026-08-10T19:00:00Z,,,0.0,0.0,0.0,0.0,0.0,0.0,0.0,0.0,0.0,0.0,0.0,0.0,0.0,0.0,0.0,0.0,0.0,0.0,0.0,0.0,0.0,0.0,0.0,0.0
2026-08-10T19:30:00Z,,,0.0,0.0,0.0,0.0,0.0,0.0,0.0,0.0,0.0,0.0,0.0,0.0,0.0,0.0,0.0,0.0,0.0,0.0,0.0,0.0,0.0,0.0,0.0,0.0
2026-08-10T20:00:00Z,,,0.0,0.0,0.0,0.0,0.0,0.0,0.0,0.0,0.0,0.0,0.0,0.0,0.0,0.0,0.0,0.0,0.0,0.0,0.0,0.0,0.0,0.0,0.0,0.0
2026-08-10T20:30:00Z,,,0.0,0.0,0.0,0.0,0.0,0.0,0.0,0.0,0.0,0.0,0.0,0.0,0.0,0.0,0.0,0.0,0.0,0.0,0.0,0.0,0.0,0.0,0.0,0.0
2026-08-10T21:00:00Z,,,0.0,0.0,0.0,0.0,0.0,0.0,0.0,0.0,0.0,0.0,0.0,0.0,0.0,0.0,0.0,0.0,0.0,0.0,0.0,0.0,0.0,0.0,0.0,0.0
2026-08-10T21:30:00Z,,,0.0,0.0,0.0,0.0,0.0,0.0,0.0,0.0,0.0,0.0,0.0,0.0,0.0,0.0,0.0,0.0,0.0,0.0,0.0,0.0,0.0,0.0,0.0,0.0
2026-08-10T22:00:00Z,,,0.0,0.0,0.0,0.0,0.0,0.0,0.0,0.0,0.0,0.0,0.0,0.0,0.0,0.0,0.0,0.0,0.0,0.0,0.0,0.0,0.0,0.0,0.0,0.0
2026-08-10T22:30:00Z,,,0.0,0.0,0.0,0.0,0.0,0.0,0.0,0.0,0.0,0.0,0.0,0.0,0.0,0.0,0.0,0.0,0.0,0.0,0.0,0.0,0.0,0.0,0.0,0.0
2026-08-10T23:00:00Z,,,0.0,0.0,0.0,0.0,0.0,0.0,0.0,0.0,0.0,0.0,0.0,0.0,0.0,0.0,0.0,0.0,0.0,0.0,0.0,0.0,0.0,0.0,0.0,0.0
2026-08-10T23:30:00Z,,,0.0,0.0,0.0,0.0,0.0,0.0,0.0,0.0,0.0,0.0,0.0,0.0,0.0,0.0,0.0,0.0,0.0,0.0,0.0,0.0,0.0,0.0,0.0,0.0
2026-08-11T00:00:00Z,,,0.0,0.0,0.0,0.0,0.0,0.0,0.0,0.0,0.0,0.0,0.0,0.0,0.0,0.0,0.0,0.0,0.0,0.0,0.0,0.0,0.0,0.0,0.0,0.0
2026-08-11T00:30:00Z,,,0.0,0.0,0.0,0.0,0.0,0.0,0.0,0.0,0.0,0.0,0.0,0.0,0.0,0.0,0.0,0.0,0.0,0.0,0.0,0.0,0.0,0.0,0.0,0.0
2026-08-11T01:00:00Z,,,0.0,0.0,0.0,0.0,0.0,0.0,0.0,0.0,0.0,0.0,0.0,0.0,0.0,0.0,0.0,0.0,0.0,0.0,0.0,0.0,0.0,0.0,0.0,0.0
2026-08-11T01:30:00Z,,,0.0,0.0,0.0,0.0,0.0,0.0,0.0,0.0,0.0,0.0,0.0,0.0,0.0,0.0,0.0,0.0,0.0,0.0,0.0,0.0,0.0,0.0,0.0,0.0
2026-08-11T02:00:00Z,,,0.0,0.0,0.0,0.0,0.0,0.0,0.0,0.0,0.0,0.0,0.0,0.0,0.0,0.0,0.0,0.0,0.0,0.0,0.0,0.0,0.0,0.0,0.0,0.0
2026-08-11T02:30:00Z,,,0.0,0.0,0.0,0.0,0.0,0.0,0.0,0.0,0.0,0.0,0.0,0.0,0.0,0.0,0.0,0.0,0.0,0.0,0.0,0.0,0.0,0.0,0.0,0.0
2026-08-11T03:00:00Z,,,0.0,0.0,0.0,0.0,0.0,0.0,0.0,0.0,0.0,0.0,0.0,0.0,0.0,0.0,0.0,0.0,0.0,0.0,0.0,0.0,0.0,0.0,0.0,0.0
2026-08-11T03:30:00Z,,,0.0,0.0,0.0,0.0,0.0,0.0,0.0,0.0,0.0,0.0,0.0,0.0,0.0,0.0,0.0,0.0,0.0,0.0,0.0,0.0,0.0,0.0,0.0,0.0
2026-08-11T04:00:00Z,,,0.0,0.0,0.0,0.0,0.0,0.0,0.0,0.0,0.0,0.0,0.0,0.0,0.0,0.0,0.0,0.0,0.0,0.0,0.0,0.0,0.0,0.0,0.0,0.0
2026-08-11T04:30:00Z,,,0.0,0.0,0.0,0.0,0.0,0.0,0.0,0.0,0.0,0.0,0.0,0.0,0.0,0.0,0.0,0.0,0.0,0.0,0.0,0.0,0.0,0.0,0.0,0.0
2026-08-11T05:00:00Z,,,0.0,0.0,0.0,0.0,0.0,0.0,0.0,0.0,0.0,0.0,0.0,0.0,0.0,0.0,0.0,0.0,0.0,0.0,0.0,0.0,0.0,0.0,0.0,0.0
2026-08-11T05:30:00Z,,,0.0,0.0,0.0,0.0,0.0,0.0,0.0,0.0,0.0,0.0,0.0,0.0,0.0,0.0,0.0,0.0,0.0,0.0,0.0,0.0,0.0,0.0,0.0,0.0
2026-08-11T06:00:00Z,,,0.0,0.0,0.0,0.0,0.0,0.0,0.0,0.0,0.0,0.0,0.0,0.0,0.0,0.0,0.0,0.0,0.0,0.0,0.0,0.0,0.0,0.0,0.0,0.0
2026-08-11T06:30:00Z,,,0.0,0.0,0.0,0.0,0.0,0.0,0.0,0.0,0.0,0.0,0.0,0.0,0.0,0.0,0.0,0.0,0.0,0.0,0.0,0.0,0.0,0.0,0.0,0.0
2026-08-11T07:00:00Z,,,0.0,0.0,0.0,0.0,0.0,0.0,0.0,0.0,0.0,0.0,0.0,0.0,0.0,0.0,0.0,0.0,0.0,0.0,0.0,0.0,0.0,0.0,0.0,0.0
2026-08-11T07:30:00Z,,,0.0,0.0,0.0,0.0,0.0,0.0,0.0,0.0,0.0,0.0,0.0,0.0,0.0,0.0,0.0,0.0,0.0,0.0,0.0,0.0,0.0,0.0,0.0,0.0
2026-08-11T08:00:00Z,,,0.0,0.0,0.0,0.0,0.0,0.0,0.0,0.0,0.0,0.0,0.0,0.0,0.0,0.0,0.0,0.0,0.0,0.0,0.0,0.0,0.0,0.0,0.0,0.0
2026-08-11T08:30:00Z,,,0.0,0.0,0.0,0.0,0.0,0.0,0.0,0.0,0.0,0.0,0.0,0.0,0.0,0.0,0.0,0.0,0.0,0.0,0.0,0.0,0.0,0.0,0.0,0.0
2026-08-11T09:00:00Z,,,0.0,0.0,0.0,0.0,0.0,0.0,0.0,0.0,0.0,0.0,0.0,0.0,0.0,0.0,0.0,0.0,0.0,0.0,0.0,0.0,0.0,0.0,0.0,0.0
2026-08-11T09:30:00Z,,,0.0,0.0,0.0,0.0,0.0,0.0,0.0,0.0,0.0,0.0,0.0,0.0,0.0,0.0,0.0,0.0,0.0,0.0,0.0,0.0,0.0,0.0,0.0,0.0
2026-08-11T10:00:00Z,,,0.0,0.0,0.0,0.0,0.0,0.0,0.0,0.0,0.0,0.0,0.0,0.0,0.0,0.0,0.0,0.0,0.0,0.0,0.0,0.0,0.0,0.0,0.0,0.0
2026-08-11T10:30:00Z,,,0.0,0.0,0.0,0.0,0.0,0.0,0.0,0.0,0.0,0.0,0.0,0.0,0.0,0.0,0.0,0.0,0.0,0.0,0.0,0.0,0.0,0.0,0.0,0.0
2026-08-11T11:00:00Z,,,0.0,0.0,0.0,0.0,0.0,0.0,0.0,0.0,0.0,0.0,0.0,0.0,0.0,0.0,0.0,0.0,0.0,0.0,0.0,0.0,0.0,0.0,0.0,0.0
2026-08-11T11:30:00Z,,,0.0,0.0,0.0,0.0,0.0,0.0,0.0,0.0,0.0,0.0,0.0,0.0,0.0,0.0,0.0,0.0,0.0,0.0,0.0,0.0,0.0,0.0,0.0,0.0
2026-08-11T12:00:00Z,,,0.0,0.0,0.0,0.0,0.0,0.0,0.0,0.0,0.0,0.0,0.0,0.0,0.0,0.0,0.0,0.0,0.0,0.0,0.0,0.0,0.0,0.0,0.0,0.0
2026-08-11T12:30:00Z,,,0.0,0.0,0.0,0.0,0.0,0.0,0.0,0.0,0.0,0.0,0.0,0.0,0.0,0.0,0.0,0.0,0.0,0.0,0.0,0.0,0.0,0.0,0.0,0.0
2026-08-11T13:00:00Z,,,0.0,0.0,0.0,0.0,0.0,0.0,0.0,0.0,0.0,0.0,0.0,0.0,0.0,0.0,0.0,0.0,0.0,0.0,0.0,0.0,0.0,0.0,0.0,0.0
2026-08-11T13:30:00Z,,,0.0,0.0,0.0,0.0,0.0,0.0,0.0,0.0,0.0,0.0,0.0,0.0,0.0,0.0,0.0,0.0,0.0,0.0,0.0,0.0,0.0,0.0,0.0,0.0
2026-08-11T14:00:00Z,,,0.0,0.0,0.0,0.0,0.0,0.0,0.0,0.0,0.0,0.0,0.0,0.0,0.0,0.0,0.0,0.0,0.0,0.0,0.0,0.0,0.0,0.0,0.0,0.0
2026-08-11T14:30:00Z,,,0.0,0.0,0.0,0.0,0.0,0.0,0.0,0.0,0.0,0.0,0.0,0.0,0.0,0.0,0.0,0.0,0.0,0.0,0.0,0.0,0.0,0.0,0.0,0.0
2026-08-11T15:00:00Z,,,0.0,0.0,0.0,0.0,0.0,0.0,0.0,0.0,0.0,0.0,0.0,0.0,0.0,0.0,0.0,0.0,0.0,0.0,0.0,0.0,0.0,0.0,0.0,0.0
2026-08-11T15:30:00Z,,,0.0,0.0,0.0,0.0,0.0,0.0,0.0,0.0,0.0,0.0,0.0,0.0,0.0,0.0,0.0,0.0,0.0,0.0,0.0,0.0,0.0,0.0,0.0,0.0
2026-08-11T16:00:00Z,,,0.0,0.0,0.0,0.0,0.0,0.0,0.0,0.0,0.0,0.0,0.0,0.0,0.0,0.0,0.0,0.0,0.0,0.0,0.0,0.0,0.0,0.0,0.0,0.0
2026-08-11T16:30:00Z,,,0.0,0.0,0.0,0.0,0.0,0.0,0.0,0.0,0.0,0.0,0.0,0.0,0.0,0.0,0.0,0.0,0.0,0.0,0.0,0.0,0.0,0.0,0.0,0.0
2026-08-11T17:00:00Z,,,0.0,0.0,0.0,0.0,0.0,0.0,0.0,0.0,0.0,0.0,0.0,0.0,0.0,0.0,0.0,0.0,0.0,0.0,0.0,0.0,0.0,0.0,0.0,0.0
2026-08-11T17:30:00Z,,,0.0,0.0,0.0,0.0,0.0,0.0,0.0,0.0,0.0,0.0,0.0,0.0,0.0,0.0,0.0,0.0,0.0,0.0,0.0,0.0,0.0,0.0,0.0,0.0
2026-08-11T18:00:00Z,,,0.0,0.0,0.0,0.0,0.0,0.0,0.0,0.0,0.0,0.0,0.0,0.0,0.0,0.0,0.0,0.0,0.0,0.0,0.0,0.0,0.0,0.0,0.0,0.0
2026-08-11T18:30:00Z,,,0.0,0.0,0.0,0.0,0.0,0.0,0.0,0.0,0.0,0.0,0.0,0.0,0.0,0.0,0.0,0.0,0.0,0.0,0.0,0.0,0.0,0.0,0.0,0.0
2026-08-11T19:00:00Z,,,0.0,0.0,0.0,0.0,0.0,0.0,0.0,0.0,0.0,0.0,0.0,0.0,0.0,0.0,0.0,0.0,0.0,0.0,0.0,0.0,0.0,0.0,0.0,0.0
2026-08-11T19:30:00Z,,,0.0,0.0,0.0,0.0,0.0,0.0,0.0,0.0,0.0,0.0,0.0,0.0,0.0,0.0,0.0,0.0,0.0,0.0,0.0,0.0,0.0,0.0,0.0,0.0
2026-08-11T20:00:00Z,,,0.0,0.0,0.0,0.0,0.0,0.0,0.0,0.0,0.0,0.0,0.0,0.0,0.0,0.0,0.0,0.0,0.0,0.0,0.0,0.0,0.0,0.0,0.0,0.0
2026-08-11T20:30:00Z,,,0.0,0.0,0.0,0.0,0.0,0.0,0.0,0.0,0.0,0.0,0.0,0.0,0.0,0.0,0.0,0.0,0.0,0.0,0.0,0.0,0.0,0.0,0.0,0.0
2026-08-11T21:00:00Z,,,0.0,0.0,0.0,0.0,0.0,0.0,0.0,0.0,0.0,0.0,0.0,0.0,0.0,0.0,0.0,0.0,0.0,0.0,0.0,0.0,0.0,0.0,0.0,0.0
2026-08-11T21:30:00Z,,,0.0,0.0,0.0,0.0,0.0,0.0,0.0,0.0,0.0,0.0,0.0,0.0,0.0,0.0,0.0,0.0,0.0,0.0,0.0,0.0,0.0,0.0,0.0,0.0
2026-08-11T22:00:00Z,,,0.0,0.0,0.0,0.0,0.0,0.0,0.0,0.0,0.0,0.0,0.0,0.0,0.0,0.0,0.0,0.0,0.0,0.0,0.0,0.0,0.0,0.0,0.0,0.0
2026-08-11T22:30:00Z,,,0.0,0.0,0.0,0.0,0.0,0.0,0.0,0.0,0.0,0.0,0.0,0.0,0.0,0.0,0.0,0.0,0.0,0.0,0.0,0.0,0.0,0.0,0.0,0.0
2026-08-11T23:00:00Z,,,0.0,0.0,0.0,0.0,0.0,0.0,0.0,0.0,0.0,0.0,0.0,0.0,0.0,0.0,0.0,0.0,0.0,0.0,0.0,0.0,0.0,0.0,0.0,0.0
2026-08-11T23:30:00Z,,,0.0,0.0,0.0,0.0,0.0,0.0,0.0,0.0,0.0,0.0,0.0,0.0,0.0,0.0,0.0,0.0,0.0,0.0,0.0,0.0,0.0,0.0,0.0,0.0
2026-08-12T00:00:00Z,,,0.0,0.0,0.0,0.0,0.0,0.0,0.0,0.0,0.0,0.0,0.0,0.0,0.0,0.0,0.0,0.0,0.0,0.0,0.0,0.0,0.0,0.0,0.0,0.0
2026-08-12T00:30:00Z,,,0.0,0.0,0.0,0.0,0.0,0.0,0.0,0.0,0.0,0.0,0.0,0.0,0.0,0.0,0.0,0.0,0.0,0.0,0.0,0.0,0.0,0.0,0.0,0.0
2026-08-12T01:00:00Z,,,0.0,0.0,0.0,0.0,0.0,0.0,0.0,0.0,0.0,0.0,0.0,0.0,0.0,0.0,0.0,0.0,0.0,0.0,0.0,0.0,0.0,0.0,0.0,0.0
2026-08-12T01:30:00Z,,,0.0,0.0,0.0,0.0,0.0,0.0,0.0,0.0,0.0,0.0,0.0,0.0,0.0,0.0,0.0,0.0,0.0,0.0,0.0,0.0,0.0,0.0,0.0,0.0
2026-08-12T02:00:00Z,,,0.0,0.0,0.0,0.0,0.0,0.0,0.0,0.0,0.0,0.0,0.0,0.0,0.0,0.0,0.0,0.0,0.0,0.0,0.0,0.0,0.0,0.0,0.0,0.0
2026-08-12T02:30:00Z,,,0.0,0.0,0.0,0.0,0.0,0.0,0.0,0.0,0.0,0.0,0.0,0.0,0.0,0.0,0.0,0.0,0.0,0.0,0.0,0.0,0.0,0.0,0.0,0.0
2026-08-12T03:00:00Z,,,0.0,0.0,0.0,0.0,0.0,0.0,0.0,0.0,0.0,0.0,0.0,0.0,0.0,0.0,0.0,0.0,0.0,0.0,0.0,0.0,0.0,0.0,0.0,0.0
2026-08-12T03:30:00Z,,,0.0,0.0,0.0,0.0,0.0,0.0,0.0,0.0,0.0,0.0,0.0,0.0,0.0,0.0,0.0,0.0,0.0,0.0,0.0,0.0,0.0,0.0,0.0,0.0
2026-08-12T04:00:00Z,,,0.0,0.0,0.0,0.0,0.0,0.0,0.0,0.0,0.0,0.0,0.0,0.0,0.0,0.0,0.0,0.0,0.0,0.0,0.0,0.0,0.0,0.0,0.0,0.0
2026-08-12T04:30:00Z,,,0.0,0.0,0.0,0.0,0.0,0.0,0.0,0.0,0.0,0.0,0.0,0.0,0.0,0.0,0.0,0.0,0.0,0.0,0.0,0.0,0.0,0.0,0.0,0.0
2026-08-12T05:00:00Z,,,0.0,0.0,0.0,0.0,0.0,0.0,0.0,0.0,0.0,0.0,0.0,0.0,0.0,0.0,0.0,0.0,0.0,0.0,0.0,0.0,0.0,0.0,0.0,0.0
2026-08-12T05:30:00Z,,,0.0,0.0,0.0,0.0,0.0,0.0,0.0,0.0,0.0,0.0,0.0,0.0,0.0,0.0,0.0,0.0,0.0,0.0,0.0,0.0,0.0,0.0,0.0,0.0
2026-08-12T06:00:00Z,,,0.0,0.0,0.0,0.0,0.0,0.0,0.0,0.0,0.0,0.0,0.0,0.0,0.0,0.0,0.0,0.0,0.0,0.0,0.0,0.0,0.0,0.0,0.0,0.0
2026-08-12T06:30:00Z,,,0.0,0.0,0.0,0.0,0.0,0.0,0.0,0.0,0.0,0.0,0.0,0.0,0.0,0.0,0.0,0.0,0.0,0.0,0.0,0.0,0.0,0.0,0.0,0.0
2026-08-12T07:00:00Z,,,0.0,0.0,0.0,0.0,0.0,0.0,0.0,0.0,0.0,0.0,0.0,0.0,0.0,0.0,0.0,0.0,0.0,0.0,0.0,0.0,0.0,0.0,0.0,0.0
2026-08-12T07:30:00Z,,,0.0,0.0,0.0,0.0,0.0,0.0,0.0,0.0,0.0,0.0,0.0,0.0,0.0,0.0,0.0,0.0,0.0,0.0,0.0,0.0,0.0,0.0,0.0,0.0
2026-08-12T08:00:00Z,,,0.0,0.0,0.0,0.0,0.0,0.0,0.0,0.0,0.0,0.0,0.0,0.0,0.0,0.0,0.0,0.0,0.0,0.0,0.0,0.0,0.0,0.0,0.0,0.0
2026-08-12T08:30:00Z,,,0.0,0.0,0.0,0.0,0.0,0.0,0.0,0.0,0.0,0.0,0.0,0.0,0.0,0.0,0.0,0.0,0.0,0.0,0.0,0.0,0.0,0.0,0.0,0.0
2026-08-12T09:00:00Z,,,0.0,0.0,0.0,0.0,0.0,0.0,0.0,0.0,0.0,0.0,0.0,0.0,0.0,0.0,0.0,0.0,0.0,0.0,0.0,0.0,0.0,0.0,0.0,0.0
2026-08-12T09:30:00Z,,,0.0,0.0,0.0,0.0,0.0,0.0,0.0,0.0,0.0,0.0,0.0,0.0,0.0,0.0,0.0,0.0,0.0,0.0,0.0,0.0,0.0,0.0,0.0,0.0
2026-08-12T10:00:00Z,,,0.0,0.0,0.0,0.0,0.0,0.0,0.0,0.0,0.0,0.0,0.0,0.0,0.0,0.0,0.0,0.0,0.0,0.0,0.0,0.0,0.0,0.0,0.0,0.0
2026-08-12T10:30:00Z,,,0.0,0.0,0.0,0.0,0.0,0.0,0.0,0.0,0.0,0.0,0.0,0.0,0.0,0.0,0.0,0.0,0.0,0.0,0.0,0.0,0.0,0.0,0.0,0.0
2026-08-12T11:00:00Z,,,0.0,0.0,0.0,0.0,0.0,0.0,0.0,0.0,0.0,0.0,0.0,0.0,0.0,0.0,0.0,0.0,0.0,0.0,0.0,0.0,0.0,0.0,0.0,0.0
2026-08-12T11:30:00Z,,,0.0,0.0,0.0,0.0,0.0,0.0,0.0,0.0,0.0,0.0,0.0,0.0,0.0,0.0,0.0,0.0,0.0,0.0,0.0,0.0,0.0,0.0,0.0,0.0
2026-08-12T12:00:00Z,,,0.0,0.0,0.0,0.0,0.0,0.0,0.0,0.0,0.0,0.0,0.0,0.0,0.0,0.0,0.0,0.0,0.0,0.0,0.0,0.0,0.0,0.0,0.0,0.0
2026-08-12T12:30:00Z,,,0.0,0.0,0.0,0.0,0.0,0.0,0.0,0.0,0.0,0.0,0.0,0.0,0.0,0.0,0.0,0.0,0.0,0.0,0.0,0.0,0.0,0.0,0.0,0.0
2026-08-12T13:00:00Z,,,0.0,0.0,0.0,0.0,0.0,0.0,0.0,0.0,0.0,0.0,0.0,0.0,0.0,0.0,0.0,0.0,0.0,0.0,0.0,0.0,0.0,0.0,0.0,0.0
2026-08-12T13:30:00Z,,,0.0,0.0,0.0,0.0,0.0,0.0,0.0,0.0,0.0,0.0,0.0,0.0,0.0,0.0,0.0,0.0,0.0,0.0,0.0,0.0,0.0,0.0,0.0,0.0
2026-08-12T14:00:00Z,,,0.0,0.0,0.0,0.0,0.0,0.0,0.0,0.0,0.0,0.0,0.0,0.0,0.0,0.0,0.0,0.0,0.0,0.0,0.0,0.0,0.0,0.0,0.0,0.0
2026-08-12T14:30:00Z,,,0.0,0.0,0.0,0.0,0.0,0.0,0.0,0.0,0.0,0.0,0.0,0.0,0.0,0.0,0.0,0.0,0.0,0.0,0.0,0.0,0.0,0.0,0.0,0.0
2026-08-12T15:00:00Z,,,0.0,0.0,0.0,0.0,0.0,0.0,0.0,0.0,0.0,0.0,0.0,0.0,0.0,0.0,0.0,0.0,0.0,0.0,0.0,0.0,0.0,0.0,0.0,0.0
2026-08-12T15:30:00Z,,,0.0,0.0,0.0,0.0,0.0,0.0,0.0,0.0,0.0,0.0,0.0,0.0,0.0,0.0,0.0,0.0,0.0,0.0,0.0,0.0,0.0,0.0,0.0,0.0
2026-08-12T16:00:00Z,,,0.0,0.0,0.0,0.0,0.0,0.0,0.0,0.0,0.0,0.0,0.0,0.0,0.0,0.0,0.0,0.0,0.0,0.0,0.0,0.0,0.0,0.0,0.0,0.0
2026-08-12T16:30:00Z,,,0.0,0.0,0.0,0.0,0.0,0.0,0.0,0.0,0.0,0.0,0.0,0.0,0.0,0.0,0.0,0.0,0.0,0.0,0.0,0.0,0.0,0.0,0.0,0.0
2026-08-12T17:00:00Z,,,0.0,0.0,0.0,0.0,0.0,0.0,0.0,0.0,0.0,0.0,0.0,0.0,0.0,0.0,0.0,0.0,0.0,0.0,0.0,0.0,0.0,0.0,0.0,0.0
2026-08-12T17:30:00Z,,,0.0,0.0,0.0,0.0,0.0,0.0,0.0,0.0,0.0,0.0,0.0,0.0,0.0,0.0,0.0,0.0,0.0,0.0,0.0,0.0,0.0,0.0,0.0,0.0
2026-08-12T18:00:00Z,,,0.0,0.0,0.0,0.0,0.0,0.0,0.0,0.0,0.0,0.0,0.0,0.0,0.0,0.0,0.0,0.0,0.0,0.0,0.0,0.0,0.0,0.0,0.0,0.0
2026-08-12T18:30:00Z,,,0.0,0.0,0.0,0.0,0.0,0.0,0.0,0.0,0.0,0.0,0.0,0.0,0.0,0.0,0.0,0.0,0.0,0.0,0.0,0.0,0.0,0.0,0.0,0.0
2026-08-12T19:00:00Z,,,0.0,0.0,0.0,0.0,0.0,0.0,0.0,0.0,0.0,0.0,0.0,0.0,0.0,0.0,0.0,0.0,0.0,0.0,0.0,0.0,0.0,0.0,0.0,0.0
2026-08-12T19:30:00Z,,,0.0,0.0,0.0,0.0,0.0,0.0,0.0,0.0,0.0,0.0,0.0,0.0,0.0,0.0,0.0,0.0,0.0,0.0,0.0,0.0,0.0,0.0,0.0,0.0
2026-08-12T20:00:00Z,,,0.0,0.0,0.0,0.0,0.0,0.0,0.0,0.0,0.0,0.0,0.0,0.0,0.0,0.0,0.0,0.0,0.0,0.0,0.0,0.0,0.0,0.0,0.0,0.0
2026-08-12T20:30:00Z,,,0.0,0.0,0.0,0.0,0.0,0.0,0.0,0.0,0.0,0.0,0.0,0.0,0.0,0.0,0.0,0.0,0.0,0.0,0.0,0.0,0.0,0.0,0.0,0.0
2026-08-12T21:00:00Z,,,0.0,0.0,0.0,0.0,0.0,0.0,0.0,0.0,0.0,0.0,0.0,0.0,0.0,0.0,0.0,0.0,0.0,0.0,0.0,0.0,0.0,0.0,0.0,0.0
2026-08-12T21:30:00Z,,,0.0,0.0,0.0,0.0,0.0,0.0,0.0,0.0,0.0,0.0,0.0,0.0,0.0,0.0,0.0,0.0,0.0,0.0,0.0,0.0,0.0,0.0,0.0,0.0
2026-08-12T22:00:00Z,,,0.0,0.0,0.0,0.0,0.0,0.0,0.0,0.0,0.0,0.0,0.0,0.0,0.0,0.0,0.0,0.0,0.0,0.0,0.0,0.0,0.0,0.0,0.0,0.0
2026-08-12T22:30:00Z,,,0.0,0.0,0.0,0.0,0.0,0.0,0.0,0.0,0.0,0.0,0.0,0.0,0.0,0.0,0.0,0.0,0.0,0.0,0.0,0.0,0.0,0.0,0.0,0.0
2026-08-12T23:00:00Z,,,0.0,0.0,0.0,0.0,0.0,0.0,0.0,0.0,0.0,0.0,0.0,0.0,0.0,0.0,0.0,0.0,0.0,0.0,0.0,0.0,0.0,0.0,0.0,0.0
2026-08-12T23:30:00Z,,,0.0,0.0,0.0,0.0,0.0,0.0,0.0,0.0,0.0,0.0,0.0,0.0,0.0,0.0,0.0,0.0,0.0,0.0,0.0,0.0,0.0,0.0,0.0,0.0
2026-08-13T00:00:00Z,,,0.0,0.0,0.0,0.0,0.0,0.0,0.0,0.0,0.0,0.0,0.0,0.0,0.0,0.0,0.0,0.0,0.0,0.0,0.0,0.0,0.0,0.0,0.0,0.0
2026-08-13T00:30:00Z,,,0.0,0.0,0.0,0.0,0.0,0.0,0.0,0.0,0.0,0.0,0.0,0.0,0.0,0.0,0.0,0.0,0.0,0.0,0.0,0.0,0.0,0.0,0.0,0.0
2026-08-13T01:00:00Z,,,0.0,0.0,0.0,0.0,0.0,0.0,0.0,0.0,0.0,0.0,0.0,0.0,0.0,0.0,0.0,0.0,0.0,0.0,0.0,0.0,0.0,0.0,0.0,0.0
2026-08-13T01:30:00Z,,,0.0,0.0,0.0,0.0,0.0,0.0,0.0,0.0,0.0,0.0,0.0,0.0,0.0,0.0,0.0,0.0,0.0,0.0,0.0,0.0,0.0,0.0,0.0,0.0
2026-08-13T02:00:00Z,,,0.0,0.0,0.0,0.0,0.0,0.0,0.0,0.0,0.0,0.0,0.0,0.0,0.0,0.0,0.0,0.0,0.0,0.0,0.0,0.0,0.0,0.0,0.0,0.0
2026-08-13T02:30:00Z,,,0.0,0.0,0.0,0.0,0.0,0.0,0.0,0.0,0.0,0.0,0.0,0.0,0.0,0.0,0.0,0.0,0.0,0.0,0.0,0.0,0.0,0.0,0.0,0.0
2026-08-13T03:00:00Z,,,0.0,0.0,0.0,0.0,0.0,0.0,0.0,0.0,0.0,0.0,0.0,0.0,0.0,0.0,0.0,0.0,0.0,0.0,0.0,0.0,0.0,0.0,0.0,0.0
2026-08-13T03:30:00Z,,,0.0,0.0,0.0,0.0,0.0,0.0,0.0,0.0,0.0,0.0,0.0,0.0,0.0,0.0,0.0,0.0,0.0,0.0,0.0,0.0,0.0,0.0,0.0,0.0
2026-08-13T04:00:00Z,,,0.0,0.0,0.0,0.0,0.0,0.0,0.0,0.0,0.0,0.0,0.0,0.0,0.0,0.0,0.0,0.0,0.0,0.0,0.0,0.0,0.0,0.0,0.0,0.0
2026-08-13T04:30:00Z,,,0.0,0.0,0.0,0.0,0.0,0.0,0.0,0.0,0.0,0.0,0.0,0.0,0.0,0.0,0.0,0.0,0.0,0.0,0.0,0.0,0.0,0.0,0.0,0.0
2026-08-13T05:00:00Z,,,0.0,0.0,0.0,0.0,0.0,0.0,0.0,0.0,0.0,0.0,0.0,0.0,0.0,0.0,0.0,0.0,0.0,0.0,0.0,0.0,0.0,0.0,0.0,0.0
2026-08-13T05:30:00Z,,,0.0,0.0,0.0,0.0,0.0,0.0,0.0,0.0,0.0,0.0,0.0,0.0,0.0,0.0,0.0,0.0,0.0,0.0,0.0,0.0,0.0,0.0,0.0,0.0
2026-08-13T06:00:00Z,,,0.0,0.0,0.0,0.0,0.0,0.0,0.0,0.0,0.0,0.0,0.0,0.0,0.0,0.0,0.0,0.0,0.0,0.0,0.0,0.0,0.0,0.0,0.0,0.0
2026-08-13T06:30:00Z,,,0.0,0.0,0.0,0.0,0.0,0.0,0.0,0.0,0.0,0.0,0.0,0.0,0.0,0.0,0.0,0.0,0.0,0.0,0.0,0.0,0.0,0.0,0.0,0.0
2026-08-13T07:00:00Z,,,0.0,0.0,0.0,0.0,0.0,0.0,0.0,0.0,0.0,0.0,0.0,0.0,0.0,0.0,0.0,0.0,0.0,0.0,0.0,0.0,0.0,0.0,0.0,0.0
2026-08-13T07:30:00Z,,,0.0,0.0,0.0,0.0,0.0,0.0,0.0,0.0,0.0,0.0,0.0,0.0,0.0,0.0,0.0,0.0,0.0,0.0,0.0,0.0,0.0,0.0,0.0,0.0
2026-08-13T08:00:00Z,,,0.0,0.0,0.0,0.0,0.0,0.0,0.0,0.0,0.0,0.0,0.0,0.0,0.0,0.0,0.0,0.0,0.0,0.0,0.0,0.0,0.0,0.0,0.0,0.0
2026-08-13T08:30:00Z,,,0.0,0.0,0.0,0.0,0.0,0.0,0.0,0.0,0.0,0.0,0.0,0.0,0.0,0.0,0.0,0.0,0.0,0.0,0.0,0.0,0.0,0.0,0.0,0.0
2026-08-13T09:00:00Z,,,0.0,0.0,0.0,0.0,0.0,0.0,0.0,0.0,0.0,0.0,0.0,0.0,0.0,0.0,0.0,0.0,0.0,0.0,0.0,0.0,0.0,0.0,0.0,0.0
2026-08-13T09:30:00Z,,,0.0,0.0,0.0,0.0,0.0,0.0,0.0,0.0,0.0,0.0,0.0,0.0,0.0,0.0,0.0,0.0,0.0,0.0,0.0,0.0,0.0,0.0,0.0,0.0
2026-08-13T10:00:00Z,,,0.0,0.0,0.0,0.0,0.0,0.0,0.0,0.0,0.0,0.0,0.0,0.0,0.0,0.0,0.0,0.0,0.0,0.0,0.0,0.0,0.0,0.0,0.0,0.0
2026-08-13T10:30:00Z,,,0.0,0.0,0.0,0.0,0.0,0.0,0.0,0.0,0.0,0.0,0.0,0.0,0.0,0.0,0.0,0.0,0.0,0.0,0.0,0.0,0.0,0.0,0.0,0.0
2026-08-13T11:00:00Z,,,0.0,0.0,0.0,0.0,0.0,0.0,0.0,0.0,0.0,0.0,0.0,0.0,0.0,0.0,0.0,0.0,0.0,0.0,0.0,0.0,0.0,0.0,0.0,0.0
2026-08-13T11:30:00Z,,,0.0,0.0,0.0,0.0,0.0,0.0,0.0,0.0,0.0,0.0,0.0,0.0,0.0,0.0,0.0,0.0,0.0,0.0,0.0,0.0,0.0,0.0,0.0,0.0
2026-08-13T12:00:00Z,,,0.0,0.0,0.0,0.0,0.0,0.0,0.0,0.0,0.0,0.0,0.0,0.0,0.0,0.0,0.0,0.0,0.0,0.0,0.0,0.0,0.0,0.0,0.0,0.0
2026-08-13T12:30:00Z,,,0.0,0.0,0.0,0.0,0.0,0.0,0.0,0.0,0.0,0.0,0.0,0.0,0.0,0.0,0.0,0.0,0.0,0.0,0.0,0.0,0.0,0.0,0.0,0.0
2026-08-13T13:00:00Z,,,0.0,0.0,0.0,0.0,0.0,0.0,0.0,0.0,0.0,0.0,0.0,0.0,0.0,0.0,0.0,0.0,0.0,0.0,0.0,0.0,0.0,0.0,0.0,0.0
2026-08-13T13:30:00Z,,,0.0,0.0,0.0,0.0,0.0,0.0,0.0,0.0,0.0,0.0,0.0,0.0,0.0,0.0,0.0,0.0,0.0,0.0,0.0,0.0,0.0,0.0,0.0,0.0
2026-08-13T14:00:00Z,,,0.0,0.0,0.0,0.0,0.0,0.0,0.0,0.0,0.0,0.0,0.0,0.0,0.0,0.0,0.0,0.0,0.0,0.0,0.0,0.0,0.0,0.0,0.0,0.0
2026-08-13T14:30:00Z,,,0.0,0.0,0.0,0.0,0.0,0.0,0.0,0.0,0.0,0.0,0.0,0.0,0.0,0.0,0.0,0.0,0.0,0.0,0.0,0.0,0.0,0.0,0.0,0.0
2026-08-13T15:00:00Z,,,0.0,0.0,0.0,0.0,0.0,0.0,0.0,0.0,0.0,0.0,0.0,0.0,0.0,0.0,0.0,0.0,0.0,0.0,0.0,0.0,0.0,0.0,0.0,0.0
2026-08-13T15:30:00Z,,,0.0,0.0,0.0,0.0,0.0,0.0,0.0,0.0,0.0,0.0,0.0,0.0,0.0,0.0,0.0,0.0,0.0,0.0,0.0,0.0,0.0,0.0,0.0,0.0
2026-08-13T16:00:00Z,,,0.0,0.0,0.0,0.0,0.0,0.0,0.0,0.0,0.0,0.0,0.0,0.0,0.0,0.0,0.0,0.0,0.0,0.0,0.0,0.0,0.0,0.0,0.0,0.0
2026-08-13T16:30:00Z,,,0.0,0.0,0.0,0.0,0.0,0.0,0.0,0.0,0.0,0.0,0.0,0.0,0.0,0.0,0.0,0.0,0.0,0.0,0.0,0.0,0.0,0.0,0.0,0.0
2026-08-13T17:00:00Z,,,0.0,0.0,0.0,0.0,0.0,0.0,0.0,0.0,0.0,0.0,0.0,0.0,0.0,0.0,0.0,0.0,0.0,0.0,0.0,0.0,0.0,0.0,0.0,0.0
2026-08-13T17:30:00Z,,,0.0,0.0,0.0,0.0,0.0,0.0,0.0,0.0,0.0,0.0,0.0,0.0,0.0,0.0,0.0,0.0,0.0,0.0,0.0,0.0,0.0,0.0,0.0,0.0
2026-08-13T18:00:00Z,,,0.0,0.0,0.0,0.0,0.0,0.0,0.0,0.0,0.0,0.0,0.0,0.0,0.0,0.0,0.0,0.0,0.0,0.0,0.0,0.0,0.0,0.0,0.0,0.0
2026-08-13T18:30:00Z,,,0.0,0.0,0.0,0.0,0.0,0.0,0.0,0.0,0.0,0.0,0.0,0.0,0.0,0.0,0.0,0.0,0.0,0.0,0.0,0.0,0.0,0.0,0.0,0.0
2026-08-13T19:00:00Z,,,0.0,0.0,0.0,0.0,0.0,0.0,0.0,0.0,0.0,0.0,0.0,0.0,0.0,0.0,0.0,0.0,0.0,0.0,0.0,0.0,0.0,0.0,0.0,0.0
2026-08-13T19:30:00Z,,,0.0,0.0,0.0,0.0,0.0,0.0,0.0,0.0,0.0,0.0,0.0,0.0,0.0,0.0,0.0,0.0,0.0,0.0,0.0,0.0,0.0,0.0,0.0,0.0
2026-08-13T20:00:00Z,,,0.0,0.0,0.0,0.0,0.0,0.0,0.0,0.0,0.0,0.0,0.0,0.0,0.0,0.0,0.0,0.0,0.0,0.0,0.0,0.0,0.0,0.0,0.0,0.0
2026-08-13T20:30:00Z,,,0.0,0.0,0.0,0.0,0.0,0.0,0.0,0.0,0.0,0.0,0.0,0.0,0.0,0.0,0.0,0.0,0.0,0.0,0.0,0.0,0.0,0.0,0.0,0.0
2026-08-13T21:00:00Z,,,0.0,0.0,0.0,0.0,0.0,0.0,0.0,0.0,0.0,0.0,0.0,0.0,0.0,0.0,0.0,0.0,0.0,0.0,0.0,0.0,0.0,0.0,0.0,0.0
2026-08-13T21:30:00Z,,,0.0,0.0,0.0,0.0,0.0,0.0,0.0,0.0,0.0,0.0,0.0,0.0,0.0,0.0,0.0,0.0,0.0,0.0,0.0,0.0,0.0,0.0,0.0,0.0
2026-08-13T22:00:00Z,,,0.0,0.0,0.0,0.0,0.0,0.0,0.0,0.0,0.0,0.0,0.0,0.0,0.0,0.0,0.0,0.0,0.0,0.0,0.0,0.0,0.0,0.0,0.0,0.0
2026-08-13T22:30:00Z,,,0.0,0.0,0.0,0.0,0.0,0.0,0.0,0.0,0.0,0.0,0.0,0.0,0.0,0.0,0.0,0.0,0.0,0.0,0.0,0.0,0.0,0.0,0.0,0.0
2026-08-13T23:00:00Z,,,0.0,0.0,0.0,0.0,0.0,0.0,0.0,0.0,0.0,0.0,0.0,0.0,0.0,0.0,0.0,0.0,0.0,0.0,0.0,0.0,0.0,0.0,0.0,0.0
2026-08-13T23:30:00Z,,,0.0,0.0,0.0,0.0,0.0,0.0,0.0,0.0,0.0,0.0,0.0,0.0,0.0,0.0,0.0,0.0,0.0,0.0,0.0,0.0,0.0,0.0,0.0,0.0
2026-08-14T00:00:00Z,,,0.0,0.0,0.0,0.0,0.0,0.0,0.0,0.0,0.0,0.0,0.0,0.0,0.0,0.0,0.0,0.0,0.0,0.0,0.0,0.0,0.0,0.0,0.0,0.0
2026-08-14T00:30:00Z,,,0.0,0.0,0.0,0.0,0.0,0.0,0.0,0.0,0.0,0.0,0.0,0.0,0.0,0.0,0.0,0.0,0.0,0.0,0.0,0.0,0.0,0.0,0.0,0.0
2026-08-14T01:00:00Z,,,0.0,0.0,0.0,0.0,0.0,0.0,0.0,0.0,0.0,0.0,0.0,0.0,0.0,0.0,0.0,0.0,0.0,0.0,0.0,0.0,0.0,0.0,0.0,0.0
2026-08-14T01:30:00Z,,,0.0,0.0,0.0,0.0,0.0,0.0,0.0,0.0,0.0,0.0,0.0,0.0,0.0,0.0,0.0,0.0,0.0,0.0,0.0,0.0,0.0,0.0,0.0,0.0
2026-08-14T02:00:00Z,,,0.0,0.0,0.0,0.0,0.0,0.0,0.0,0.0,0.0,0.0,0.0,0.0,0.0,0.0,0.0,0.0,0.0,0.0,0.0,0.0,0.0,0.0,0.0,0.0
2026-08-14T02:30:00Z,,,0.0,0.0,0.0,0.0,0.0,0.0,0.0,0.0,0.0,0.0,0.0,0.0,0.0,0.0,0.0,0.0,0.0,0.0,0.0,0.0,0.0,0.0,0.0,0.0
2026-08-14T03:00:00Z,,,0.0,0.0,0.0,0.0,0.0,0.0,0.0,0.0,0.0,0.0,0.0,0.0,0.0,0.0,0.0,0.0,0.0,0.0,0.0,0.0,0.0,0.0,0.0,0.0
2026-08-14T03:30:00Z,,,0.0,0.0,0.0,0.0,0.0,0.0,0.0,0.0,0.0,0.0,0.0,0.0,0.0,0.0,0.0,0.0,0.0,0.0,0.0,0.0,0.0,0.0,0.0,0.0
2026-08-14T04:00:00Z,,,0.0,0.0,0.0,0.0,0.0,0.0,0.0,0.0,0.0,0.0,0.0,0.0,0.0,0.0,0.0,0.0,0.0,0.0,0.0,0.0,0.0,0.0,0.0,0.0
2026-08-14T04:30:00Z,,,0.0,0.0,0.0,0.0,0.0,0.0,0.0,0.0,0.0,0.0,0.0,0.0,0.0,0.0,0.0,0.0,0.0,0.0,0.0,0.0,0.0,0.0,0.0,0.0
2026-08-14T05:00:00Z,,,0.0,0.0,0.0,0.0,0.0,0.0,0.0,0.0,0.0,0.0,0.0,0.0,0.0,0.0,0.0,0.0,0.0,0.0,0.0,0.0,0.0,0.0,0.0,0.0
2026-08-14T05:30:00Z,,,0.0,0.0,0.0,0.0,0.0,0.0,0.0,0.0,0.0,0.0,0.0,0.0,0.0,0.0,0.0,0.0,0.0,0.0,0.0,0.0,0.0,0.0,0.0,0.0
2026-08-14T06:00:00Z,,,0.0,0.0,0.0,0.0,0.0,0.0,0.0,0.0,0.0,0.0,0.0,0.0,0.0,0.0,0.0,0.0,0.0,0.0,0.0,0.0,0.0,0.0,0.0,0.0
2026-08-14T06:30:00Z,,,0.0,0.0,0.0,0.0,0.0,0.0,0.0,0.0,0.0,0.0,0.0,0.0,0.0,0.0,0.0,0.0,0.0,0.0,0.0,0.0,0.0,0.0,0.0,0.0
2026-08-14T07:00:00Z,,,0.0,0.0,0.0,0.0,0.0,0.0,0.0,0.0,0.0,0.0,0.0,0.0,0.0,0.0,0.0,0.0,0.0,0.0,0.0,0.0,0.0,0.0,0.0,0.0
2026-08-14T07:30:00Z,,,0.0,0.0,0.0,0.0,0.0,0.0,0.0,0.0,0.0,0.0,0.0,0.0,0.0,0.0,0.0,0.0,0.0,0.0,0.0,0.0,0.0,0.0,0.0,0.0
2026-08-14T08:00:00Z,,,0.0,0.0,0.0,0.0,0.0,0.0,0.0,0.0,0.0,0.0,0.0,0.0,0.0,0.0,0.0,0.0,0.0,0.0,0.0,0.0,0.0,0.0,0.0,0.0
2026-08-14T08:30:00Z,,,0.0,0.0,0.0,0.0,0.0,0.0,0.0,0.0,0.0,0.0,0.0,0.0,0.0,0.0,0.0,0.0,0.0,0.0,0.0,0.0,0.0,0.0,0.0,0.0
2026-08-14T09:00:00Z,,,0.0,0.0,0.0,0.0,0.0,0.0,0.0,0.0,0.0,0.0,0.0,0.0,0.0,0.0,0.0,0.0,0.0,0.0,0.0,0.0,0.0,0.0,0.0,0.0
2026-08-14T09:30:00Z,,,0.0,0.0,0.0,0.0,0.0,0.0,0.0,0.0,0.0,0.0,0.0,0.0,0.0,0.0,0.0,0.0,0.0,0.0,0.0,0.0,0.0,0.0,0.0,0.0
2026-08-14T10:00:00Z,,,0.0,0.0,0.0,0.0,0.0,0.0,0.0,0.0,0.0,0.0,0.0,0.0,0.0,0.0,0.0,0.0,0.0,0.0,0.0,0.0,0.0,0.0,0.0,0.0
2026-08-14T10:30:00Z,,,0.0,0.0,0.0,0.0,0.0,0.0,0.0,0.0,0.0,0.0,0.0,0.0,0.0,0.0,0.0,0.0,0.0,0.0,0.0,0.0,0.0,0.0,0.0,0.0
2026-08-14T11:00:00Z,,,0.0,0.0,0.0,0.0,0.0,0.0,0.0,0.0,0.0,0.0,0.0,0.0,0.0,0.0,0.0,0.0,0.0,0.0,0.0,0.0,0.0,0.0,0.0,0.0
2026-08-14T11:30:00Z,,,0.0,0.0,0.0,0.0,0.0,0.0,0.0,0.0,0.0,0.0,0.0,0.0,0.0,0.0,0.0,0.0,0.0,0.0,0.0,0.0,0.0,0.0,0.0,0.0
2026-08-14T12:00:00Z,,,0.0,0.0,0.0,0.0,0.0,0.0,0.0,0.0,0.0,0.0,0.0,0.0,0.0,0.0,0.0,0.0,0.0,0.0,0.0,0.0,0.0,0.0,0.0,0.0
2026-08-14T12:30:00Z,,,0.0,0.0,0.0,0.0,0.0,0.0,0.0,0.0,0.0,0.0,0.0,0.0,0.0,0.0,0.0,0.0,0.0,0.0,0.0,0.0,0.0,0.0,0.0,0.0
2026-08-14T13:00:00Z,,,0.0,0.0,0.0,0.0,0.0,0.0,0.0,0.0,0.0,0.0,0.0,0.0,0.0,0.0,0.0,0.0,0.0,0.0,0.0,0.0,0.0,0.0,0.0,0.0
2026-08-14T13:30:00Z,,,0.0,0.0,0.0,0.0,0.0,0.0,0.0,0.0,0.0,0.0,0.0,0.0,0.0,0.0,0.0,0.0,0.0,0.0,0.0,0.0,0.0,0.0,0.0,0.0
2026-08-14T14:00:00Z,,,0.0,0.0,0.0,0.0,0.0,0.0,0.0,0.0,0.0,0.0,0.0,0.0,0.0,0.0,0.0,0.0,0.0,0.0,0.0,0.0,0.0,0.0,0.0,0.0
2026-08-14T14:30:00Z,,,0.0,0.0,0.0,0.0,0.0,0.0,0.0,0.0,0.0,0.0,0.0,0.0,0.0,0.0,0.0,0.0,0.0,0.0,0.0,0.0,0.0,0.0,0.0,0.0
2026-08-14T15:00:00Z,,,0.0,0.0,0.0,0.0,0.0,0.0,0.0,0.0,0.0,0.0,0.0,0.0,0.0,0.0,0.0,0.0,0.0,0.0,0.0,0.0,0.0,0.0,0.0,0.0
2026-08-14T15:30:00Z,,,0.0,0.0,0.0,0.0,0.0,0.0,0.0,0.0,0.0,0.0,0.0,0.0,0.0,0.0,0.0,0.0,0.0,0.0,0.0,0.0,0.0,0.0,0.0,0.0
2026-08-14T16:00:00Z,,,0.0,0.0,0.0,0.0,0.0,0.0,0.0,0.0,0.0,0.0,0.0,0.0,0.0,0.0,0.0,0.0,0.0,0.0,0.0,0.0,0.0,0.0,0.0,0.0
2026-08-14T16:30:00Z,,,0.0,0.0,0.0,0.0,0.0,0.0,0.0,0.0,0.0,0.0,0.0,0.0,0.0,0.0,0.0,0.0,0.0,0.0,0.0,0.0,0.0,0.0,0.0,0.0
2026-08-14T17:00:00Z,,,0.0,0.0,0.0,0.0,0.0,0.0,0.0,0.0,0.0,0.0,0.0,0.0,0.0,0.0,0.0,0.0,0.0,0.0,0.0,0.0,0.0,0.0,0.0,0.0
2026-08-14T17:30:00Z,,,0.0,0.0,0.0,0.0,0.0,0.0,0.0,0.0,0.0,0.0,0.0,0.0,0.0,0.0,0.0,0.0,0.0,0.0,0.0,0.0,0.0,0.0,0.0,0.0
2026-08-14T18:00:00Z,,,0.0,0.0,0.0,0.0,0.0,0.0,0.0,0.0,0.0,0.0,0.0,0.0,0.0,0.0,0.0,0.0,0.0,0.0,0.0,0.0,0.0,0.0,0.0,0.0
2026-08-14T18:30:00Z,,,0.0,0.0,0.0,0.0,0.0,0.0,0.0,0.0,0.0,0.0,0.0,0.0,0.0,0.0,0.0,0.0,0.0,0.0,0.0,0.0,0.0,0.0,0.0,0.0
2026-08-14T19:00:00Z,,,0.0,0.0,0.0,0.0,0.0,0.0,0.0,0.0,0.0,0.0,0.0,0.0,0.0,0.0,0.0,0.0,0.0,0.0,0.0,0.0,0.0,0.0,0.0,0.0
2026-08-14T19:30:00Z,,,0.0,0.0,0.0,0.0,0.0,0.0,0.0,0.0,0.0,0.0,0.0,0.0,0.0,0.0,0.0,0.0,0.0,0.0,0.0,0.0,0.0,0.0,0.0,0.0
2026-08-14T20:00:00Z,,,0.0,0.0,0.0,0.0,0.0,0.0,0.0,0.0,0.0,0.0,0.0,0.0,0.0,0.0,0.0,0.0,0.0,0.0,0.0,0.0,0.0,0.0,0.0,0.0
2026-08-14T20:30:00Z,,,0.0,0.0,0.0,0.0,0.0,0.0,0.0,0.0,0.0,0.0,0.0,0.0,0.0,0.0,0.0,0.0,0.0,0.0,0.0,0.0,0.0,0.0,0.0,0.0
2026-08-14T21:00:00Z,,,0.0,0.0,0.0,0.0,0.0,0.0,0.0,0.0,0.0,0.0,0.0,0.0,0.0,0.0,0.0,0.0,0.0,0.0,0.0,0.0,0.0,0.0,0.0,0.0
2026-08-14T21:30:00Z,,,0.0,0.0,0.0,0.0,0.0,0.0,0.0,0.0,0.0,0.0,0.0,0.0,0.0,0.0,0.0,0.0,0.0,0.0,0.0,0.0,0.0,0.0,0.0,0.0
2026-08-14T22:00:00Z,,,0.0,0.0,0.0,0.0,0.0,0.0,0.0,0.0,0.0,0.0,0.0,0.0,0.0,0.0,0.0,0.0,0.0,0.0,0.0,0.0,0.0,0.0,0.0,0.0
2026-08-14T22:30:00Z,,,0.0,0.0,0.0,0.0,0.0,0.0,0.0,0.0,0.0,0.0,0.0,0.0,0.0,0.0,0.0,0.0,0.0,0.0,0.0,0.0,0.0,0.0,0.0,0.0
2026-08-14T23:00:00Z,,,0.0,0.0,0.0,0.0,0.0,0.0,0.0,0.0,0.0,0.0,0.0,0.0,0.0,0.0,0.0,0.0,0.0,0.0,0.0,0.0,0.0,0.0,0.0,0.0
2026-08-14T23:30:00Z,,,0.0,0.0,0.0,0.0,0.0,0.0,0.0,0.0,0.0,0.0,0.0,0.0,0.0,0.0,0.0,0.0,0.0,0.0,0.0,0.0,0.0,0.0,0.0,0.0
2026-08-15T00:00:00Z,,,0.0,0.0,0.0,0.0,0.0,0.0,0.0,0.0,0.0,0.0,0.0,0.0,0.0,0.0,0.0,0.0,0.0,0.0,0.0,0.0,0.0,0.0,0.0,0.0
2026-08-15T00:30:00Z,,,0.0,0.0,0.0,0.0,0.0,0.0,0.0,0.0,0.0,0.0,0.0,0.0,0.0,0.0,0.0,0.0,0.0,0.0,0.0,0.0,0.0,0.0,0.0,0.0
2026-08-15T01:00:00Z,,,0.0,0.0,0.0,0.0,0.0,0.0,0.0,0.0,0.0,0.0,0.0,0.0,0.0,0.0,0.0,0.0,0.0,0.0,0.0,0.0,0.0,0.0,0.0,0.0
2026-08-15T01:30:00Z,,,0.0,0.0,0.0,0.0,0.0,0.0,0.0,0.0,0.0,0.0,0.0,0.0,0.0,0.0,0.0,0.0,0.0,0.0,0.0,0.0,0.0,0.0,0.0,0.0
2026-08-15T02:00:00Z,,,0.0,0.0,0.0,0.0,0.0,0.0,0.0,0.0,0.0,0.0,0.0,0.0,0.0,0.0,0.0,0.0,0.0,0.0,0.0,0.0,0.0,0.0,0.0,0.0
2026-08-15T02:30:00Z,,,0.0,0.0,0.0,0.0,0.0,0.0,0.0,0.0,0.0,0.0,0.0,0.0,0.0,0.0,0.0,0.0,0.0,0.0,0.0,0.0,0.0,0.0,0.0,0.0
2026-08-15T03:00:00Z,,,0.0,0.0,0.0,0.0,0.0,0.0,0.0,0.0,0.0,0.0,0.0,0.0,0.0,0.0,0.0,0.0,0.0,0.0,0.0,0.0,0.0,0.0,0.0,0.0
2026-08-15T03:30:00Z,,,0.0,0.0,0.0,0.0,0.0,0.0,0.0,0.0,0.0,0.0,0.0,0.0,0.0,0.0,0.0,0.0,0.0,0.0,0.0,0.0,0.0,0.0,0.0,0.0
2026-08-15T04:00:00Z,,,0.0,0.0,0.0,0.0,0.0,0.0,0.0,0.0,0.0,0.0,0.0,0.0,0.0,0.0,0.0,0.0,0.0,0.0,0.0,0.0,0.0,0.0,0.0,0.0
2026-08-15T04:30:00Z,,,0.0,0.0,0.0,0.0,0.0,0.0,0.0,0.0,0.0,0.0,0.0,0.0,0.0,0.0,0.0,0.0,0.0,0.0,0.0,0.0,0.0,0.0,0.0,0.0
2026-08-15T05:00:00Z,,,0.0,0.0,0.0,0.0,0.0,0.0,0.0,0.0,0.0,0.0,0.0,0.0,0.0,0.0,0.0,0.0,0.0,0.0,0.0,0.0,0.0,0.0,0.0,0.0
2026-08-15T05:30:00Z,,,0.0,0.0,0.0,0.0,0.0,0.0,0.0,0.0,0.0,0.0,0.0,0.0,0.0,0.0,0.0,0.0,0.0,0.0,0.0,0.0,0.0,0.0,0.0,0.0
2026-08-15T06:00:00Z,,,0.0,0.0,0.0,0.0,0.0,0.0,0.0,0.0,0.0,0.0,0.0,0.0,0.0,0.0,0.0,0.0,0.0,0.0,0.0,0.0,0.0,0.0,0.0,0.0
2026-08-15T06:30:00Z,,,0.0,0.0,0.0,0.0,0.0,0.0,0.0,0.0,0.0,0.0,0.0,0.0,0.0,0.0,0.0,0.0,0.0,0.0,0.0,0.0,0.0,0.0,0.0,0.0
2026-08-15T07:00:00Z,,,0.0,0.0,0.0,0.0,0.0,0.0,0.0,0.0,0.0,0.0,0.0,0.0,0.0,0.0,0.0,0.0,0.0,0.0,0.0,0.0,0.0,0.0,0.0,0.0
2026-08-15T07:30:00Z,,,0.0,0.0,0.0,0.0,0.0,0.0,0.0,0.0,0.0,0.0,0.0,0.0,0.0,0.0,0.0,0.0,0.0,0.0,0.0,0.0,0.0,0.0,0.0,0.0
2026-08-15T08:00:00Z,,,0.0,0.0,0.0,0.0,0.0,0.0,0.0,0.0,0.0,0.0,0.0,0.0,0.0,0.0,0.0,0.0,0.0,0.0,0.0,0.0,0.0,0.0,0.0,0.0
2026-08-15T08:30:00Z,,,0.0,0.0,0.0,0.0,0.0,0.0,0.0,0.0,0.0,0.0,0.0,0.0,0.0,0.0,0.0,0.0,0.0,0.0,0.0,0.0,0.0,0.0,0.0,0.0
2026-08-15T09:00:00Z,,,0.0,0.0,0.0,0.0,0.0,0.0,0.0,0.0,0.0,0.0,0.0,0.0,0.0,0.0,0.0,0.0,0.0,0.0,0.0,0.0,0.0,0.0,0.0,0.0
2026-08-15T09:30:00Z,,,0.0,0.0,0.0,0.0,0.0,0.0,0.0,0.0,0.0,0.0,0.0,0.0,0.0,0.0,0.0,0.0,0.0,0.0,0.0,0.0,0.0,0.0,0.0,0.0
2026-08-15T10:00:00Z,,,0.0,0.0,0.0,0.0,0.0,0.0,0.0,0.0,0.0,0.0,0.0,0.0,0.0,0.0,0.0,0.0,0.0,0.0,0.0,0.0,0.0,0.0,0.0,0.0
2026-08-15T10:30:00Z,,,0.0,0.0,0.0,0.0,0.0,0.0,0.0,0.0,0.0,0.0,0.0,0.0,0.0,0.0,0.0,0.0,0.0,0.0,0.0,0.0,0.0,0.0,0.0,0.0
2026-08-15T11:00:00Z,,,0.0,0.0,0.0,0.0,0.0,0.0,0.0,0.0,0.0,0.0,0.0,0.0,0.0,0.0,0.0,0.0,0.0,0.0,0.0,0.0,0.0,0.0,0.0,0.0
2026-08-15T11:30:00Z,,,0.0,0.0,0.0,0.0,0.0,0.0,0.0,0.0,0.0,0.0,0.0,0.0,0.0,0.0,0.0,0.0,0.0,0.0,0.0,0.0,0.0,0.0,0.0,0.0
2026-08-15T12:00:00Z,,,0.0,0.0,0.0,0.0,0.0,0.0,0.0,0.0,0.0,0.0,0.0,0.0,0.0,0.0,0.0,0.0,0.0,0.0,0.0,0.0,0.0,0.0,0.0,0.0
2026-08-15T12:30:00Z,,,0.0,0.0,0.0,0.0,0.0,0.0,0.0,0.0,0.0,0.0,0.0,0.0,0.0,0.0,0.0,0.0,0.0,0.0,0.0,0.0,0.0,0.0,0.0,0.0
2026-08-15T13:00:00Z,,,0.0,0.0,0.0,0.0,0.0,0.0,0.0,0.0,0.0,0.0,0.0,0.0,0.0,0.0,0.0,0.0,0.0,0.0,0.0,0.0,0.0,0.0,0.0,0.0
2026-08-15T13:30:00Z,,,0.0,0.0,0.0,0.0,0.0,0.0,0.0,0.0,0.0,0.0,0.0,0.0,0.0,0.0,0.0,0.0,0.0,0.0,0.0,0.0,0.0,0.0,0.0,0.0
2026-08-15T14:00:00Z,,,0.0,0.0,0.0,0.0,0.0,0.0,0.0,0.0,0.0,0.0,0.0,0.0,0.0,0.0,0.0,0.0,0.0,0.0,0.0,0.0,0.0,0.0,0.0,0.0
2026-08-15T14:30:00Z,,,0.0,0.0,0.0,0.0,0.0,0.0,0.0,0.0,0.0,0.0,0.0,0.0,0.0,0.0,0.0,0.0,0.0,0.0,0.0,0.0,0.0,0.0,0.0,0.0
2026-08-15T15:00:00Z,,,0.0,0.0,0.0,0.0,0.0,0.0,0.0,0.0,0.0,0.0,0.0,0.0,0.0,0.0,0.0,0.0,0.0,0.0,0.0,0.0,0.0,0.0,0.0,0.0
2026-08-15T15:30:00Z,,,0.0,0.0,0.0,0.0,0.0,0.0,0.0,0.0,0.0,0.0,0.0,0.0,0.0,0.0,0.0,0.0,0.0,0.0,0.0,0.0,0.0,0.0,0.0,0.0
2026-08-15T16:00:00Z,,,0.0,0.0,0.0,0.0,0.0,0.0,0.0,0.0,0.0,0.0,0.0,0.0,0.0,0.0,0.0,0.0,0.0,0.0,0.0,0.0,0.0,0.0,0.0,0.0
2026-08-15T16:30:00Z,,,0.0,0.0,0.0,0.0,0.0,0.0,0.0,0.0,0.0,0.0,0.0,0.0,0.0,0.0,0.0,0.0,0.0,0.0,0.0,0.0,0.0,0.0,0.0,0.0
2026-08-15T17:00:00Z,,,0.0,0.0,0.0,0.0,0.0,0.0,0.0,0.0,0.0,0.0,0.0,0.0,0.0,0.0,0.0,0.0,0.0,0.0,0.0,0.0,0.0,0.0,0.0,0.0
2026-08-15T17:30:00Z,,,0.0,0.0,0.0,0.0,0.0,0.0,0.0,0.0,0.0,0.0,0.0,0.0,0.0,0.0,0.0,0.0,0.0,0.0,0.0,0.0,0.0,0.0,0.0,0.0
2026-08-15T18:00:00Z,,,0.0,0.0,0.0,0.0,0.0,0.0,0.0,0.0,0.0,0.0,0.0,0.0,0.0,0.0,0.0,0.0,0.0,0.0,0.0,0.0,0.0,0.0,0.0,0.0
2026-08-15T18:30:00Z,,,0.0,0.0,0.0,0.0,0.0,0.0,0.0,0.0,0.0,0.0,0.0,0.0,0.0,0.0,0.0,0.0,0.0,0.0,0.0,0.0,0.0,0.0,0.0,0.0
2026-08-15T19:00:00Z,,,0.0,0.0,0.0,0.0,0.0,0.0,0.0,0.0,0.0,0.0,0.0,0.0,0.0,0.0,0.0,0.0,0.0,0.0,0.0,0.0,0.0,0.0,0.0,0.0
2026-08-15T19:30:00Z,,,0.0,0.0,0.0,0.0,0.0,0.0,0.0,0.0,0.0,0.0,0.0,0.0,0.0,0.0,0.0,0.0,0.0,0.0,0.0,0.0,0.0,0.0,0.0,0.0
2026-08-15T20:00:00Z,,,0.0,0.0,0.0,0.0,0.0,0.0,0.0,0.0,0.0,0.0,0.0,0.0,0.0,0.0,0.0,0.0,0.0,0.0,0.0,0.0,0.0,0.0,0.0,0.0
2026-08-15T20:30:00Z,,,0.0,0.0,0.0,0.0,0.0,0.0,0.0,0.0,0.0,0.0,0.0,0.0,0.0,0.0,0.0,0.0,0.0,0.0,0.0,0.0,0.0,0.0,0.0,0.0
2026-08-15T21:00:00Z,,,0.0,0.0,0.0,0.0,0.0,0.0,0.0,0.0,0.0,0.0,0.0,0.0,0.0,0.0,0.0,0.0,0.0,0.0,0.0,0.0,0.0,0.0,0.0,0.0
2026-08-15T21:30:00Z,,,0.0,0.0,0.0,0.0,0.0,0.0,0.0,0.0,0.0,0.0,0.0,0.0,0.0,0.0,0.0,0.0,0.0,0.0,0.0,0.0,0.0,0.0,0.0,0.0
2026-08-15T22:00:00Z,,,0.0,0.0,0.0,0.0,0.0,0.0,0.0,0.0,0.0,0.0,0.0,0.0,0.0,0.0,0.0,0.0,0.0,0.0,0.0,0.0,0.0,0.0,0.0,0.0
2026-08-15T22:30:00Z,,,0.0,0.0,0.0,0.0,0.0,0.0,0.0,0.0,0.0,0.0,0.0,0.0,0.0,0.0,0.0,0.0,0.0,0.0,0.0,0.0,0.0,0.0,0.0,0.0
2026-08-15T23:00:00Z,,,0.0,0.0,0.0,0.0,0.0,0.0,0.0,0.0,0.0,0.0,0.0,0.0,0.0,0.0,0.0,0.0,0.0,0.0,0.0,0.0,0.0,0.0,0.0,0.0
2026-08-15T23:30:00Z,,,0.0,0.0,0.0,0.0,0.0,0.0,0.0,0.0,0.0,0.0,0.0,0.0,0.0,0.0,0.0,0.0,0.0,0.0,0.0,0.0,0.0,0.0,0.0,0.0
2026-08-16T00:00:00Z,,,0.0,0.0,0.0,0.0,0.0,0.0,0.0,0.0,0.0,0.0,0.0,0.0,0.0,0.0,0.0,0.0,0.0,0.0,0.0,0.0,0.0,0.0,0.0,0.0
2026-08-16T00:30:00Z,,,0.0,0.0,0.0,0.0,0.0,0.0,0.0,0.0,0.0,0.0,0.0,0.0,0.0,0.0,0.0,0.0,0.0,0.0,0.0,0.0,0.0,0.0,0.0,0.0
2026-08-16T01:00:00Z,,,0.0,0.0,0.0,0.0,0.0,0.0,0.0,0.0,0.0,0.0,0.0,0.0,0.0,0.0,0.0,0.0,0.0,0.0,0.0,0.0,0.0,0.0,0.0,0.0
2026-08-16T01:30:00Z,,,0.0,0.0,0.0,0.0,0.0,0.0,0.0,0.0,0.0,0.0,0.0,0.0,0.0,0.0,0.0,0.0,0.0,0.0,0.0,0.0,0.0,0.0,0.0,0.0
2026-08-16T02:00:00Z,,,0.0,0.0,0.0,0.0,0.0,0.0,0.0,0.0,0.0,0.0,0.0,0.0,0.0,0.0,0.0,0.0,0.0,0.0,0.0,0.0,0.0,0.0,0.0,0.0
2026-08-16T02:30:00Z,,,0.0,0.0,0.0,0.0,0.0,0.0,0.0,0.0,0.0,0.0,0.0,0.0,0.0,0.0,0.0,0.0,0.0,0.0,0.0,0.0,0.0,0.0,0.0,0.0
2026-08-16T03:00:00Z,,,0.0,0.0,0.0,0.0,0.0,0.0,0.0,0.0,0.0,0.0,0.0,0.0,0.0,0.0,0.0,0.0,0.0,0.0,0.0,0.0,0.0,0.0,0.0,0.0
2026-08-16T03:30:00Z,,,0.0,0.0,0.0,0.0,0.0,0.0,0.0,0.0,0.0,0.0,0.0,0.0,0.0,0.0,0.0,0.0,0.0,0.0,0.0,0.0,0.0,0.0,0.0,0.0
2026-08-16T04:00:00Z,,,0.0,0.0,0.0,0.0,0.0,0.0,0.0,0.0,0.0,0.0,0.0,0.0,0.0,0.0,0.0,0.0,0.0,0.0,0.0,0.0,0.0,0.0,0.0,0.0
2026-08-16T04:30:00Z,,,0.0,0.0,0.0,0.0,0.0,0.0,0.0,0.0,0.0,0.0,0.0,0.0,0.0,0.0,0.0,0.0,0.0,0.0,0.0,0.0,0.0,0.0,0.0,0.0
2026-08-16T05:00:00Z,,,0.0,0.0,0.0,0.0,0.0,0.0,0.0,0.0,0.0,0.0,0.0,0.0,0.0,0.0,0.0,0.0,0.0,0.0,0.0,0.0,0.0,0.0,0.0,0.0
2026-08-16T05:30:00Z,,,0.0,0.0,0.0,0.0,0.0,0.0,0.0,0.0,0.0,0.0,0.0,0.0,0.0,0.0,0.0,0.0,0.0,0.0,0.0,0.0,0.0,0.0,0.0,0.0
2026-08-16T06:00:00Z,,,0.0,0.0,0.0,0.0,0.0,0.0,0.0,0.0,0.0,0.0,0.0,0.0,0.0,0.0,0.0,0.0,0.0,0.0,0.0,0.0,0.0,0.0,0.0,0.0
2026-08-16T06:30:00Z,,,0.0,0.0,0.0,0.0,0.0,0.0,0.0,0.0,0.0,0.0,0.0,0.0,0.0,0.0,0.0,0.0,0.0,0.0,0.0,0.0,0.0,0.0,0.0,0.0
2026-08-16T07:00:00Z,,,0.0,0.0,0.0,0.0,0.0,0.0,0.0,0.0,0.0,0.0,0.0,0.0,0.0,0.0,0.0,0.0,0.0,0.0,0.0,0.0,0.0,0.0,0.0,0.0
2026-08-16T07:30:00Z,,,0.0,0.0,0.0,0.0,0.0,0.0,0.0,0.0,0.0,0.0,0.0,0.0,0.0,0.0,0.0,0.0,0.0,0.0,0.0,0.0,0.0,0.0,0.0,0.0
2026-08-16T08:00:00Z,,,0.0,0.0,0.0,0.0,0.0,0.0,0.0,0.0,0.0,0.0,0.0,0.0,0.0,0.0,0.0,0.0,0.0,0.0,0.0,0.0,0.0,0.0,0.0,0.0
2026-08-16T08:30:00Z,,,0.0,0.0,0.0,0.0,0.0,0.0,0.0,0.0,0.0,0.0,0.0,0.0,0.0,0.0,0.0,0.0,0.0,0.0,0.0,0.0,0.0,0.0,0.0,0.0
2026-08-16T09:00:00Z,,,0.0,0.0,0.0,0.0,0.0,0.0,0.0,0.0,0.0,0.0,0.0,0.0,0.0,0.0,0.0,0.0,0.0,0.0,0.0,0.0,0.0,0.0,0.0,0.0
2026-08-16T09:30:00Z,,,0.0,0.0,0.0,0.0,0.0,0.0,0.0,0.0,0.0,0.0,0.0,0.0,0.0,0.0,0.0,0.0,0.0,0.0,0.0,0.0,0.0,0.0,0.0,0.0
2026-08-16T10:00:00Z,,,0.0,0.0,0.0,0.0,0.0,0.0,0.0,0.0,0.0,0.0,0.0,0.0,0.0,0.0,0.0,0.0,0.0,0.0,0.0,0.0,0.0,0.0,0.0,0.0
2026-08-16T10:30:00Z,,,0.0,0.0,0.0,0.0,0.0,0.0,0.0,0.0,0.0,0.0,0.0,0.0,0.0,0.0,0.0,0.0,0.0,0.0,0.0,0.0,0.0,0.0,0.0,0.0
2026-08-16T11:00:00Z,,,0.0,0.0,0.0,0.0,0.0,0.0,0.0,0.0,0.0,0.0,0.0,0.0,0.0,0.0,0.0,0.0,0.0,0.0,0.0,0.0,0.0,0.0,0.0,0.0
2026-08-16T11:30:00Z,,,0.0,0.0,0.0,0.0,0.0,0.0,0.0,0.0,0.0,0.0,0.0,0.0,0.0,0.0,0.0,0.0,0.0,0.0,0.0,0.0,0.0,0.0,0.0,0.0
2026-08-16T12:00:00Z,,,0.0,0.0,0.0,0.0,0.0,0.0,0.0,0.0,0.0,0.0,0.0,0.0,0.0,0.0,0.0,0.0,0.0,0.0,0.0,0.0,0.0,0.0,0.0,0.0
2026-08-16T12:30:00Z,,,0.0,0.0,0.0,0.0,0.0,0.0,0.0,0.0,0.0,0.0,0.0,0.0,0.0,0.0,0.0,0.0,0.0,0.0,0.0,0.0,0.0,0.0,0.0,0.0
2026-08-16T13:00:00Z,,,0.0,0.0,0.0,0.0,0.0,0.0,0.0,0.0,0.0,0.0,0.0,0.0,0.0,0.0,0.0,0.0,0.0,0.0,0.0,0.0,0.0,0.0,0.0,0.0
2026-08-16T13:30:00Z,,,0.0,0.0,0.0,0.0,0.0,0.0,0.0,0.0,0.0,0.0,0.0,0.0,0.0,0.0,0.0,0.0,0.0,0.0,0.0,0.0,0.0,0.0,0.0,0.0
2026-08-16T14:00:00Z,,,0.0,0.0,0.0,0.0,0.0,0.0,0.0,0.0,0.0,0.0,0.0,0.0,0.0,0.0,0.0,0.0,0.0,0.0,0.0,0.0,0.0,0.0,0.0,0.0
2026-08-16T14:30:00Z,,,0.0,0.0,0.0,0.0,0.0,0.0,0.0,0.0,0.0,0.0,0.0,0.0,0.0,0.0,0.0,0.0,0.0,0.0,0.0,0.0,0.0,0.0,0.0,0.0
2026-08-16T15:00:00Z,,,0.0,0.0,0.0,0.0,0.0,0.0,0.0,0.0,0.0,0.0,0.0,0.0,0.0,0.0,0.0,0.0,0.0,0.0,0.0,0.0,0.0,0.0,0.0,0.0
2026-08-16T15:30:00Z,,,0.0,0.0,0.0,0.0,0.0,0.0,0.0,0.0,0.0,0.0,0.0,0.0,0.0,0.0,0.0,0.0,0.0,0.0,0.0,0.0,0.0,0.0,0.0,0.0
2026-08-16T16:00:00Z,,,0.0,0.0,0.0,0.0,0.0,0.0,0.0,0.0,0.0,0.0,0.0,0.0,0.0,0.0,0.0,0.0,0.0,0.0,0.0,0.0,0.0,0.0,0.0,0.0
2026-08-16T16:30:00Z,,,0.0,0.0,0.0,0.0,0.0,0.0,0.0,0.0,0.0,0.0,0.0,0.0,0.0,0.0,0.0,0.0,0.0,0.0,0.0,0.0,0.0,0.0,0.0,0.0
2026-08-16T17:00:00Z,,,0.0,0.0,0.0,0.0,0.0,0.0,0.0,0.0,0.0,0.0,0.0,0.0,0.0,0.0,0.0,0.0,0.0,0.0,0.0,0.0,0.0,0.0,0.0,0.0
2026-08-16T17:30:00Z,,,0.0,0.0,0.0,0.0,0.0,0.0,0.0,0.0,0.0,0.0,0.0,0.0,0.0,0.0,0.0,0.0,0.0,0.0,0.0,0.0,0.0,0.0,0.0,0.0
2026-08-16T18:00:00Z,,,0.0,0.0,0.0,0.0,0.0,0.0,0.0,0.0,0.0,0.0,0.0,0.0,0.0,0.0,0.0,0.0,0.0,0.0,0.0,0.0,0.0,0.0,0.0,0.0
2026-08-16T18:30:00Z,,,0.0,0.0,0.0,0.0,0.0,0.0,0.0,0.0,0.0,0.0,0.0,0.0,0.0,0.0,0.0,0.0,0.0,0.0,0.0,0.0,0.0,0.0,0.0,0.0
2026-08-16T19:00:00Z,,,0.0,0.0,0.0,0.0,0.0,0.0,0.0,0.0,0.0,0.0,0.0,0.0,0.0,0.0,0.0,0.0,0.0,0.0,0.0,0.0,0.0,0.0,0.0,0.0
2026-08-16T19:30:00Z,,,0.0,0.0,0.0,0.0,0.0,0.0,0.0,0.0,0.0,0.0,0.0,0.0,0.0,0.0,0.0,0.0,0.0,0.0,0.0,0.0,0.0,0.0,0.0,0.0
2026-08-16T20:00:00Z,,,0.0,0.0,0.0,0.0,0.0,0.0,0.0,0.0,0.0,0.0,0.0,0.0,0.0,0.0,0.0,0.0,0.0,0.0,0.0,0.0,0.0,0.0,0.0,0.0
2026-08-16T20:30:00Z,,,0.0,0.0,0.0,0.0,0.0,0.0,0.0,0.0,0.0,0.0,0.0,0.0,0.0,0.0,0.0,0.0,0.0,0.0,0.0,0.0,0.0,0.0,0.0,0.0
2026-08-16T21:00:00Z,,,0.0,0.0,0.0,0.0,0.0,0.0,0.0,0.0,0.0,0.0,0.0,0.0,0.0,0.0,0.0,0.0,0.0,0.0,0.0,0.0,0.0,0.0,0.0,0.0
2026-08-16T21:30:00Z,,,0.0,0.0,0.0,0.0,0.0,0.0,0.0,0.0,0.0,0.0,0.0,0.0,0.0,0.0,0.0,0.0,0.0,0.0,0.0,0.0,0.0,0.0,0.0,0.0
2026-08-16T22:00:00Z,,,0.0,0.0,0.0,0.0,0.0,0.0,0.0,0.0,0.0,0.0,0.0,0.0,0.0,0.0,0.0,0.0,0.0,0.0,0.0,0.0,0.0,0.0,0.0,0.0
2026-08-16T22:30:00Z,,,0.0,0.0,0.0,0.0,0.0,0.0,0.0,0.0,0.0,0.0,0.0,0.0,0.0,0.0,0.0,0.0,0.0,0.0,0.0,0.0,0.0,0.0,0.0,0.0
2026-08-16T23:00:00Z,,,0.0,0.0,0.0,0.0,0.0,0.0,0.0,0.0,0.0,0.0,0.0,0.0,0.0,0.0,0.0,0.0,0.0,0.0,0.0,0.0,0.0,0.0,0.0,0.0
2026-08-16T23:30:00Z,,,0.0,0.0,0.0,0.0,0.0,0.0,0.0,0.0,0.0,0.0,0.0,0.0,0.0,0.0,0.0,0.0,0.0,0.0,0.0,0.0,0.0,0.0,0.0,0.0
2026-08-17T00:00:00Z,,,0.0,0.0,0.0,0.0,0.0,0.0,0.0,0.0,0.0,0.0,0.0,0.0,0.0,0.0,0.0,0.0,0.0,0.0,0.0,0.0,0.0,0.0,0.0,0.0
2026-08-17T00:30:00Z,,,0.0,0.0,0.0,0.0,0.0,0.0,0.0,0.0,0.0,0.0,0.0,0.0,0.0,0.0,0.0,0.0,0.0,0.0,0.0,0.0,0.0,0.0,0.0,0.0
2026-08-17T01:00:00Z,,,0.0,0.0,0.0,0.0,0.0,0.0,0.0,0.0,0.0,0.0,0.0,0.0,0.0,0.0,0.0,0.0,0.0,0.0,0.0,0.0,0.0,0.0,0.0,0.0
2026-08-17T01:30:00Z,,,0.0,0.0,0.0,0.0,0.0,0.0,0.0,0.0,0.0,0.0,0.0,0.0,0.0,0.0,0.0,0.0,0.0,0.0,0.0,0.0,0.0,0.0,0.0,0.0
2026-08-17T02:00:00Z,,,0.0,0.0,0.0,0.0,0.0,0.0,0.0,0.0,0.0,0.0,0.0,0.0,0.0,0.0,0.0,0.0,0.0,0.0,0.0,0.0,0.0,0.0,0.0,0.0
2026-08-17T02:30:00Z,,,0.0,0.0,0.0,0.0,0.0,0.0,0.0,0.0,0.0,0.0,0.0,0.0,0.0,0.0,0.0,0.0,0.0,0.0,0.0,0.0,0.0,0.0,0.0,0.0
2026-08-17T03:00:00Z,,,0.0,0.0,0.0,0.0,0.0,0.0,0.0,0.0,0.0,0.0,0.0,0.0,0.0,0.0,0.0,0.0,0.0,0.0,0.0,0.0,0.0,0.0,0.0,0.0
2026-08-17T03:30:00Z,,,0.0,0.0,0.0,0.0,0.0,0.0,0.0,0.0,0.0,0.0,0.0,0.0,0.0,0.0,0.0,0.0,0.0,0.0,0.0,0.0,0.0,0.0,0.0,0.0
2026-08-17T04:00:00Z,,,0.0,0.0,0.0,0.0,0.0,0.0,0.0,0.0,0.0,0.0,0.0,0.0,0.0,0.0,0.0,0.0,0.0,0.0,0.0,0.0,0.0,0.0,0.0,0.0
2026-08-17T04:30:00Z,,,0.0,0.0,0.0,0.0,0.0,0.0,0.0,0.0,0.0,0.0,0.0,0.0,0.0,0.0,0.0,0.0,0.0,0.0,0.0,0.0,0.0,0.0,0.0,0.0
2026-08-17T05:00:00Z,,,0.0,0.0,0.0,0.0,0.0,0.0,0.0,0.0,0.0,0.0,0.0,0.0,0.0,0.0,0.0,0.0,0.0,0.0,0.0,0.0,0.0,0.0,0.0,0.0
2026-08-17T05:30:00Z,,,0.0,0.0,0.0,0.0,0.0,0.0,0.0,0.0,0.0,0.0,0.0,0.0,0.0,0.0,0.0,0.0,0.0,0.0,0.0,0.0,0.0,0.0,0.0,0.0
2026-08-17T06:00:00Z,,,0.0,0.0,0.0,0.0,0.0,0.0,0.0,0.0,0.0,0.0,0.0,0.0,0.0,0.0,0.0,0.0,0.0,0.0,0.0,0.0,0.0,0.0,0.0,0.0
2026-08-17T06:30:00Z,,,0.0,0.0,0.0,0.0,0.0,0.0,0.0,0.0,0.0,0.0,0.0,0.0,0.0,0.0,0.0,0.0,0.0,0.0,0.0,0.0,0.0,0.0,0.0,0.0
2026-08-17T07:00:00Z,,,0.0,0.0,0.0,0.0,0.0,0.0,0.0,0.0,0.0,0.0,0.0,0.0,0.0,0.0,0.0,0.0,0.0,0.0,0.0,0.0,0.0,0.0,0.0,0.0
2026-08-17T07:30:00Z,,,0.0,0.0,0.0,0.0,0.0,0.0,0.0,0.0,0.0,0.0,0.0,0.0,0.0,0.0,0.0,0.0,0.0,0.0,0.0,0.0,0.0,0.0,0.0,0.0
2026-08-17T08:00:00Z,,,0.0,0.0,0.0,0.0,0.0,0.0,0.0,0.0,0.0,0.0,0.0,0.0,0.0,0.0,0.0,0.0,0.0,0.0,0.0,0.0,0.0,0.0,0.0,0.0
2026-08-17T08:30:00Z,,,0.0,0.0,0.0,0.0,0.0,0.0,0.0,0.0,0.0,0.0,0.0,0.0,0.0,0.0,0.0,0.0,0.0,0.0,0.0,0.0,0.0,0.0,0.0,0.0
2026-08-17T09:00:00Z,,,0.0,0.0,0.0,0.0,0.0,0.0,0.0,0.0,0.0,0.0,0.0,0.0,0.0,0.0,0.0,0.0,0.0,0.0,0.0,0.0,0.0,0.0,0.0,0.0
2026-08-17T09:30:00Z,,,0.0,0.0,0.0,0.0,0.0,0.0,0.0,0.0,0.0,0.0,0.0,0.0,0.0,0.0,0.0,0.0,0.0,0.0,0.0,0.0,0.0,0.0,0.0,0.0
2026-08-17T10:00:00Z,,,0.0,0.0,0.0,0.0,0.0,0.0,0.0,0.0,0.0,0.0,0.0,0.0,0.0,0.0,0.0,0.0,0.0,0.0,0.0,0.0,0.0,0.0,0.0,0.0
2026-08-17T10:30:00Z,,,0.0,0.0,0.0,0.0,0.0,0.0,0.0,0.0,0.0,0.0,0.0,0.0,0.0,0.0,0.0,0.0,0.0,0.0,0.0,0.0,0.0,0.0,0.0,0.0
2026-08-17T11:00:00Z,,,0.0,0.0,0.0,0.0,0.0,0.0,0.0,0.0,0.0,0.0,0.0,0.0,0.0,0.0,0.0,0.0,0.0,0.0,0.0,0.0,0.0,0.0,0.0,0.0
2026-08-17T11:30:00Z,,,0.0,0.0,0.0,0.0,0.0,0.0,0.0,0.0,0.0,0.0,0.0,0.0,0.0,0.0,0.0,0.0,0.0,0.0,0.0,0.0,0.0,0.0,0.0,0.0
2026-08-17T12:00:00Z,,,0.0,0.0,0.0,0.0,0.0,0.0,0.0,0.0,0.0,0.0,0.0,0.0,0.0,0.0,0.0,0.0,0.0,0.0,0.0,0.0,0.0,0.0,0.0,0.0
2026-08-17T12:30:00Z,,,0.0,0.0,0.0,0.0,0.0,0.0,0.0,0.0,0.0,0.0,0.0,0.0,0.0,0.0,0.0,0.0,0.0,0.0,0.0,0.0,0.0,0.0,0.0,0.0
2026-08-17T13:00:00Z,,,0.0,0.0,0.0,0.0,0.0,0.0,0.0,0.0,0.0,0.0,0.0,0.0,0.0,0.0,0.0,0.0,0.0,0.0,0.0,0.0,0.0,0.0,0.0,0.0
2026-08-17T13:30:00Z,,,0.0,0.0,0.0,0.0,0.0,0.0,0.0,0.0,0.0,0.0,0.0,0.0,0.0,0.0,0.0,0.0,0.0,0.0,0.0,0.0,0.0,0.0,0.0,0.0
2026-08-17T14:00:00Z,,,0.0,0.0,0.0,0.0,0.0,0.0,0.0,0.0,0.0,0.0,0.0,0.0,0.0,0.0,0.0,0.0,0.0,0.0,0.0,0.0,0.0,0.0,0.0,0.0
2026-08-17T14:30:00Z,,,0.0,0.0,0.0,0.0,0.0,0.0,0.0,0.0,0.0,0.0,0.0,0.0,0.0,0.0,0.0,0.0,0.0,0.0,0.0,0.0,0.0,0.0,0.0,0.0
2026-08-17T15:00:00Z,,,0.0,0.0,0.0,0.0,0.0,0.0,0.0,0.0,0.0,0.0,0.0,0.0,0.0,0.0,0.0,0.0,0.0,0.0,0.0,0.0,0.0,0.0,0.0,0.0
2026-08-17T15:30:00Z,,,0.0,0.0,0.0,0.0,0.0,0.0,0.0,0.0,0.0,0.0,0.0,0.0,0.0,0.0,0.0,0.0,0.0,0.0,0.0,0.0,0.0,0.0,0.0,0.0
2026-08-17T16:00:00Z,,,0.0,0.0,0.0,0.0,0.0,0.0,0.0,0.0,0.0,0.0,0.0,0.0,0.0,0.0,0.0,0.0,0.0,0.0,0.0,0.0,0.0,0.0,0.0,0.0
2026-08-17T16:30:00Z,,,0.0,0.0,0.0,0.0,0.0,0.0,0.0,0.0,0.0,0.0,0.0,0.0,0.0,0.0,0.0,0.0,0.0,0.0,0.0,0.0,0.0,0.0,0.0,0.0
2026-08-17T17:00:00Z,,,0.0,0.0,0.0,0.0,0.0,0.0,0.0,0.0,0.0,0.0,0.0,0.0,0.0,0.0,0.0,0.0,0.0,0.0,0.0,0.0,0.0,0.0,0.0,0.0
2026-08-17T17:30:00Z,,,0.0,0.0,0.0,0.0,0.0,0.0,0.0,0.0,0.0,0.0,0.0,0.0,0.0,0.0,0.0,0.0,0.0,0.0,0.0,0.0,0.0,0.0,0.0,0.0
2026-08-17T18:00:00Z,,,0.0,0.0,0.0,0.0,0.0,0.0,0.0,0.0,0.0,0.0,0.0,0.0,0.0,0.0,0.0,0.0,0.0,0.0,0.0,0.0,0.0,0.0,0.0,0.0
2026-08-17T18:30:00Z,,,0.0,0.0,0.0,0.0,0.0,0.0,0.0,0.0,0.0,0.0,0.0,0.0,0.0,0.0,0.0,0.0,0.0,0.0,0.0,0.0,0.0,0.0,0.0,0.0
2026-08-17T19:00:00Z,,,0.0,0.0,0.0,0.0,0.0,0.0,0.0,0.0,0.0,0.0,0.0,0.0,0.0,0.0,0.0,0.0,0.0,0.0,0.0,0.0,0.0,0.0,0.0,0.0
2026-08-17T19:30:00Z,,,0.0,0.0,0.0,0.0,0.0,0.0,0.0,0.0,0.0,0.0,0.0,0.0,0.0,0.0,0.0,0.0,0.0,0.0,0.0,0.0,0.0,0.0,0.0,0.0
2026-08-17T20:00:00Z,,,0.0,0.0,0.0,0.0,0.0,0.0,0.0,0.0,0.0,0.0,0.0,0.0,0.0,0.0,0.0,0.0,0.0,0.0,0.0,0.0,0.0,0.0,0.0,0.0
2026-08-17T20:30:00Z,,,0.0,0.0,0.0,0.0,0.0,0.0,0.0,0.0,0.0,0.0,0.0,0.0,0.0,0.0,0.0,0.0,0.0,0.0,0.0,0.0,0.0,0.0,0.0,0.0
2026-08-17T21:00:00Z,,,0.0,0.0,0.0,0.0,0.0,0.0,0.0,0.0,0.0,0.0,0.0,0.0,0.0,0.0,0.0,0.0,0.0,0.0,0.0,0.0,0.0,0.0,0.0,0.0
2026-08-17T21:30:00Z,,,0.0,0.0,0.0,0.0,0.0,0.0,0.0,0.0,0.0,0.0,0.0,0.0,0.0,0.0,0.0,0.0,0.0,0.0,0.0,0.0,0.0,0.0,0.0,0.0
2026-08-17T22:00:00Z,,,0.0,0.0,0.0,0.0,0.0,0.0,0.0,0.0,0.0,0.0,0.0,0.0,0.0,0.0,0.0,0.0,0.0,0.0,0.0,0.0,0.0,0.0,0.0,0.0
2026-08-17T22:30:00Z,,,0.0,0.0,0.0,0.0,0.0,0.0,0.0,0.0,0.0,0.0,0.0,0.0,0.0,0.0,0.0,0.0,0.0,0.0,0.0,0.0,0.0,0.0,0.0,0.0
2026-08-17T23:00:00Z,,,0.0,0.0,0.0,0.0,0.0,0.0,0.0,0.0,0.0,0.0,0.0,0.0,0.0,0.0,0.0,0.0,0.0,0.0,0.0,0.0,0.0,0.0,0.0,0.0
2026-08-17T23:30:00Z,,,0.0,0.0,0.0,0.0,0.0,0.0,0.0,0.0,0.0,0.0,0.0,0.0,0.0,0.0,0.0,0.0,0.0,0.0,0.0,0.0,0.0,0.0,0.0,0.0
2026-08-18T00:00:00Z,,,0.0,0.0,0.0,0.0,0.0,0.0,0.0,0.0,0.0,0.0,0.0,0.0,0.0,0.0,0.0,0.0,0.0,0.0,0.0,0.0,0.0,0.0,0.0,0.0
2026-08-18T00:30:00Z,,,0.0,0.0,0.0,0.0,0.0,0.0,0.0,0.0,0.0,0.0,0.0,0.0,0.0,0.0,0.0,0.0,0.0,0.0,0.0,0.0,0.0,0.0,0.0,0.0
2026-08-18T01:00:00Z,,,0.0,0.0,0.0,0.0,0.0,0.0,0.0,0.0,0.0,0.0,0.0,0.0,0.0,0.0,0.0,0.0,0.0,0.0,0.0,0.0,0.0,0.0,0.0,0.0
2026-08-18T01:30:00Z,,,0.0,0.0,0.0,0.0,0.0,0.0,0.0,0.0,0.0,0.0,0.0,0.0,0.0,0.0,0.0,0.0,0.0,0.0,0.0,0.0,0.0,0.0,0.0,0.0
2026-08-18T02:00:00Z,,,0.0,0.0,0.0,0.0,0.0,0.0,0.0,0.0,0.0,0.0,0.0,0.0,0.0,0.0,0.0,0.0,0.0,0.0,0.0,0.0,0.0,0.0,0.0,0.0
2026-08-18T02:30:00Z,ok,,18.0,21.4,25.4,30.8,33.8,32.1,29.5,26.7,22.8,22.0,21.4,24.5,26.5,29.3,32.3,35.0,41.1,51.8,59.8,60.3,62.3,57.8,56.1,55.8
2026-08-18T03:00:00Z,ok,ok,25.6,29.1,32.9,35.7,34.8,30.8,27.7,24.9,23.2,24.1,25.3,28.5,30.0,32.2,36.6,42.8,49.2,54.6,50.2,47.6,46.4,42.5,42.2,40.3
2026-08-18T03:30:00Z,ok,ok,29.0,32.3,34.2,33.6,29.5,24.8,23.4,22.4,22.8,24.8,26.4,29.7,31.8,35.6,43.4,49.7,52.5,52.2,44.7,42.6,44.0,41.9,42.2,40.5
2026-08-18T04:00:00Z,ok,ok,30.4,32.0,31.9,29.2,25.5,21.1,21.1,21.9,24.0,26.4,28.0,30.6,33.9,39.0,48.0,49.7,46.2,39.4,31.9,30.5,32.6,33.0,34.0,32.1
2026-08-18T04:30:00Z,ok,ok,30.1,29.5,28.0,25.4,23.5,19.2,21.4,24.1,27.2,28.9,29.6,32.5,38.5,45.1,52.0,46.1,36.6,28.5,23.5,23.1,25.6,27.8,29.4,28.1
2026-08-18T05:00:00Z,ok,ok,29.8,27.9,27.1,24.9,24.8,21.7,25.1,28.2,30.4,30.4,32.9,36.8,44.3,49.0,48.7,36.9,26.1,19.3,17.2,17.7,19.2,21.9,22.5,22.3
2026-08-18T05:30:00Z,ok,ok,32.1,27.6,26.0,24.9,26.7,27.2,32.2,33.2,32.7,35.5,42.8,49.7,50.0,43.6,35.5,26.3,22.6,22.3,22.8,23.1,24.6,25.0,24.7,24.5
2026-08-18T06:00:00Z,ok,ok,26.1,22.9,23.2,23.7,26.5,28.4,33.5,33.0,34.7,38.2,49.1,54.5,48.1,35.9,27.7,19.1,15.6,14.6,14.9,15.9,17.9,20.1,20.5,20.8
2026-08-18T06:30:00Z,ok,ok,20.0,19.7,22.2,24.8,29.6,29.5,31.8,32.4,38.4,41.8,49.3,47.6,37.3,26.3,20.3,15.0,12.2,10.5,10.2,11.3,13.3,15.2,15.6,16.0
2026-08-18T07:00:00Z,ok,ok,20.4,21.8,25.1,28.8,33.6,31.2,32.5,35.2,44.8,46.9,44.9,35.5,26.2,19.7,16.6,14.3,11.9,9.8,8.9,9.7,11.6,13.2,13.5,14.2
2026-08-18T07:30:00Z,ok,ok,18.2,20.2,23.5,26.5,30.5,30.6,33.1,37.9,44.4,41.1,32.2,24.2,18.6,16.2,14.4,12.6,10.0,7.6,7.6,8.8,10.9,12.6,13.1,14.2
2026-08-18T08:00:00Z,ok,ok,22.7,23.5,25.0,25.8,30.0,35.3,40.8,42.8,38.7,29.5,21.6,17.1,14.2,12.9,12.5,10.8,9.2,7.9,8.5,10.0,11.5,13.3,14.3,15.0
2026-08-18T08:30:00Z,ok,ok,29.2,29.2,30.3,30.9,36.0,43.0,46.9,40.9,30.6,21.4,16.8,14.5,12.9,11.1,10.3,8.4,7.6,7.6,7.9,9.6,10.0,11.0,12.0,12.0
2026-08-18T09:00:00Z,ok,ok,22.9,26.0,29.3,32.7,37.6,41.4,36.5,27.8,20.4,13.8,12.5,11.8,10.7,8.7,7.2,5.6,4.8,4.9,5.4,7.0,7.9,9.0,10.2,10.1
2026-08-18T09:30:00Z,ok,ok,21.6,26.8,33.0,38.7,41.6,36.0,26.3,18.5,15.1,11.6,11.4,10.2,8.4,6.4,5.4,4.8,4.7,5.1,5.6,6.8,7.8,8.5,9.5,9.8
2026-08-18T10:00:00Z,ok,ok,23.5,29.7,35.9,38.9,35.0,25.8,17.3,12.9,11.7,9.6,9.8,8.3,6.7,5.5,4.7,4.4,4.0,3.7,4.0,4.8,5.7,6.3,7.2,7.4
2026-08-18T10:30:00Z,ok,ok,30.1,36.2,38.5,34.2,26.8,18.8,12.8,11.0,10.5,8.9,8.7,6.7,5.6,4.9,4.5,4.3,3.8,3.2,3.7,4.3,4.9,5.8,6.5,6.4
2026-08-18T11:00:00Z,ok,ok,39.3,39.9,34.0,25.2,18.0,14.2,10.9,10.0,9.4,8.0,7.1,5.9,5.3,5.1,4.7,4.3,3.9,3.6,4.9,5.6,5.8,7.6,7.8,7.4
2026-08-18T11:30:00Z,ok,ok,40.7,34.0,25.3,18.2,13.1,11.7,10.3,9.2,7.9,6.5,6.0,5.6,5.2,5.2,4.5,4.1,3.8,3.7,5.1,5.7,5.9,7.3,7.3,7.0
2026-08-18T12:00:00Z,ok,ok,34.1,24.7,16.3,13.2,10.2,9.6,10.6,8.7,6.7,5.5,5.5,5.0,4.4,4.1,3.9,4.2,5.6,8.4,10.0,10.1,10.3,9.9,9.5,9.4
2026-08-18T12:30:00Z,ok,ok,17.6,14.1,10.7,9.4,7.7,7.7,7.6,6.1,5.1,4.6,4.6,4.5,4.1,3.8,3.5,3.4,3.9,4.6,5.7,6.2,6.7,7.2,7.6,7.6
2026-08-18T13:00:00Z,ok,ok,13.4,11.9,9.9,8.9,7.1,6.5,5.8,5.0,4.8,4.4,4.4,4.0,3.6,3.7,3.9,4.5,5.5,6.8,8.7,9.1,10.0,11.0,10.5,10.9
2026-08-18T13:30:00Z,ok,ok,9.8,9.3,8.2,7.4,5.8,5.1,4.3,4.1,4.2,4.1,3.9,3.7,3.4,3.8,4.5,5.5,6.2,6.3,7.2,7.4,8.3,9.0,9.1,9.9
2026-08-18T14:00:00Z,ok,ok,11.0,9.8,8.2,6.8,5.4,4.7,4.2,4.0,4.0,3.9,3.7,3.7,3.8,4.5,5.3,6.2,6.6,6.3,6.8,6.9,7.4,7.9,8.1,8.8
2026-08-18T14:30:00Z,ok,ok,9.1,8.2,6.6,5.3,4.3,4.2,4.1,3.9,3.7,3.7,3.5,3.9,4.5,5.7,6.2,6.4,6.1,5.8,6.6,7.1,8.0,8.9,9.5,10.0
2026-08-18T15:00:00Z,ok,ok,7.6,6.9,5.6,4.9,4.1,4.3,4.3,4.0,4.0,3.8,3.9,4.5,5.4,6.6,7.0,6.9,7.0,7.9,9.8,10.7,12.4,14.0,14.0,14.5
2026-08-18T15:30:00Z,ok,ok,5.9,5.5,4.7,4.3,3.6,3.7,3.7,3.6,3.7,4.2,4.6,5.5,6.4,7.5,7.9,7.9,7.5,7.1,7.2,7.7,8.6,9.3,10.0,10.9
2026-08-18T16:00:00Z,ok,ok,5.1,4.9,4.4,4.5,4.0,4.0,4.0,4.1,4.7,4.9,5.4,6.1,7.0,7.9,8.5,8.6,9.1,10.4,12.8,13.8,16.7,17.8,18.5,19.2
2026-08-18T16:30:00Z,ok,ok,5.3,5.0,4.4,4.4,3.9,4.0,4.4,4.6,5.4,5.6,6.0,6.6,7.2,8.1,9.3,10.2,11.4,13.1,15.8,16.6,19.7,20.4,21.1,21.8
2026-08-18T17:00:00Z,ok,ok,6.7,5.8,4.9,4.5,4.3,4.5,5.3,5.7,6.8,6.7,6.9,7.5,8.3,10.0,11.8,14.2,19.4,27.9,35.1,37.1,38.8,37.3,36.8,34.8
2026-08-18T17:30:00Z,ok,ok,5.8,5.2,4.6,4.5,4.6,5.0,5.9,6.4,7.4,7.1,7.4,8.0,9.1,11.3,14.5,18.7,24.5,31.2,34.9,34.9,35.4,34.4,35.0,33.8
2026-08-18T18:00:00Z,ok,ok,4.9,4.4,4.1,4.3,4.8,5.4,6.3,6.7,7.6,7.4,8.4,9.4,10.5,13.1,17.1,23.0,31.3,41.4,43.2,42.8,39.8,38.0,37.9,35.9
2026-08-18T18:30:00Z,ok,ok,5.0,4.6,4.7,5.0,5.8,6.7,7.4,7.5,8.0,8.1,10.1,11.5,13.3,16.8,23.1,32.5,44.5,56.8,55.9,54.2,48.0,46.0,45.6,43.8
2026-08-18T19:00:00Z,ok,ok,5.3,5.2,5.8,6.3,6.7,8.1,9.1,9.1,10.4,11.2,13.9,15.6,18.1,24.6,35.8,52.9,62.8,58.1,43.3,38.2,33.1,33.0,33.7,33.9
2026-08-18T19:30:00Z,ok,ok,5.1,5.6,6.5,7.5,7.8,9.0,10.2,10.8,12.3,13.2,16.0,19.3,25.5,36.0,52.9,64.6,62.7,49.3,36.2,32.3,32.2,33.3,35.3,36.0
2026-08-18T20:00:00Z,ok,ok,9.8,9.8,10.5,10.8,10.9,12.2,14.8,17.4,19.8,21.5,25.7,31.8,44.3,60.4,76.3,71.8,58.2,44.6,33.2,31.6,32.8,34.5,36.5,36.4
2026-08-18T20:30:00Z,ok,ok,11.6,11.3,11.4,11.4,11.9,13.2,16.4,20.6,24.0,27.8,34.7,46.2,61.6,73.2,71.7,55.6,44.0,39.2,35.6,36.8,39.6,40.1,42.1,42.2
2026-08-18T21:00:00Z,ok,ok,13.3,12.3,12.3,12.6,14.2,16.3,19.9,24.5,28.7,34.9,46.4,60.4,68.1,64.8,53.1,42.6,39.6,44.8,46.2,46.8,47.1,43.2,45.0,44.4
2026-08-18T21:30:00Z,ok,ok,16.0,14.0,14.0,15.0,17.0,20.7,26.4,31.2,38.2,47.1,62.1,71.7,64.7,51.0,42.0,37.2,39.7,46.5,44.4,41.7,39.8,36.9,38.6,36.5
2026-08-18T22:00:00Z,ok,ok,13.2,12.4,13.7,15.6,18.1,22.2,27.7,34.7,45.4,56.8,65.5,61.7,47.1,36.7,33.9,33.7,37.4,39.3,36.1,33.2,32.4,31.8,31.7,30.3
2026-08-18T22:30:00Z,ok,ok,12.1,12.6,15.1,18.1,21.5,25.1,31.4,42.6,60.0,69.8,60.7,46.8,35.6,34.0,36.7,38.9,38.6,32.4,29.0,27.4,28.7,30.5,29.4,29.7
2026-08-18T23:00:00Z,ok,ok,15.6,16.6,18.6,21.7,26.8,32.6,42.5,59.0,69.5,64.0,46.4,35.8,31.3,33.7,37.9,37.5,35.5,30.3,28.3,27.9,28.5,30.2,30.3,29.5
2026-08-18T23:30:00Z,ok,ok,16.3,18.0,21.3,27.0,34.1,42.5,53.7,63.0,58.4,46.8,36.3,31.8,32.5,38.0,40.1,33.7,26.9,20.8,20.3,21.4,23.4,25.5,26.5,27.0
2026-08-19T00:00:00Z,ok,ok,23.5,24.7,28.4,35.3,44.2,59.7,68.6,62.8,48.3,37.4,35.3,37.3,39.3,40.2,35.2,26.0,21.1,18.6,19.6,21.4,23.2,24.4,25.2,25.6
2026-08-19T00:30:00Z,ok,ok,25.4,28.0,35.5,45.3,54.9,66.2,61.4,46.8,36.7,32.9,36.3,40.3,38.4,32.6,26.4,21.8,21.1,22.8,22.8,23.7,24.9,25.0,24.8,25.7
2026-08-19T01:00:00Z,ok,ok,22.8,28.5,40.9,54.5,59.9,52.4,40.0,32.6,32.0,34.2,37.4,36.6,30.7,24.3,20.8,19.9,20.9,22.8,23.1,24.7,27.8,28.4,27.7,29.7
2026-08-19T01:30:00Z,ok,ok,30.7,39.5,52.5,60.6,55.2,41.6,31.9,30.4,32.9,36.7,35.3,29.4,23.1,19.6,19.4,22.1,26.2,28.4,30.3,31.6,33.2,33.3,32.1,32.9
2026-08-19T02:00:00Z,ok,ok,37.5,45.1,50.4,47.7,41.2,33.4,29.6,31.7,32.7,32.8,27.9,22.5,19.0,17.5,18.4,21.8,28.1,34.6,41.5,42.6,41.6,40.1,37.9,36.7
2026-08-19T02:30:00Z,ok,ok,62.0,63.2,53.8,41.6,34.6,32.8,33.3,35.4,34.7,28.4,22.3,18.5,16.4,17.6,22.7,28.0,32.3,33.6,30.0,27.7,26.2,25.7,25.8,23.2
2026-08-19T03:00:00Z,ok,ok,43.6,41.4,34.3,28.2,26.3,27.3,30.7,31.8,27.5,20.1,16.2,15.8,17.0,20.3,24.4,24.4,23.1,22.4,24.3,25.1,26.8,28.1,28.3,26.2
2026-08-19T03:30:00Z,ok,ok,29.1,27.1,24.5,23.3,25.0,27.5,29.1,26.6,21.0,15.9,15.0,16.5,18.7,21.7,23.4,22.4,23.8,29.6,38.2,40.5,43.3,41.9,40.5,39.0
2026-08-19T04:00:00Z,ok,ok,25.3,24.1,24.9,25.7,27.3,28.1,25.2,20.3,16.9,15.3,16.7,19.5,21.5,22.4,22.6,23.6,27.9,37.1,43.6,44.3,44.1,40.2,39.0,38.4
2026-08-19T04:30:00Z,ok,ok,20.7,22.3,26.1,28.3,28.4,25.4,20.2,15.8,15.0,16.9,19.9,21.7,22.4,21.7,23.5,29.0,38.3,48.0,49.7,48.5,45.4,41.7,40.7,40.5
2026-08-19T05:00:00Z,ok,ok,27.1,29.8,33.0,32.3,27.2,20.9,16.9,15.0,17.6,21.9,24.8,25.0,24.1,24.4,30.9,39.8,50.1,50.2,41.4,38.4,37.4,36.1,36.2,34.7
2026-08-19T05:30:00Z,ok,ok,30.7,32.2,31.8,27.8,22.3,17.0,16.0,17.3,20.8,23.9,24.8,24.7,25.9,30.2,41.4,49.8,53.5,45.7,34.9,32.3,33.5,32.6,33.5,31.0
2026-08-19T06:00:00Z,ok,ok,33.3,30.5,26.6,21.5,18.3,16.0,18.4,22.6,25.8,26.5,26.3,27.7,33.2,41.9,53.5,52.5,45.7,36.1,29.4,28.0,30.8,31.0,32.3,30.1
2026-08-19T06:30:00Z,ok,ok,30.9,26.4,22.6,18.8,17.7,17.8,23.0,27.3,28.6,26.2,27.3,32.6,42.7,53.8,60.6,50.4,37.9,29.1,24.9,24.3,27.6,28.7,30.5,30.4
2026-08-19T07:00:00Z,ok,ok,23.2,20.7,18.4,17.9,19.6,22.2,26.2,28.3,27.3,27.2,32.4,40.0,46.4,46.5,40.0,33.3,31.1,35.6,40.7,41.5,42.6,38.6,39.7,38.2
2026-08-19T07:30:00Z,ok,ok,16.8,15.5,16.2,17.9,20.2,23.0,26.1,25.8,26.5,30.2,41.4,49.0,49.2,40.9,34.7,31.0,32.0,39.0,40.6,40.0,40.0,36.3,37.7,36.3
2026-08-19T08:00:00Z,ok,ok,18.0,17.9,20.6,22.9,25.3,25.8,26.4,27.0,32.4,40.3,49.7,49.2,41.8,33.1,30.8,31.1,35.5,38.9,37.4,36.5,35.7,34.4,34.6,33.0
2026-08-19T08:30:00Z,ok,ok,15.9,17.4,21.6,24.9,27.4,25.4,25.1,29.3,40.4,51.4,49.9,39.6,31.1,27.6,29.3,31.6,33.1,28.3,24.9,24.4,25.0,26.8,25.8,25.4
2026-08-19T09:00:00Z,ok,ok,19.2,20.6,22.5,23.9,25.3,23.7,27.9,37.1,47.7,50.0,38.7,30.2,26.6,27.8,30.8,29.0,25.3,19.8,19.0,20.0,23.3,26.1,26.3,26.4
2026-08-19T09:30:00Z,ok,ok,24.9,26.2,26.0,25.7,27.6,30.1,36.8,44.8,45.6,39.2,29.6,26.1,26.2,29.9,30.8,26.0,21.6,18.0,18.9,20.2,22.6,24.7,24.7,24.8
2026-08-19T10:00:00Z,ok,ok,28.9,28.3,27.4,28.1,31.4,39.6,47.4,46.6,39.2,31.0,28.1,27.7,28.4,28.9,27.2,22.0,18.9,17.9,19.4,20.6,22.6,24.0,24.0,24.5
2026-08-19T10:30:00Z,ok,ok,26.0,26.6,28.3,32.4,37.8,47.2,48.8,39.8,32.2,27.2,27.8,29.1,27.3,24.1,21.4,18.9,18.7,19.9,20.1,20.8,21.8,21.8,21.9,21.8
2026-08-19T11:00:00Z,ok,ok,19.0,22.4,29.3,37.3,42.2,40.8,33.8,27.4,25.7,25.5,26.7,25.8,22.4,19.0,17.6,17.1,17.5,18.0,18.0,19.2,21.4,21.9,21.8,22.8
2026-08-19T11:30:00Z,ok,ok,22.9,27.5,36.4,43.1,43.2,35.5,28.1,25.1,25.7,27.2,25.9,22.3,18.6,16.7,16.6,18.0,20.1,20.9,21.8,23.3,25.0,25.4,24.5,25.5
2026-08-19T12:00:00Z,ok,ok,25.4,32.2,37.3,39.0,35.7,29.2,24.2,23.3,24.3,25.7,22.6,19.8,16.8,15.6,16.2,17.9,21.0,21.1,20.5,20.1,21.0,20.5,19.7,19.6
2026-08-19T12:30:00Z,ok,ok,31.3,36.0,35.3,32.2,28.0,24.9,23.0,22.6,22.3,20.6,17.6,16.2,14.7,14.9,17.2,19.7,22.5,22.2,19.9,18.3,18.6,17.7,17.8,16.5
2026-08-19T13:00:00Z,ok,ok,33.9,35.2,31.3,26.4,24.0,22.0,22.0,21.6,20.6,17.7,15.1,14.6,14.6,16.6,21.0,22.6,22.4,19.6,16.1,15.0,15.2,14.9,16.0,14.1
2026-08-19T13:30:00Z,ok,ok,25.7,25.4,23.2,20.5,20.0,19.8,19.6,18.3,16.1,14.1,12.9,13.9,15.1,17.7,20.0,19.7,19.3,17.5,15.9,15.4,15.9,15.0,15.5,14.2
2026-08-19T14:00:00Z,ok,ok,20.5,20.0,19.9,19.9,20.4,19.0,17.8,16.0,14.4,14.2,14.3,16.2,18.5,20.2,20.3,18.9,18.3,17.8,17.2,16.8,16.9,16.1,16.2,15.5
2026-08-19T14:30:00Z,ok,ok,15.6,16.6,17.9,19.0,19.8,17.0,14.6,13.1,13.0,14.3,15.7,18.0,19.3,18.9,17.9,16.2,15.8,15.2,14.0,13.9,13.8,13.5,13.8,13.1
2026-08-19T15:00:00Z,ok,ok,17.6,18.5,19.2,18.8,18.5,16.0,13.7,12.4,13.4,16.2,18.4,20.3,19.6,17.1,16.1,14.7,15.8,15.8,14.5,13.9,13.7,13.8,13.6,12.8
2026-08-19T15:30:00Z,ok,ok,14.5,15.1,15.1,14.0,13.7,12.4,11.4,11.3,13.9,17.6,18.9,19.3,17.8,15.4,15.4,14.2,15.1,14.2,12.6,11.8,11.6,12.5,11.5,11.1
2026-08-19T16:00:00Z,ok,ok,14.0,14.3,13.9,12.3,12.5,11.2,11.0,12.6,15.3,18.0,16.7,15.6,15.1,14.3,14.5,13.1,13.0,11.9,11.0,10.8,10.7,11.4,10.5,10.2
2026-08-19T16:30:00Z,ok,ok,12.4,12.3,12.1,11.4,12.2,11.5,12.4,14.3,16.6,17.9,15.5,14.0,13.6,13.7,13.7,12.8,12.2,11.2,10.0,9.7,9.4,9.7,9.2,8.9
2026-08-19T17:00:00Z,ok,ok,10.7,10.3,10.3,10.3,11.5,12.5,14.5,16.1,16.2,16.4,14.4,13.8,13.3,13.1,12.4,11.5,11.5,11.6,11.3,11.3,10.8,10.5,10.2,10.1
2026-08-19T17:30:00Z,ok,ok,9.7,9.2,9.7,10.1,12.2,14.4,15.6,15.7,14.4,14.4,13.1,12.8,12.6,12.1,11.3,10.6,11.1,10.6,10.1,10.1,9.4,9.0,9.0,8.7
2026-08-19T18:00:00Z,ok,ok,9.0,9.5,10.6,11.7,14.5,15.9,15.4,14.5,14.0,13.8,12.5,12.1,12.1,11.6,11.2,10.4,10.8,9.6,8.6,8.4,8.3,8.0,8.2,7.8
2026-08-19T18:30:00Z,ok,ok,10.0,10.9,13.1,14.5,16.4,15.5,14.1,13.1,12.1,12.3,11.2,11.4,11.3,11.4,10.6,10.3,11.0,11.9,12.5,13.5,13.3,13.0,12.6,12.4
2026-08-19T19:00:00Z,ok,ok,9.5,10.6,12.9,14.6,15.8,14.6,13.2,12.5,11.5,11.7,10.9,10.9,10.7,10.8,10.1,10.6,11.9,14.0,15.3,15.8,15.3,14.3,13.8,13.5
2026-08-19T19:30:00Z,ok,ok,11.3,12.6,14.7,15.6,15.4,14.4,12.6,11.5,11.2,11.9,10.8,10.7,10.0,10.1,10.6,12.1,14.3,14.4,12.8,11.8,11.1,10.4,10.2,9.8
2026-08-19T20:00:00Z,ok,ok,15.2,16.2,17.0,15.7,14.5,13.2,11.9,11.5,11.7,12.0,10.7,10.5,10.3,11.0,12.8,14.2,14.9,13.6,11.4,10.6,10.4,10.2,10.5,9.9
2026-08-19T20:30:00Z,ok,ok,16.7,17.0,16.6,14.3,13.2,12.0,11.6,11.7,11.3,11.3,9.8,10.3,11.0,12.6,14.6,14.8,14.0,12.4,10.9,10.5,10.6,10.5,10.7,10.2
2026-08-19T21:00:00Z,ok,ok,17.7,17.1,15.7,14.0,13.1,12.4,12.0,12.5,11.1,11.2,10.4,11.5,13.1,14.9,14.2,13.0,12.9,14.4,16.4,17.0,17.1,16.1,15.6,14.9
2026-08-19T21:30:00Z,ok,ok,13.8,13.2,12.3,11.5,11.4,11.2,10.5,10.3,9.6,10.5,10.7,12.4,13.3,13.9,12.4,12.1,13.0,14.8,15.9,15.9,15.0,13.5,13.4,12.6
2026-08-19T22:00:00Z,ok,ok,10.9,10.7,10.4,10.2,10.0,10.4,10.0,9.9,9.7,10.8,11.8,13.6,12.9,12.5,11.6,12.4,14.8,16.8,17.3,16.2,14.8,13.2,12.8,12.1
2026-08-19T22:30:00Z,ok,ok,9.9,9.7,9.7,9.6,9.1,9.8,9.5,9.4,10.1,11.7,12.6,13.2,11.9,11.8,12.5,15.1,18.9,19.9,17.9,16.1,14.3,13.2,12.4,12.0
2026-08-19T23:00:00Z,ok,ok,12.4,11.6,11.2,10.4,10.2,10.1,10.4,11.2,12.3,14.2,13.5,13.0,12.8,13.8,15.9,18.8,23.0,24.0,22.0,20.5,18.8,17.2,16.3,15.8
2026-08-19T23:30:00Z,ok,ok,13.6,12.1,11.4,10.6,10.7,10.7,11.8,13.5,14.5,14.9,13.3,12.9,13.3,15.8,18.4,21.1,24.3,23.8,21.0,19.4,17.9,16.2,16.0,15.0
2026-08-20T00:00:00Z,ok,ok,12.3,11.3,10.8,10.7,10.9,11.6,13.1,14.3,14.7,14.1,13.1,13.7,14.5,17.9,21.2,23.8,24.1,20.8,16.4,14.3,13.1,12.4,12.6,11.7
2026-08-20T00:30:00Z,ok,ok,11.9,11.1,10.9,10.8,11.4,12.9,14.3,14.8,14.1,14.0,14.5,16.4,18.3,21.0,22.4,22.9,22.8,21.5,19.9,18.5,17.9,16.7,16.7,15.9
2026-08-20T01:00:00Z,ok,ok,11.6,11.2,11.7,11.9,13.1,15.2,15.7,15.4,14.9,16.0,17.6,20.4,22.5,23.8,24.6,23.4,22.7,21.5,19.4,18.2,17.1,16.8,16.2,15.8
2026-08-20T01:30:00Z,ok,ok,9.8,10.1,11.4,12.7,14.1,15.1,14.7,14.5,15.4,18.1,19.8,21.9,22.8,22.9,22.3,21.6,21.5,20.7,18.7,17.6,16.0,16.1,15.4,15.0
2026-08-20T02:00:00Z,ok,ok,9.4,10.2,11.9,14.0,15.2,14.3,14.1,14.5,16.9,20.6,21.6,21.5,21.1,21.2,20.5,20.5,19.6,17.6,15.4,14.3,13.4,14.1,13.3,13.1
2026-08-20T02:30:00Z,ok,ok,10.2,11.4,12.5,13.8,14.5,13.7,14.8,17.3,19.6,23.4,22.3,22.5,21.9,21.5,20.8,19.3,18.4,17.6,17.4,17.2,17.7,17.9,17.2,17.0
2026-08-20T03:00:00Z,ok,ok,11.8,12.4,12.3,12.2,13.1,14.9,17.1,19.7,21.4,23.9,22.6,22.0,20.6,19.4,19.0,18.1,18.1,17.8,16.5,15.1,14.5,14.4,13.3,12.9
2026-08-20T03:30:00Z,ok,ok,11.7,11.6,11.6,11.8,13.3,15.5,17.9,20.5,20.6,21.9,21.2,21.2,19.9,18.6,17.0,16.0,16.7,17.5,17.7,16.6,16.2,15.0,14.5,13.8
2026-08-20T04:00:00Z,ok,ok,10.5,10.8,11.3,12.8,15.1,17.7,20.0,21.1,20.9,20.9,19.8,19.8,17.9,16.4,15.0,14.7,15.2,15.6,14.3,13.5,13.1,12.2,12.4,11.7
2026-08-20T04:30:00Z,ok,ok,9.2,10.5,12.4,15.2,18.3,19.9,20.2,19.8,19.3,19.4,18.1,17.4,15.5,14.6,13.8,14.3,14.7,14.0,12.7,12.4,12.9,12.1,12.1,11.8
2026-08-20T05:00:00Z,ok,ok,11.4,13.1,15.3,18.0,20.5,21.6,21.2,20.0,20.0,20.2,18.1,16.9,15.0,14.6,14.6,15.3,15.8,14.8,13.3,13.2,13.3,13.1,13.1,12.7
2026-08-20T05:30:00Z,ok,ok,11.2,13.6,16.2,18.8,20.9,20.8,19.2,18.5,18.5,18.5,15.6,14.7,13.8,14.1,14.4,14.9,14.9,13.6,12.5,12.5,12.7,12.8,12.6,12.4
2026-08-20T06:00:00Z,ok,ok,14.7,16.7,18.8,20.4,21.2,20.1,19.0,18.5,17.2,16.9,14.5,14.3,14.6,15.3,14.9,14.0,13.3,13.0,13.6,14.4,15.5,15.9,15.3,15.6
2026-08-20T06:30:00Z,ok,ok,16.2,18.1,19.6,20.3,20.0,19.0,18.0,16.4,15.1,15.1,13.8,14.2,14.1,14.3,14.3,14.1,13.9,14.0,14.1,14.5,15.1,15.4,14.9,15.0
2026-08-20T07:00:00Z,ok,ok,14.7,16.8,18.0,18.0,17.5,16.9,15.4,13.9,13.3,13.7,13.1,13.9,13.5,13.3,13.2,12.5,12.0,11.4,11.3,11.7,12.4,13.0,12.7,12.7
2026-08-20T07:30:00Z,ok,ok,16.2,18.1,19.2,18.4,17.4,15.8,14.0,13.5,14.0,14.5,13.8,13.9,13.1,12.8,13.4,12.4,11.3,9.8,9.3,9.7,10.2,11.2,11.5,11.1
2026-08-20T08:00:00Z,ok,ok,17.3,18.7,19.6,18.6,17.4,14.7,13.3,13.2,13.6,14.6,13.4,13.0,12.5,12.7,12.8,12.1,11.3,10.4,10.4,10.8,11.4,12.3,12.1,11.9
2026-08-20T08:30:00Z,ok,ok,15.8,17.0,17.3,15.6,15.0,13.3,12.5,12.9,13.6,14.0,12.5,12.1,11.7,11.7,11.8,10.6,9.7,8.7,8.5,9.1,9.6,10.5,10.5,10.2
2026-08-20T09:00:00Z,ok,ok,15.2,15.5,15.2,13.7,13.2,12.8,12.6,12.9,13.4,13.4,12.5,12.4,11.9,11.3,11.1,9.6,8.4,7.3,7.1,7.6,8.1,9.0,9.3,9.0
2026-08-20T09:30:00Z,ok,ok,14.4,14.1,13.5,12.0,12.3,12.4,12.4,12.1,11.8,12.2,11.8,11.7,11.3,10.1,9.4,8.4,8.5,8.7,8.8,9.4,9.5,9.7,9.7,9.4
2026-08-20T10:00:00Z,ok,ok,11.8,12.2,12.6,12.0,12.4,12.4,12.0,11.8,11.9,12.2,11.5,11.4,10.5,9.5,8.7,7.7,7.3,7.2,7.3,8.3,8.7,9.2,9.5,9.3
2026-08-20T10:30:00Z,ok,ok,10.2,10.7,11.7,11.8,12.5,12.3,11.7,11.2,11.6,11.8,11.0,10.6,9.5,8.5,7.8,7.4,7.4,7.5,7.9,8.9,9.5,9.7,9.9,9.8
2026-08-20T11:00:00Z,ok,ok,9.6,10.0,10.8,11.0,11.6,11.9,11.6,11.5,11.2,10.3,9.8,9.5,8.7,7.9,7.1,7.2,8.2,10.5,12.1,13.3,13.5,12.9,12.7,11.9
2026-08-20T11:30:00Z,ok,ok,10.3,10.4,10.8,11.0,10.9,11.3,11.5,11.4,10.5,9.7,9.7,9.3,8.3,7.7,7.1,8.2,10.7,14.2,16.0,16.1,15.2,13.5,13.2,12.1
2026-08-20T12:00:00Z,ok,ok,13.2,12.7,12.7,12.6,11.9,11.8,11.5,10.8,10.0,9.7,9.1,8.5,7.6,7.6,7.9,10.4,14.4,16.9,16.7,15.6,13.9,12.3,12.0,11.5
2026-08-20T12:30:00Z,ok,ok,11.2,11.3,11.9,12.4,12.2,10.8,10.4,9.5,9.4,9.0,8.1,7.6,7.3,8.5,11.6,15.7,18.7,17.2,13.3,11.5,10.6,10.1,10.4,9.8
2026-08-20T13:00:00Z,ok,ok,10.8,11.4,11.7,11.5,10.9,9.9,9.6,9.2,8.3,8.2,7.0,7.4,8.0,10.6,15.1,17.8,17.8,14.7,11.8,10.7,11.0,10.8,11.0,10.8
2026-08-20T13:30:00Z,ok,ok,14.2,14.3,13.8,12.7,11.6,10.2,10.3,10.7,9.3,8.3,7.7,8.9,11.2,15.3,19.0,18.4,15.3,11.6,9.6,9.1,10.3,9.8,10.3,10.4
2026-08-20T14:00:00Z,ok,ok,16.1,15.7,14.0,12.7,11.4,10.8,9.8,10.1,8.8,8.1,8.8,11.3,15.5,19.1,18.0,15.2,12.0,10.1,9.9,10.0,10.3,10.3,10.8,10.5
2026-08-20T14:30:00Z,ok,ok,17.3,16.0,13.4,11.7,10.6,10.8,9.3,8.8,8.1,9.2,11.7,15.0,17.3,16.0,13.4,11.5,11.2,12.5,12.7,12.4,11.4,11.3,11.1,10.6
2026-08-20T15:00:00Z,ok,ok,11.4,11.5,10.4,9.6,8.8,8.9,8.0,8.2,8.9,11.6,15.2,18.1,17.4,13.7,12.0,10.1,10.5,11.3,11.2,10.8,10.3,10.6,10.2,9.6
2026-08-20T15:30:00Z,ok,ok,11.1,10.6,9.7,9.0,8.5,8.6,8.6,9.6,12.1,14.9,17.5,18.0,15.5,12.0,11.2,10.6,12.7,13.9,13.2,12.1,11.8,11.3,10.8,10.1
2026-08-20T16:00:00Z,ok,ok,8.1,8.4,7.9,7.8,8.1,7.5,8.1,10.5,15.8,18.4,16.4,12.6,10.6,9.9,11.0,11.4,11.4,10.2,8.6,8.0,8.4,8.8,8.4,8.1
2026-08-20T16:30:00Z,ok,ok,9.5,9.5,8.9,8.5,8.5,8.5,10.5,13.9,17.4,17.9,13.3,10.4,9.8,10.6,12.4,12.2,11.1,9.9,8.7,8.2,8.7,9.2,8.5,8.9
2026-08-20T17:00:00Z,ok,ok,7.6,7.4,7.5,8.0,8.7,10.9,14.0,16.0,15.7,14.3,11.3,10.3,10.3,11.4,12.2,10.9,9.8,8.6,8.2,8.3,8.7,9.2,8.8,9.4
2026-08-20T17:30:00Z,ok,ok,6.7,6.7,7.0,7.6,10.1,13.4,15.8,15.9,13.0,11.4,10.2,10.6,11.2,11.4,10.6,9.2,9.6,9.3,10.0,10.3,10.4,10.2,10.4,10.2
2026-08-20T18:00:00Z,ok,ok,7.4,7.9,9.2,10.7,14.5,16.1,15.4,13.1,10.6,10.1,10.1,11.3,11.8,10.9,10.1,9.4,10.5,10.5,10.5,10.2,10.3,9.6,10.0,9.8
2026-08-20T18:30:00Z,ok,ok,6.8,8.3,11.6,14.5,17.8,15.7,12.6,10.6,10.0,10.8,10.9,11.6,11.2,10.5,10.2,10.8,12.4,12.1,11.6,11.2,11.5,10.9,10.5,10.8
2026-08-20T19:00:00Z,ok,ok,9.7,12.1,15.2,17.5,16.9,14.4,11.7,10.5,10.9,12.8,12.1,11.9,10.6,10.2,10.3,11.9,14.3,13.8,12.5,11.5,11.5,10.8,10.3,10.3
2026-08-20T19:30:00Z,ok,ok,12.8,14.9,16.5,16.2,14.4,12.2,10.8,10.8,11.6,12.9,11.2,10.5,9.9,10.3,11.9,13.7,15.1,14.0,12.0,10.8,10.9,10.4,10.3,9.9
2026-08-20T20:00:00Z,ok,ok,16.1,16.2,15.7,13.4,12.1,10.7,10.5,11.3,11.7,11.5,9.8,9.8,10.0,11.4,14.1,15.5,15.8,13.9,11.5,10.4,10.5,9.8,10.1,9.4
2026-08-20T20:30:00Z,ok,ok,24.9,20.2,17.2,13.1,12.3,12.0,12.3,12.7,11.8,10.5,9.8,10.6,11.5,13.3,15.2,15.9,16.2,14.5,12.4,11.2,10.7,9.6,9.7,9.3
2026-08-20T21:00:00Z,ok,ok,20.9,16.5,14.2,11.5,11.7,12.5,12.7,12.0,10.6,10.0,10.5,12.3,13.3,14.7,15.2,15.1,16.2,15.6,13.9,12.8,11.9,10.5,10.4,9.9
2026-08-20T21:30:00Z,ok,ok,13.2,11.7,11.5,10.6,11.3,12.4,11.8,10.9,10.4,10.8,11.7,13.4,13.9,14.2,14.4,14.2,15.3,15.0,13.5,12.2,10.8,10.3,10.0,9.5
2026-08-20T22:00:00Z,ok,ok,10.0,10.0,10.9,11.3,12.0,12.0,10.9,10.5,10.7,12.5,13.1,14.2,14.3,14.0,13.6,13.7,14.7,14.4,13.8,12.8,11.6,11.4,10.8,10.5
2026-08-20T22:30:00Z,ok,ok,8.7,9.2,10.2,10.7,11.3,10.8,10.3,10.7,11.7,14.2,14.4,14.9,14.7,14.2,13.6,13.6,14.1,13.8,13.3,12.8,11.9,11.8,11.2,10.9
2026-08-20T23:00:00Z,ok,ok,10.4,10.7,10.7,10.5,10.9,10.8,11.2,12.3,13.6,15.7,15.0,15.1,14.8,14.5,14.4,14.3,14.8,14.4,13.5,12.5,11.7,11.5,11.0,10.5
2026-08-20T23:30:00Z,ok,ok,9.8,9.9,9.7,9.4,10.0,10.6,11.6,13.2,14.1,15.5,14.4,14.3,14.1,14.2,14.0,13.9,14.3,14.3,13.6,12.6,11.7,11.3,10.8,10.4
2026-08-21T00:00:00Z,ok,ok,11.2,10.5,10.3,10.5,11.3,12.4,14.0,15.0,15.9,16.7,15.6,15.1,14.7,14.6,14.8,15.0,15.0,14.6,12.5,10.9,9.7,9.6,9.3,8.9
2026-08-21T00:30:00Z,ok,ok,10.1,9.8,10.1,10.7,12.0,13.5,14.8,15.4,15.6,16.2,14.9,14.7,14.6,14.8,14.9,14.7,14.4,13.5,11.7,10.6,9.6,9.6,9.3,8.9
2026-08-21T01:00:00Z,ok,ok,10.6,10.9,11.7,12.6,14.4,15.3,16.2,16.7,16.6,16.9,15.2,14.9,15.3,15.9,15.8,14.6,13.4,11.9,10.8,10.5,10.3,10.3,10.1,9.9
2026-08-21T01:30:00Z,ok,ok,12.6,12.9,13.8,14.6,16.6,16.8,16.8,16.8,15.8,16.5,15.0,15.6,15.9,15.8,14.5,12.9,12.7,12.3,12.1,12.2,12.0,11.6,11.5,11.1
2026-08-21T02:00:00Z,ok,ok,13.6,13.9,15.1,16.1,17.8,17.5,16.8,16.1,15.0,15.8,15.1,15.9,15.7,14.8,13.4,12.9,13.5,14.0,13.6,13.4,13.0,12.2,12.0,11.6
2026-08-21T02:30:00Z,ok,ok,13.5,14.2,15.7,16.6,17.5,16.9,16.2,15.5,14.6,15.4,14.9,15.4,14.6,13.7,12.9,13.5,15.5,17.1,17.5,17.0,16.2,14.9,14.4,13.9
2026-08-21T03:00:00Z,ok,ok,13.8,15.0,16.5,17.2,17.3,16.4,15.2,14.5,14.8,16.1,14.7,14.2,13.0,12.6,13.1,14.6,16.6,16.3,14.4,13.1,12.3,11.8,11.6,11.1
2026-08-21T03:30:00Z,ok,ok,15.2,16.4,17.4,17.6,17.3,15.5,14.8,14.7,16.0,17.1,14.3,13.1,12.5,13.2,15.6,17.2,17.7,15.7,12.6,11.4,10.7,10.9,11.0,10.3
2026-08-21T04:00:00Z,ok,ok,14.0,15.0,15.8,15.7,15.5,13.6,13.9,14.7,15.2,15.4,12.4,11.9,12.6,14.5,17.3,17.1,15.3,12.9,10.7,10.2,10.4,10.8,11.0,10.6
2026-08-21T04:30:00Z,ok,ok,14.0,14.4,14.6,14.1,14.0,13.5,14.2,14.8,14.2,13.7,11.9,12.8,14.6,16.6,17.5,15.3,13.0,11.0,10.1,10.0,10.5,10.6,10.8,10.7
2026-08-21T05:00:00Z,ok,ok,15.9,15.5,14.8,14.2,14.1,14.8,14.9,14.4,12.8,12.7,12.7,15.2,17.1,17.5,16.0,13.6,12.2,11.6,11.7,11.7,11.9,11.7,11.7,11.5
2026-08-21T05:30:00Z,ok,ok,13.1,13.6,13.5,13.3,14.0,14.3,13.3,11.9,11.8,12.7,14.6,17.4,17.7,14.9,13.0,10.6,9.8,9.1,8.4,8.1,8.1,8.2,8.5,7.8
2026-08-21T06:00:00Z,ok,ok,11.7,12.5,12.9,12.8,13.7,12.6,11.6,10.9,11.9,13.9,15.4,16.6,15.3,12.2,10.7,9.3,9.0,8.8,8.2,8.3,8.5,8.8,8.8,8.5
2026-08-21T06:30:00Z,ok,ok,11.0,12.1,12.7,12.4,13.2,11.4,10.6,11.1,13.1,15.5,15.3,14.3,12.8,10.6,9.9,9.1,9.1,8.6,8.0,8.2,8.7,9.0,8.6,8.5
2026-08-21T07:00:00Z,ok,ok,11.3,12.3,12.7,12.3,12.9,11.0,10.7,12.1,15.2,17.1,14.7,12.1,10.4,9.5,9.4,8.6,7.8,6.7,5.8,6.0,6.5,7.1,6.9,6.8
2026-08-21T07:30:00Z,ok,ok,12.0,12.3,12.2,11.6,11.8,12.0,12.5,13.8,15.3,15.3,12.2,10.7,9.5,8.8,8.9,7.7,6.6,5.4,4.9,5.0,5.5,6.1,6.0,6.1
2026-08-21T08:00:00Z,ok,ok,10.6,10.3,10.3,10.1,11.3,12.8,14.3,14.2,12.7,12.1,10.3,9.4,8.9,8.0,7.4,6.5,6.5,6.3,6.5,7.1,7.1,7.2,7.2,7.4
2026-08-21T08:30:00Z,ok,ok,10.2,9.9,10.2,10.7,12.7,14.3,14.8,13.5,12.0,11.1,9.5,9.2,8.6,7.5,7.1,6.1,6.0,5.4,5.0,5.2,5.3,5.4,5.5,5.5
2026-08-21T09:00:00Z,ok,ok,9.0,9.4,10.5,11.9,14.1,14.1,13.0,11.2,10.7,10.1,9.0,8.6,7.9,6.8,6.6,5.7,5.3,4.4,3.9,4.0,4.3,4.5,4.7,4.8
2026-08-21T09:30:00Z,ok,ok,9.2,10.4,12.3,13.5,14.4,13.0,11.0,9.5,9.2,8.9,8.1,7.5,6.8,6.2,5.8,5.2,4.8,4.1,3.9,4.2,4.7,4.9,5.1,5.4
2026-08-21T10:00:00Z,ok,ok,10.0,11.4,13.1,13.7,13.6,12.0,10.0,8.9,8.6,8.2,7.6,6.9,6.3,5.8,5.2,4.5,3.8,3.2,3.0,3.5,3.7,4.1,4.2,4.3
2026-08-21T10:30:00Z,ok,ok,10.6,11.6,12.3,11.8,11.3,10.8,9.3,8.4,7.7,7.3,6.9,6.6,6.2,5.5,4.6,4.0,3.6,3.7,3.8,4.4,4.4,4.8,5.0,4.8
2026-08-21T11:00:00Z,ok,ok,11.5,11.6,10.8,10.3,8.9,9.0,8.4,7.3,6.5,6.3,6.2,6.4,6.0,5.2,4.3,3.8,4.2,5.6,6.3,6.9,6.6,7.0,6.7,6.3
2026-08-21T11:30:00Z,ok,ok,10.2,9.6,9.0,8.4,7.6,7.2,7.2,6.4,5.7,5.6,5.8,5.8,5.3,4.5,4.1,4.0,5.0,6.6,6.8,7.0,6.9,6.5,6.3,6.1
2026-08-21T12:00:00Z,ok,ok,8.8,8.3,8.3,7.8,7.2,6.5,6.4,5.9,5.6,5.6,5.8,5.5,4.9,4.3,4.3,4.8,6.2,7.5,7.4,7.5,7.3,6.6,6.5,6.3
2026-08-21T12:30:00Z,ok,ok,8.3,8.0,7.8,7.3,6.9,6.1,5.8,5.6,5.5,5.4,4.9,4.7,4.4,4.4,5.1,6.1,7.2,7.1,6.6,6.3,6.3,5.9,5.9,5.9
2026-08-21T13:00:00Z,ok,ok,9.8,9.2,8.3,7.5,7.0,6.3,6.1,5.9,5.5,5.0,4.4,4.1,4.3,4.9,6.2,7.4,7.3,6.4,5.6,5.3,5.5,5.4,5.6,5.7
2026-08-21T13:30:00Z,ok,ok,9.1,8.4,7.6,6.9,6.6,6.5,6.4,5.9,5.0,4.4,4.0,4.2,5.0,6.2,7.2,7.2,6.0,4.7,4.2,4.3,4.4,4.6,4.7,4.7
2026-08-21T14:00:00Z,ok,ok,7.9,7.4,7.1,6.4,6.3,6.5,5.7,5.2,4.4,4.1,4.0,4.9,5.9,6.9,6.6,5.8,4.9,4.5,4.6,5.2,5.1,5.3,5.3,5.3
2026-08-21T14:30:00Z,ok,ok,7.7,7.3,7.0,6.5,6.4,6.2,5.3,4.6,4.1,4.3,5.0,6.2,7.1,7.0,5.9,4.6,4.0,3.7,3.8,4.1,4.2,4.3,4.2,4.2
2026-08-21T15:00:00Z,ok,ok,6.5,6.4,6.4,6.3,5.9,5.1,4.3,4.0,4.1,5.2,6.4,7.5,7.3,5.9,4.9,3.9,3.8,3.9,4.0,4.2,4.3,4.4,4.5,4.6
2026-08-21T15:30:00Z,ok,ok,5.6,5.7,5.8,5.7,5.2,4.4,3.9,4.1,4.9,6.5,7.6,7.5,6.1,4.7,4.0,3.5,3.4,3.3,3.2,3.3,3.6,3.7,3.9,4.0
2026-08-21T16:00:00Z,ok,ok,5.1,5.1,5.0,4.6,4.3,4.1,4.1,4.8,6.1,7.3,7.1,6.0,4.8,3.9,3.6,3.5,3.6,3.7,3.9,4.1,4.2,4.5,4.6,4.8
2026-08-21T16:30:00Z,ok,ok,5.5,5.2,4.8,4.3,4.1,4.6,5.0,5.7,6.6,6.8,5.7,4.7,4.1,3.8,3.5,3.6,3.8,4.2,4.6,5.0,5.1,5.3,5.3,5.3
2026-08-21T17:00:00Z,ok,ok,5.9,5.4,4.7,4.3,4.4,5.3,6.2,6.9,6.9,6.3,5.0,4.2,3.8,3.6,3.5,3.5,3.6,3.7,3.7,3.9,4.0,4.2,4.2,4.4
2026-08-21T17:30:00Z,ok,ok,4.7,4.4,4.2,4.4,5.1,6.2,7.3,7.0,5.9,5.1,4.3,4.0,3.9,3.8,3.6,3.4,3.9,4.3,4.8,5.2,5.4,5.5,5.7,5.6
2026-08-21T18:00:00Z,ok,ok,5.0,4.8,4.8,5.0,6.0,6.5,6.7,6.0,5.0,4.5,4.1,4.1,4.1,3.9,3.8,3.8,4.6,5.4,5.8,6.1,6.1,6.1,6.0,5.8
2026-08-21T18:30:00Z,ok,ok,3.6,4.1,4.9,5.8,6.8,6.5,5.7,4.8,4.2,3.9,3.7,3.9,3.9,3.8,3.8,4.0,4.6,4.6,4.7,4.5,4.6,4.6,4.3,4.4
2026-08-21T19:00:00Z,ok,ok,4.9,5.4,6.4,6.8,6.9,5.8,4.8,4.2,4.0,4.2,4.2,4.4,4.3,4.2,4.4,4.8,5.8,6.2,6.3,6.1,6.3,5.9,5.5,5.6
2026-08-21T19:30:00Z,ok,ok,6.7,7.1,7.3,6.9,6.1,5.0,4.2,3.9,3.8,3.9,4.1,4.2,4.3,4.5,5.2,6.0,6.8,6.8,6.5,6.1,6.2,5.8,5.5,5.6
2026-08-21T20:00:00Z,ok,ok,7.9,7.6,7.0,6.1,5.2,4.6,4.1,4.1,3.9,4.1,4.1,4.3,4.6,5.1,5.8,6.4,6.9,6.9,6.4,6.2,6.2,5.8,5.7,5.6
2026-08-21T20:30:00Z,ok,ok,7.5,6.9,5.8,4.9,4.3,4.0,3.7,3.9,3.9,4.1,4.1,4.5,4.9,5.5,6.1,6.2,6.4,6.2,5.7,5.6,5.5,5.2,5.2,5.0
2026-08-21T21:00:00Z,ok,ok,6.3,5.7,4.9,4.1,3.8,3.7,3.5,3.7,3.9,4.2,4.3,4.9,5.4,6.0,6.1,6.1,6.4,6.6,6.5,6.5,6.4,6.1,5.8,5.7
2026-08-21T21:30:00Z,ok,ok,5.5,5.0,4.5,4.0,3.9,4.2,4.0,4.3,4.4,4.9,5.3,6.0,6.3,6.3,6.2,6.3,7.2,7.6,7.7,7.4,6.8,6.2,5.9,5.7
2026-08-21T22:00:00Z,ok,ok,5.1,4.6,4.3,4.0,3.9,4.2,4.1,4.4,4.9,5.5,6.0,6.6,6.7,6.5,6.6,7.0,8.0,8.1,7.8,7.3,6.5,6.2,5.8,5.7
2026-08-21T22:30:00Z,ok,ok,5.8,5.2,4.8,4.4,4.2,4.6,4.6,5.1,5.8,6.4,6.3,6.8,6.8,6.8,7.1,7.4,8.0,7.9,7.3,7.0,6.4,6.2,5.8,5.8
2026-08-21T23:00:00Z,ok,ok,5.1,4.8,4.5,4.4,4.5,4.9,5.2,5.9,6.7,7.1,6.8,6.9,6.9,7.1,7.7,7.9,8.2,8.1,7.1,6.7,6.1,6.0,5.6,5.5
2026-08-21T23:30:00Z,ok,ok,5.1,4.9,4.8,4.7,5.0,5.5,6.2,6.9,7.8,7.9,7.2,6.9,7.2,7.9,8.7,8.8,8.3,7.5,6.2,5.8,5.5,5.5,5.2,5.1
2026-08-22T00:00:00Z,ok,ok,4.5,4.6,4.8,5.0,5.2,6.1,7.1,7.7,7.8,7.6,7.0,7.2,7.9,8.8,8.9,8.2,7.0,5.8,5.2,5.1,5.1,5.2,5.0,5.1
2026-08-22T00:30:00Z,ok,ok,5.1,5.4,5.6,5.7,6.1,7.1,7.8,7.9,7.5,7.6,7.5,8.2,9.0,9.3,8.6,7.1,6.0,5.1,4.9,4.8,5.0,5.0,4.9,5.0
2026-08-22T01:00:00Z,ok,ok,4.0,4.6,5.1,5.6,6.3,7.0,7.1,7.2,6.8,7.2,7.3,8.2,8.5,7.9,6.9,5.5,5.1,5.1,5.2,5.3,5.6,5.4,5.4,5.1
2026-08-22T01:30:00Z,ok,ok,4.2,4.7,5.3,6.0,6.6,6.9,6.8,6.9,6.9,7.7,8.0,8.4,7.9,6.7,5.9,4.9,4.7,4.7,4.5,4.4,4.4,4.4,4.4,4.3
2026-08-22T02:00:00Z,ok,ok,4.7,5.3,5.9,6.5,7.0,7.0,6.8,7.1,7.7,8.6,8.7,8.2,6.9,5.5,4.9,4.2,3.9,3.6,3.4,3.3,3.6,3.6,3.7,3.8
2026-08-22T02:30:00Z,ok,ok,5.0,5.9,6.3,6.7,6.8,6.9,6.8,7.4,8.0,8.7,8.0,6.7,5.5,4.7,4.3,3.8,3.3,2.9,2.8,2.9,3.1,3.3,3.4,3.6
2026-08-22T03:00:00Z,ok,ok,5.6,6.3,6.5,6.6,6.7,7.5,7.8,8.4,8.4,8.3,6.7,5.6,4.9,4.5,4.1,3.6,3.2,3.1,3.3,3.6,3.7,4.0,4.0,4.2
2026-08-22T03:30:00Z,ok,ok,6.2,6.5,6.5,6.5,6.8,7.9,8.2,8.2,7.5,6.8,5.4,4.6,4.4,3.9,3.5,3.0,2.6,2.4,2.6,2.8,2.8,3.2,3.1,3.3
2026-08-22T04:00:00Z,ok,ok,5.5,5.8,5.9,6.4,6.8,8.0,8.1,7.5,6.3,5.4,4.6,4.3,4.1,3.6,3.0,2.4,2.1,1.9,2.0,2.2,2.4,2.6,2.6,2.7
2026-08-22T04:30:00Z,ok,ok,5.5,6.0,6.3,7.2,7.7,8.1,7.7,6.6,5.2,4.6,4.3,4.1,3.8,3.0,2.5,2.0,1.9,1.8,1.9,2.0,2.3,2.4,2.5,2.6
2026-08-22T05:00:00Z,ok,ok,5.7,6.5,7.4,8.1,8.0,7.8,6.6,5.7,4.9,4.6,4.3,4.0,3.6,3.0,2.5,2.2,2.1,2.2,2.4,2.7,2.9,3.2,3.3,3.3
2026-08-22T05:30:00Z,ok,ok,5.9,6.7,7.6,7.9,7.3,6.5,5.1,4.6,4.3,4.0,3.7,3.3,2.9,2.5,2.1,2.0,1.9,2.1,2.3,2.5,2.6,2.9,2.8,2.9
2026-08-22T06:00:00Z,ok,ok,6.6,7.1,7.4,7.2,6.1,5.4,4.3,4.0,3.6,3.2,3.0,2.7,2.3,2.0,1.8,1.7,1.6,1.7,1.8,2.0,2.0,2.2,2.2,2.3
2026-08-22T06:30:00Z,ok,ok,7.3,7.1,6.7,6.2,5.0,4.6,4.0,3.6,3.0,2.6,2.4,2.3,2.0,1.8,1.6,1.5,1.4,1.4,1.5,1.7,1.7,1.8,1.9,2.0
2026-08-22T07:00:00Z,ok,ok,7.2,6.4,5.6,5.0,4.1,3.9,3.6,3.1,2.6,2.4,2.2,2.2,2.0,1.8,1.5,1.4,1.6,1.9,2.2,2.5,2.5,2.7,2.7,2.8
2026-08-22T07:30:00Z,ok,ok,6.0,5.3,4.6,4.1,3.5,3.3,2.9,2.5,2.1,1.9,1.8,1.8,1.7,1.6,1.3,1.2,1.4,1.8,2.1,2.4,2.5,2.6,2.5,2.6
2026-08-22T08:00:00Z,ok,ok,4.9,4.4,3.9,3.7,3.3,3.0,2.7,2.4,2.2,2.1,2.0,2.0,1.9,1.7,1.6,1.6,1.9,2.5,3.0,3.3,3.4,3.6,3.4,3.4
2026-08-22T08:30:00Z,ok,ok,4.1,3.9,3.6,3.4,3.0,2.8,2.5,2.2,2.0,1.9,2.0,2.0,2.0,1.9,1.9,2.0,2.6,3.6,4.2,4.6,4.6,4.8,4.4,4.4
2026-08-22T09:00:00Z,ok,ok,4.4,4.0,3.5,3.1,2.8,2.4,2.2,2.0,1.9,1.9,2.0,2.0,1.9,1.9,2.1,2.4,3.1,3.7,3.9,3.9,3.9,3.9,3.6,3.6
2026-08-22T09:30:00Z,ok,ok,4.4,3.8,3.2,2.7,2.3,2.0,1.9,1.8,1.7,1.8,1.9,1.9,2.1,2.3,2.6,3.0,3.6,4.0,4.0,4.1,4.1,4.1,4.0,4.0
2026-08-22T10:00:00Z,ok,ok,4.6,4.0,3.1,2.6,2.2,1.9,1.8,1.8,1.9,1.9,2.0,2.2,2.5,2.9,3.4,3.7,3.8,3.7,3.5,3.5,3.5,3.5,3.6,3.6
2026-08-22T10:30:00Z,ok,ok,4.1,3.6,3.0,2.4,2.1,2.0,1.8,1.9,1.8,1.9,2.1,2.4,2.9,3.5,3.8,3.8,3.7,3.5,3.4,3.6,3.6,3.6,3.7,3.7
2026-08-22T11:00:00Z,ok,ok,5.0,4.3,3.6,2.9,2.6,2.4,2.2,2.2,2.3,2.5,2.6,3.0,3.5,4.0,4.0,4.0,4.1,4.3,4.4,4.7,4.6,4.6,4.5,4.6
2026-08-22T11:30:00Z,ok,ok,5.1,4.3,3.5,2.9,2.6,2.3,2.2,2.3,2.4,2.7,3.1,3.5,3.9,4.1,4.0,3.8,3.9,3.9,3.8,3.9,3.9,3.8,3.8,4.0
2026-08-22T12:00:00Z,ok,ok,4.6,4.0,3.4,2.9,2.6,2.4,2.3,2.4,2.7,3.2,3.8,4.1,4.3,4.1,3.9,3.6,3.5,3.5,3.5,3.7,3.7,3.8,3.8,4.1
2026-08-22T12:30:00Z,ok,ok,3.8,3.6,3.3,2.9,2.8,2.6,2.6,2.8,3.2,3.9,4.3,4.6,4.5,4.1,3.7,3.2,3.2,3.5,3.6,3.9,4.0,4.1,4.1,4.2
2026-08-22T13:00:00Z,ok,ok,3.7,3.4,3.1,2.9,2.7,2.8,3.0,3.3,3.9,4.5,4.5,4.4,4.2,3.8,3.4,3.0,3.1,3.4,3.5,3.6,3.7,3.8,3.7,3.8
2026-08-22T13:30:00Z,ok,ok,3.1,3.0,2.8,2.8,2.8,3.1,3.5,3.9,4.3,4.6,4.4,4.1,3.8,3.4,3.1,3.1,3.4,3.9,4.0,4.0,4.0,4.0,3.9,3.9
2026-08-22T14:00:00Z,ok,ok,3.1,3.0,2.9,3.0,3.1,3.5,4.1,4.4,4.6,4.6,4.3,3.9,3.5,3.1,3.0,3.0,3.3,3.8,3.9,4.0,4.1,4.1,4.0,4.1
2026-08-22T14:30:00Z,ok,ok,3.6,3.6,3.4,3.5,3.7,4.2,4.6,4.7,4.6,4.5,3.9,3.6,3.4,3.3,3.2,3.2,3.7,4.2,4.5,4.7,4.8,4.8,4.8,4.7
2026-08-22T15:00:00Z,ok,ok,3.1,3.2,3.2,3.5,3.9,4.3,4.5,4.4,4.2,4.0,3.6,3.4,3.3,3.3,3.3,3.2,3.6,4.0,4.3,4.4,4.5,4.6,4.5,4.4
2026-08-22T15:30:00Z,ok,ok,3.7,3.9,4.0,4.3,4.7,4.9,4.7,4.5,4.1,3.9,3.6,3.6,3.6,3.6,3.6,3.5,3.9,4.4,4.7,4.9,4.9,4.9,4.8,4.6
2026-08-22T16:00:00Z,ok,ok,4.6,4.7,4.8,4.9,5.1,5.0,4.7,4.3,3.9,3.8,3.5,3.6,3.7,3.8,4.0,4.2,4.7,4.9,5.1,5.1,5.0,5.1,4.9,4.8
2026-08-22T16:30:00Z,ok,ok,5.9,5.9,5.6,5.3,5.1,4.7,4.4,4.1,3.8,3.8,3.7,3.7,4.0,4.1,4.6,4.7,5.0,4.8,4.7,4.7,4.5,4.6,4.6,4.5
2026-08-22T17:00:00Z,ok,ok,6.1,5.9,5.5,5.0,4.7,4.6,4.2,4.0,3.8,3.9,3.7,3.9,4.2,4.4,4.6,4.5,4.6,4.8,5.0,5.3,5.2,5.5,5.4,5.3
2026-08-22T17:30:00Z,ok,ok,5.9,5.6,5.2,4.5,4.2,4.0,3.7,3.7,3.8,4.0,3.9,4.1,4.5,4.7,4.8,4.7,5.2,5.9,6.1,6.5,6.2,6.2,6.0,5.8
2026-08-22T18:00:00Z,ok,ok,5.2,4.9,4.6,4.1,3.8,3.5,3.3,3.4,3.6,3.9,4.1,4.3,4.5,4.6,4.9,5.0,5.3,5.3,5.1,5.2,5.1,5.1,5.1,5.0
2026-08-22T18:30:00Z,ok,ok,6.0,5.5,4.9,4.2,3.9,3.6,3.4,3.6,3.8,4.3,4.4,4.5,4.7,4.9,5.2,5.3,5.5,5.2,4.9,5.0,5.0,5.0,5.1,5.2
2026-08-22T19:00:00Z,ok,ok,6.4,5.6,4.8,4.0,3.7,3.5,3.6,3.9,4.2,4.6,4.6,4.7,4.9,5.1,5.5,5.5,5.5,5.1,4.7,4.7,4.6,4.6,4.7,4.8
2026-08-22T19:30:00Z,ok,ok,4.5,4.3,3.9,3.5,3.4,3.5,3.6,3.9,4.3,4.7,4.7,4.8,5.1,5.5,5.5,5.3,5.3,5.5,5.4,5.8,5.9,6.0,5.9,6.0
2026-08-22T20:00:00Z,ok,ok,2.4,2.5,2.6,2.6,2.9,3.2,3.3,3.7,4.0,4.4,4.6,4.7,4.9,5.0,5.0,4.9,5.3,6.0,6.1,6.3,6.0,5.9,5.8,5.5
2026-08-22T20:30:00Z,ok,ok,3.4,3.4,3.4,3.4,3.7,4.1,4.4,4.7,4.9,5.2,5.4,5.4,5.5,5.3,5.3,5.2,5.3,5.2,4.9,4.8,4.7,4.7,4.7,4.8
2026-08-22T21:00:00Z,ok,ok,4.8,4.8,4.6,4.5,4.7,4.8,5.0,5.2,5.4,5.8,5.8,5.8,5.7,5.6,5.5,5.3,5.0,4.7,4.6,4.8,4.9,5.0,5.2,5.4
2026-08-22T21:30:00Z,ok,ok,4.3,4.5,4.6,4.6,4.7,4.8,4.8,5.1,5.4,5.9,5.8,5.7,5.6,5.5,5.2,4.7,4.3,4.0,4.0,4.2,4.4,4.6,4.7,4.8
2026-08-22T22:00:00Z,ok,ok,4.4,4.8,5.0,4.9,5.1,5.4,5.3,5.6,5.9,6.2,5.7,5.6,5.4,5.3,4.7,4.1,3.8,3.7,4.0,4.4,4.6,4.9,4.9,4.9
2026-08-22T22:30:00Z,ok,ok,4.1,4.4,4.7,5.0,5.2,5.4,5.4,5.5,5.5,5.7,5.4,5.3,5.0,4.5,4.0,3.5,3.5,3.7,3.8,4.1,4.3,4.4,4.5,4.4
2026-08-22T23:00:00Z,ok,ok,4.7,5.0,5.1,5.3,5.4,5.6,5.8,5.8,5.6,5.7,5.5,5.2,4.7,4.0,3.5,3.1,3.1,3.2,3.4,3.7,3.9,4.0,4.2,4.2
2026-08-22T23:30:00Z,ok,ok,4.7,5.0,5.0,5.2,5.3,5.6,5.8,5.8,5.6,5.7,5.2,4.7,4.1,3.6,3.1,2.9,2.8,2.9,3.1,3.5,3.7,3.9,4.1,4.2
2026-08-23T00:00:00Z,ok,ok,4.5,4.9,5.0,5.1,5.3,5.4,5.3,5.4,5.5,5.5,4.8,4.2,3.7,3.4,3.2,3.1,3.1,3.3,3.5,3.8,4.0,4.3,4.3,4.4
2026-08-23T00:30:00Z,ok,ok,4.6,4.9,5.1,5.1,5.2,5.5,5.3,5.3,5.1,4.8,4.0,3.7,3.4,3.3,3.1,3.0,3.0,3.1,3.4,3.8,3.9,4.3,4.2,4.3
2026-08-23T01:00:00Z,ok,ok,4.8,5.0,5.0,5.1,5.1,5.3,5.2,4.9,4.3,3.8,3.4,3.3,3.2,3.1,2.9,2.8,3.0,3.5,3.9,4.3,4.3,4.5,4.5,4.3
2026-08-23T01:30:00Z,ok,ok,5.2,5.3,5.1,5.1,5.0,5.1,5.0,4.4,3.7,3.4,3.2,3.1,3.1,2.9,2.9,2.9,3.3,3.9,4.3,4.5,4.5,4.6,4.6,4.5
2026-08-23T02:00:00Z,ok,ok,5.1,5.1,5.4,5.1,4.8,4.5,4.1,3.7,3.4,3.3,3.2,3.2,3.2,3.2,3.3,3.5,4.5,5.7,6.4,6.7,6.4,6.6,6.0,5.9
2026-08-23T02:30:00Z,ok,ok,5.2,5.2,5.3,5.1,4.7,4.2,3.8,3.5,3.3,3.4,3.4,3.5,3.5,3.5,3.8,4.2,5.3,6.0,6.2,6.2,6.0,5.9,5.4,5.4
2026-08-23T03:00:00Z,ok,ok,5.9,5.8,5.7,5.3,4.6,3.9,3.4,3.3,3.2,3.3,3.4,3.5,3.5,3.8,4.6,5.5,6.5,6.5,6.1,5.9,5.9,5.5,5.4,5.4
2026-08-23T03:30:00Z,ok,ok,6.5,6.2,5.5,4.7,4.1,3.5,3.3,3.3,3.2,3.3,3.5,3.6,4.0,4.6,5.4,6.0,6.3,6.1,5.6,5.6,5.6,5.4,5.6,5.5
2026-08-23T04:00:00Z,ok,ok,6.1,5.5,4.7,3.9,3.6,3.4,3.4,3.5,3.5,3.7,3.7,4.0,4.7,5.4,5.8,6.0,6.3,6.4,6.1,6.4,6.3,6.2,6.2,6.2
2026-08-23T04:30:00Z,ok,ok,5.9,5.3,4.6,3.9,3.6,3.5,3.3,3.4,3.6,4.0,4.1,4.6,5.3,5.9,5.9,5.8,6.1,6.7,6.7,7.2,7.1,6.9,6.7,6.7
2026-08-23T05:00:00Z,ok,ok,4.5,4.2,3.8,3.4,3.3,3.4,3.3,3.5,3.8,4.4,4.8,5.4,5.9,6.0,5.9,5.7,6.2,7.0,7.1,7.4,6.9,6.7,6.5,6.3
2026-08-23T05:30:00Z,ok,ok,4.1,3.9,3.7,3.5,3.4,3.5,3.6,3.9,4.4,5.1,5.6,6.0,6.0,5.7,5.7,5.9,6.7,7.2,7.1,7.1,6.5,6.3,6.1,6.0
2026-08-23T06:00:00Z,ok,ok,4.5,4.3,4.1,3.8,3.6,3.7,3.9,4.4,5.3,6.2,6.4,6.4,6.1,5.9,6.1,6.4,6.9,6.8,6.3,6.4,6.0,5.9,5.8,5.8
2026-08-23T06:30:00Z,ok,ok,4.3,4.1,3.8,3.6,3.6,3.9,4.4,5.2,6.4,6.9,6.4,6.0,5.8,5.9,6.4,6.7,6.7,6.3,5.6,5.6,5.5,5.5,5.4,5.4
2026-08-23T07:00:00Z,ok,ok,4.2,4.1,3.9,3.8,4.1,4.6,5.4,6.3,7.1,7.1,6.4,6.0,6.0,6.5,6.9,7.1,6.7,6.3,5.7,5.5,5.6,5.5,5.4,5.6
2026-08-23T07:30:00Z,ok,ok,3.9,4.0,4.0,4.1,4.7,5.5,6.4,7.1,7.1,6.9,6.4,6.3,6.6,6.8,6.9,6.5,6.1,5.6,5.2,5.0,5.0,5.0,4.9,5.0
2026-08-23T08:00:00Z,ok,ok,4.1,4.2,4.4,4.7,5.6,6.6,7.1,7.2,6.8,6.8,6.4,6.7,6.9,6.7,6.3,5.8,5.7,5.4,5.1,5.0,4.9,4.8,4.8,4.8
2026-08-23T08:30:00Z,ok,ok,5.2,5.4,5.6,5.8,6.6,7.0,7.0,7.0,6.7,7.1,6.7,7.1,7.1,6.8,6.3,5.9,6.3,6.5,6.4,6.4,6.2,6.0,6.1,5.8
2026-08-23T09:00:00Z,ok,ok,4.7,5.2,5.8,6.4,7.0,6.9,6.6,6.7,6.9,7.3,7.0,7.0,6.5,6.1,5.9,5.6,5.4,4.9,4.6,4.4,4.4,4.3,4.5,4.4
2026-08-23T09:30:00Z,ok,ok,5.5,6.3,6.8,7.0,7.2,7.0,6.5,6.8,7.1,7.5,7.1,6.6,6.1,5.8,5.5,5.2,4.8,4.3,4.1,4.2,4.3,4.4,4.7,4.6
2026-08-23T10:00:00Z,ok,ok,7.3,7.6,7.7,7.3,7.2,7.3,7.1,7.3,7.3,7.3,6.6,6.1,5.8,5.5,5.2,4.9,4.4,4.0,4.0,4.2,4.2,4.5,4.7,4.8
2026-08-23T10:30:00Z,ok,ok,7.6,7.5,7.2,6.7,6.6,7.1,7.2,7.1,6.8,6.7,5.8,5.6,5.4,5.1,4.6,4.3,4.3,4.5,4.8,5.2,5.1,5.3,5.4,5.4
2026-08-23T11:00:00Z,ok,ok,6.6,6.5,6.4,6.2,6.3,6.7,6.9,6.7,6.2,6.0,5.5,5.5,5.3,4.9,4.3,4.0,4.5,5.5,6.0,6.6,6.4,6.5,6.5,6.1
2026-08-23T11:30:00Z,ok,ok,6.2,5.8,6.0,5.9,6.1,6.2,6.5,6.3,5.7,5.4,5.5,5.4,5.0,4.5,4.2,4.3,5.6,7.2,7.5,7.9,7.6,7.1,7.0,6.4
2026-08-23T12:00:00Z,ok,ok,5.8,5.8,6.3,6.4,6.6,6.2,6.1,5.8,5.4,5.4,5.3,5.1,4.7,4.3,4.4,5.0,6.5,7.2,7.1,7.0,6.7,6.1,6.1,5.8
2026-08-23T12:30:00Z,ok,ok,5.6,5.8,6.2,6.3,6.4,5.9,5.6,5.4,5.3,5.3,4.8,4.6,4.3,4.5,5.3,6.2,7.3,7.0,6.4,6.0,5.8,5.5,5.5,5.4
2026-08-23T13:00:00Z,ok,ok,7.3,7.2,6.8,6.3,6.2,5.7,5.6,5.5,5.2,4.9,4.3,4.2,4.5,5.2,6.3,7.2,7.5,6.8,6.0,5.5,5.6,5.3,5.4,5.3
2026-08-23T13:30:00Z,ok,ok,8.5,7.9,7.2,6.3,6.1,6.1,5.8,5.6,4.9,4.5,4.1,4.4,5.2,6.2,6.9,6.9,6.5,5.8,5.4,5.5,5.5,5.4,5.5,5.4
2026-08-23T14:00:00Z,ok,ok,7.0,6.8,6.4,5.8,5.8,5.8,5.3,5.0,4.3,4.1,4.2,4.9,6.0,6.8,6.9,6.2,5.7,5.2,5.1,5.4,5.4,5.3,5.3,5.1
2026-08-23T14:30:00Z,ok,ok,6.1,6.1,6.0,5.6,5.7,5.5,4.9,4.6,4.2,4.6,5.5,6.5,7.2,6.9,6.2,5.3,5.1,4.9,4.9,4.9,4.8,4.5,4.5,4.4
2026-08-23T15:00:00Z,ok,ok,5.5,5.5,5.5,5.3,5.0,4.6,4.1,4.1,4.4,5.5,6.6,7.4,7.2,6.1,5.3,4.6,4.7,4.6,4.6,4.5,4.4,4.3,4.3,4.2
2026-08-23T15:30:00Z,ok,ok,5.1,5.1,4.9,4.8,4.5,4.0,3.9,4.1,5.2,6.5,7.1,7.0,6.1,5.0,4.7,4.4,4.5,4.4,4.2,3.9,4.0,4.0,3.9,4.0
2026-08-23T16:00:00Z,ok,ok,4.5,4.5,4.3,4.1,3.9,3.8,4.0,4.6,5.8,6.8,6.6,5.9,5.2,4.5,4.5,4.6,5.0,5.1,4.8,4.5,4.3,4.4,4.2,4.2
2026-08-23T16:30:00Z,ok,ok,4.5,4.3,4.0,3.6,3.7,4.1,4.6,5.4,6.1,6.4,5.8,5.3,5.0,4.7,4.7,4.7,5.1,5.8,6.0,6.1,5.8,5.7,5.7,5.4
2026-08-23T17:00:00Z,ok,ok,4.7,4.3,3.9,3.7,4.2,4.9,6.0,6.6,6.6,6.3,5.7,5.2,5.0,4.8,4.8,4.9,5.7,5.8,5.3,5.0,4.7,4.4,4.3,4.2
2026-08-23T17:30:00Z,ok,ok,4.8,4.5,4.3,4.4,5.2,6.0,6.9,7.0,6.4,5.9,5.3,5.1,5.2,5.2,5.3,5.3,6.0,6.0,5.7,5.6,5.3,5.0,5.1,4.9
2026-08-23T18:00:00Z,ok,ok,4.0,4.2,4.6,4.9,6.0,6.3,6.1,5.8,5.3,5.2,4.7,5.0,5.1,5.3,5.5,5.5,6.4,6.7,6.9,7.0,6.8,6.6,6.5,6.0
2026-08-23T18:30:00Z,ok,ok,4.4,4.8,5.5,6.0,6.8,6.4,5.7,5.3,5.1,5.2,5.0,5.4,5.5,5.7,5.7,5.9,6.9,7.0,6.9,6.7,6.6,6.1,5.9,5.5
2026-08-23T19:00:00Z,ok,ok,5.2,5.7,6.3,6.8,7.0,6.1,5.4,5.1,5.2,5.3,5.2,5.4,5.3,5.6,6.1,6.6,7.1,6.6,6.1,5.5,5.5,5.2,5.0,4.9
2026-08-23T19:30:00Z,ok,ok,5.5,6.1,6.3,6.3,6.0,5.3,4.8,4.8,5.0,5.2,5.2,5.4,5.4,5.7,6.3,6.6,6.6,6.0,5.5,5.1,5.0,4.7,4.6,4.4
2026-08-23T20:00:00Z,ok,ok,7.6,7.7,7.2,6.3,5.8,5.3,5.0,5.3,5.4,5.5,5.4,5.5,5.8,6.3,6.8,6.8,6.2,5.5,5.0,4.8,4.7,4.5,4.6,4.4
2026-08-23T20:30:00Z,ok,ok,7.9,7.7,7.1,6.0,5.7,5.5,5.1,5.5,5.7,6.1,6.1,6.4,7.0,7.4,7.2,6.6,5.8,5.1,4.9,4.9,4.8,4.8,4.9,4.7
2026-08-23T21:00:00Z,ok,ok,6.1,6.0,5.6,5.0,5.1,5.3,5.2,5.5,5.7,6.2,6.2,6.8,7.1,6.8,6.0,5.3,5.3,5.8,6.2,6.3,6.3,6.0,5.9,5.6
2026-08-23T21:30:00Z,ok,ok,5.3,5.1,4.9,4.7,4.9,5.4,5.7,5.9,6.1,6.6,7.0,7.3,7.1,6.1,5.5,5.0,5.4,5.7,5.6,5.1,5.0,4.7,4.5,4.4
2026-08-23T22:00:00Z,ok,ok,4.8,4.8,4.8,4.9,5.1,5.4,5.9,6.2,6.5,7.1,7.3,7.2,6.7,5.7,5.4,5.3,6.0,6.6,6.3,6.1,5.8,5.4,5.4,5.1
2026-08-23T22:30:00Z,ok,ok,4.4,4.6,4.8,4.9,5.1,5.5,5.8,6.4,6.9,7.3,6.8,6.5,6.0,5.6,5.6,5.8,6.5,6.9,6.5,6.2,5.9,5.6,5.5,5.2
2026-08-23T23:00:00Z,ok,ok,5.0,5.2,5.5,5.5,5.9,6.1,6.3,6.9,7.3,7.4,6.6,6.2,5.9,5.9,6.2,6.5,7.2,7.3,6.7,6.6,6.2,5.8,5.9,5.4
2026-08-23T23:30:00Z,ok,ok,6.2,6.0,6.2,6.1,6.8,7.0,7.3,7.6,7.4,7.3,6.4,6.2,6.2,6.6,7.1,7.3,8.3,8.2,7.6,7.5,7.0,6.6,6.6,6.1
2026-08-24T00:00:00Z,ok,ok,7.9,7.3,7.3,7.1,7.8,8.0,8.1,7.9,7.5,7.0,6.2,6.4,6.7,7.3,8.2,8.3,9.0,7.9,6.9,6.4,6.1,5.8,5.7,5.4
2026-08-24T00:30:00Z,ok,ok,8.0,7.7,7.6,7.3,8.2,8.5,8.0,7.5,6.8,6.4,6.0,6.6,7.3,8.1,8.7,8.3,8.3,7.0,6.4,6.0,6.0,5.7,5.8,5.5
2026-08-24T01:00:00Z,ok,ok,6.9,7.2,7.5,7.5,8.2,8.0,7.1,6.7,6.4,6.4,6.5,7.3,8.2,8.8,8.7,7.7,6.7,5.6,5.3,5.1,5.1,4.9,4.9,4.6
2026-08-24T01:30:00Z,ok,ok,7.4,7.9,8.3,8.0,8.1,7.5,6.4,6.2,6.3,6.7,7.0,7.8,8.6,8.5,7.8,6.7,5.7,5.1,4.9,5.0,4.8,5.0,5.0,4.7
2026-08-24T02:00:00Z,ok,ok,7.4,8.1,8.2,7.6,7.5,6.8,6.0,6.0,6.4,7.5,7.9,8.6,8.7,7.8,6.7,5.7,5.1,4.9,4.9,5.0,4.8,5.0,5.1,4.8
2026-08-24T02:30:00Z,ok,ok,9.3,9.2,8.4,7.5,6.9,6.5,6.2,6.5,6.9,8.1,8.7,8.9,8.5,6.9,6.0,5.4,5.5,6.0,6.2,6.0,5.8,5.9,5.9,5.7
2026-08-24T03:00:00Z,ok,ok,7.8,7.3,6.6,6.1,6.1,6.1,6.2,6.6,7.4,8.2,8.3,7.8,7.0,5.7,5.4,5.0,5.5,5.7,5.3,4.7,4.7,4.4,4.3,4.3
2026-08-24T03:30:00Z,ok,ok,5.9,5.8,5.6,5.5,5.8,6.2,6.7,7.5,8.1,8.5,7.7,6.7,5.9,5.1,5.1,5.0,5.3,5.5,5.0,4.9,5.0,4.8,4.7,4.7
2026-08-24T04:00:00Z,ok,ok,5.8,5.9,5.8,5.9,6.4,7.0,7.5,8.2,8.4,8.2,6.8,5.9,5.4,5.2,5.4,5.4,5.5,5.3,4.8,4.6,4.7,4.6,4.5,4.5
2026-08-24T04:30:00Z,ok,ok,5.7,5.9,6.0,6.4,7.0,7.8,8.3,8.4,7.8,7.1,5.8,5.3,5.2,5.4,5.7,5.4,5.1,4.4,3.9,3.8,3.9,3.9,3.8,3.9
2026-08-24T05:00:00Z,ok,ok,6.5,6.7,6.7,7.1,7.8,8.6,8.7,8.1,6.9,6.0,5.1,5.0,5.4,5.7,5.9,5.3,4.7,3.8,3.4,3.4,3.5,3.7,3.6,3.7
2026-08-24T05:30:00Z,ok,ok,6.9,7.3,7.6,8.1,8.8,8.9,8.1,6.9,5.8,5.1,4.8,5.0,5.6,5.5,5.3,4.2,3.3,2.6,2.4,2.4,2.6,2.8,2.8,2.8
2026-08-24T06:00:00Z,ok,ok,7.2,7.8,8.3,8.7,9.0,8.1,6.9,5.9,5.2,4.9,5.3,5.5,5.5,5.0,4.2,3.2,2.4,1.9,1.9,2.1,2.3,2.4,2.4,2.5
2026-08-24T06:30:00Z,ok,ok,6.6,7.3,8.0,8.1,7.9,6.6,5.4,4.9,4.9,5.0,5.6,5.5,4.8,3.9,2.9,2.2,1.5,1.2,1.2,1.4,1.6,1.8,1.9,2.0
2026-08-24T07:00:00Z,ok,ok,6.7,7.3,7.6,7.4,6.6,5.7,4.7,4.5,4.7,5.1,5.5,4.9,3.9,2.9,2.0,1.5,1.0,0.9,1.0,1.1,1.3,1.5,1.6,1.8
2026-08-24T07:30:00Z,ok,ok,6.2,6.5,6.4,6.1,5.3,5.0,4.4,4.4,4.6,4.8,4.8,3.9,2.8,2.0,1.3,1.0,0.8,0.7,0.9,1.1,1.2,1.4,1.5,1.7
2026-08-24T08:00:00Z,ok,ok,6.7,6.3,5.7,5.2,4.4,4.7,4.5,4.5,4.5,4.2,3.7,2.8,2.0,1.4,1.0,0.9,0.9,1.2,1.4,1.7,1.8,2.1,2.0,2.2
2026-08-24T08:30:00Z,ok,ok,5.6,5.1,4.5,4.1,3.8,4.3,4.5,4.5,4.1,3.4,2.7,2.0,1.4,1.0,0.8,0.7,0.9,1.2,1.4,1.6,1.8,1.9,1.9,2.0
2026-08-24T09:00:00Z,ok,ok,6.2,5.4,4.6,4.4,4.4,4.9,5.2,4.8,3.9,2.9,2.2,1.6,1.3,1.0,0.9,1.0,1.4,2.0,2.2,2.4,2.5,2.7,2.5,2.7
2026-08-24T09:30:00Z,ok,ok,4.7,4.6,4.3,4.5,4.6,4.8,4.6,3.7,2.8,1.9,1.4,1.1,1.0,0.8,1.0,1.1,1.5,1.9,2.0,2.1,2.2,2.4,2.3,2.5
2026-08-24T10:00:00Z,ok,ok,5.2,5.2,5.1,5.2,5.1,4.7,3.9,3.0,2.2,1.5,1.2,1.0,1.1,1.1,1.3,1.5,1.8,2.2,2.4,2.4,2.6,2.7,2.5,2.7
2026-08-24T10:30:00Z,ok,ok,4.9,5.0,5.0,5.0,4.5,4.0,2.9,2.1,1.5,1.0,0.9,1.0,1.1,1.3,1.4,1.5,1.5,1.5,1.7,1.7,1.8,2.0,1.9,2.0
2026-08-24T11:00:00Z,ok,ok,6.1,5.9,5.6,5.2,4.2,3.4,2.3,1.7,1.2,1.0,1.1,1.2,1.5,1.6,1.7,1.8,1.9,2.1,2.3,2.4,2.4,2.5,2.3,2.4
2026-08-24T11:30:00Z,ok,ok,6.5,5.7,5.0,4.2,3.2,2.4,1.7,1.3,1.0,1.0,1.2,1.5,1.6,1.7,1.7,1.6,1.6,1.6,1.7,1.7,1.7,1.7,1.7,1.7
2026-08-24T12:00:00Z,ok,ok,5.5,4.6,3.8,3.1,2.3,1.6,1.1,1.0,1.0,1.1,1.5,1.7,1.7,1.6,1.4,1.1,1.0,0.8,0.9,0.9,1.0,1.1,1.1,1.2
2026-08-24T12:30:00Z,ok,ok,3.8,3.1,2.4,1.9,1.4,1.0,0.8,0.7,0.9,1.2,1.5,1.7,1.6,1.5,1.1,0.9,0.9,0.9,1.0,1.2,1.3,1.4,1.5,1.6
2026-08-24T13:00:00Z,ok,ok,2.9,2.2,1.6,1.2,0.9,0.8,0.7,0.8,1.1,1.3,1.6,1.6,1.5,1.2,0.9,0.7,0.8,0.9,1.1,1.3,1.5,1.5,1.5,1.7
2026-08-24T13:30:00Z,ok,ok,2.4,1.8,1.2,1.0,0.8,0.8,1.0,1.1,1.4,1.5,1.6,1.6,1.4,1.1,0.8,0.7,0.8,1.1,1.2,1.4,1.6,1.7,1.6,1.8
2026-08-24T14:00:00Z,ok,ok,2.0,1.5,1.0,0.9,0.9,1.0,1.3,1.3,1.5,1.5,1.5,1.3,1.2,0.9,0.7,0.6,0.7,0.9,1.0,1.1,1.4,1.4,1.4,1.6
2026-08-24T14:30:00Z,ok,ok,1.5,1.2,0.9,1.0,1.1,1.3,1.6,1.5,1.5,1.4,1.2,1.1,1.0,0.8,0.6,0.6,0.7,0.8,1.0,1.1,1.3,1.4,1.4,1.6
2026-08-24T15:00:00Z,ok,ok,1.0,0.9,0.8,1.0,1.2,1.3,1.4,1.3,1.3,1.1,1.0,0.9,0.8,0.7,0.6,0.5,0.5,0.5,0.6,0.7,0.9,1.0,0.9,1.1
2026-08-24T15:30:00Z,ok,ok,1.3,1.2,1.2,1.4,1.6,1.6,1.6,1.4,1.2,1.0,1.0,0.9,0.9,0.8,0.6,0.5,0.4,0.5,0.6,0.7,0.9,1.0,0.9,1.0
2026-08-24T16:00:00Z,ok,ok,1.8,1.8,1.8,1.9,2.0,1.9,1.8,1.4,1.2,1.0,1.0,1.0,1.0,0.8,0.6,0.5,0.5,0.6,0.8,1.0,1.1,1.2,1.2,1.2
2026-08-24T16:30:00Z,ok,ok,2.1,2.1,2.0,2.0,2.0,1.8,1.6,1.2,1.1,1.0,1.0,1.0,1.0,0.8,0.6,0.4,0.4,0.6,0.7,0.8,1.0,1.0,1.0,1.0
2026-08-24T17:00:00Z,ok,ok,1.6,1.6,1.6,1.7,1.5,1.4,1.2,1.0,0.9,0.8,0.8,0.8,0.7,0.5,0.4,0.4,0.6,1.1,1.3,1.4,1.6,1.7,1.6,1.5
2026-08-24T17:30:00Z,ok,ok,2.6,2.5,2.4,2.3,1.9,1.6,1.3,1.1,1.1,1.0,0.9,0.8,0.8,0.7,0.8,1.1,1.7,2.6,3.0,3.1,3.2,3.2,2.8,2.7
2026-08-24T18:00:00Z,ok,ok,3.2,3.0,2.6,2.3,1.8,1.5,1.3,1.2,1.1,1.0,0.9,0.8,0.8,0.9,1.3,1.7,2.4,3.2,3.5,3.4,3.5,3.5,3.2,3.1
2026-08-24T18:30:00Z,ok,ok,3.7,3.1,2.3,1.8,1.5,1.3,1.3,1.3,1.2,1.2,1.1,1.1,1.3,1.5,2.0,2.5,3.2,3.7,3.8,3.7,3.7,3.6,3.4,3.3
2026-08-24T19:00:00Z,ok,ok,3.7,3.0,2.1,1.7,1.5,1.4,1.4,1.2,1.1,0.9,0.9,1.1,1.4,1.9,2.3,2.5,2.5,2.3,2.2,2.2,2.4,2.4,2.4,2.4
2026-08-24T19:30:00Z,ok,ok,2.7,2.4,1.9,1.6,1.5,1.4,1.2,1.1,0.9,0.9,1.0,1.4,1.9,2.4,2.6,2.5,2.5,2.7,3.0,3.3,3.5,3.5,3.4,3.3
2026-08-24T20:00:00Z,ok,ok,2.8,2.6,2.1,1.8,1.6,1.4,1.2,1.0,1.0,1.1,1.4,1.9,2.6,3.0,3.0,2.8,2.8,3.0,3.2,3.4,3.4,3.4,3.3,3.3
2026-08-24T20:30:00Z,ok,ok,3.0,2.8,2.4,2.0,1.7,1.3,1.1,1.0,1.2,1.6,2.0,2.5,3.0,3.1,3.1,2.8,2.9,3.2,3.3,3.6,3.5,3.6,3.5,3.5
2026-08-24T21:00:00Z,ok,ok,3.0,2.7,2.4,1.9,1.6,1.3,1.1,1.3,1.7,2.2,2.8,3.1,3.3,3.2,2.9,2.7,2.9,3.4,3.7,4.2,4.1,4.1,4.1,4.1
2026-08-24T21:30:00Z,ok,ok,2.4,2.1,1.8,1.4,1.1,1.2,1.2,1.7,2.3,2.8,3.0,3.2,3.3,3.3,3.2,3.2,3.8,5.3,6.1,6.8,6.6,6.2,6.3,5.7
2026-08-24T22:00:00Z,ok,ok,3.0,2.4,2.0,1.6,1.4,1.7,2.0,2.6,3.3,3.7,3.6,3.6,3.4,3.3,3.4,3.8,4.7,5.5,5.6,5.4,5.0,4.8,4.6,4.5
2026-08-24T22:30:00Z,ok,ok,3.6,2.9,2.3,2.0,2.0,2.3,2.9,3.4,4.0,4.0,3.6,3.5,3.4,3.6,4.2,4.9,5.5,5.4,4.8,4.3,4.0,4.0,3.8,3.9
2026-08-24T23:00:00Z,ok,ok,3.4,2.8,2.3,2.2,2.5,2.9,3.6,4.1,4.3,4.0,3.5,3.3,3.6,4.2,5.2,5.8,5.8,4.9,4.2,3.7,3.7,3.6,3.5,3.8
2026-08-24T23:30:00Z,ok,ok,4.4,3.8,3.3,3.0,3.4,3.9,4.4,4.6,4.5,4.1,3.7,3.6,4.4,5.2,5.9,5.8,5.1,4.0,3.6,3.4,3.4,3.4,3.4,3.6
2026-08-25T00:00:00Z,ok,ok,4.3,4.1,3.9,3.8,4.5,5.0,4.9,4.7,4.3,4.0,3.8,4.3,5.2,6.0,5.8,4.8,4.0,3.2,3.2,3.2,3.3,3.4,3.2,3.4
2026-08-25T00:30:00Z,ok,ok,4.4,4.6,4.7,4.8,5.4,5.5,4.9,4.4,4.0,4.1,4.4,5.3,5.9,5.8,4.9,3.7,3.2,2.9,3.0,3.2,3.3,3.3,3.2,3.2
2026-08-25T01:00:00Z,,,0.0,0.0,0.0,0.0,0.0,0.0,0.0,0.0,0.0,0.0,0.0,0.0,0.0,0.0,0.0,0.0,0.0,0.0,0.0,0.0,0.0,0.0,0.0,0.0
2026-08-25T01:30:00Z,ok,ok,4.9,5.0,5.0,5.0,4.7,4.2,3.8,3.9,4.4,5.5,6.1,6.0,5.1,4.1,3.3,2.7,2.3,2.2,2.2,2.3,2.5,2.6,2.7,2.8
2026-08-25T02:00:00Z,ok,ok,4.1,4.3,4.2,4.1,3.9,3.7,3.6,3.9,4.7,5.4,5.3,4.6,3.7,2.9,2.3,1.8,1.5,1.3,1.3,1.4,1.6,1.8,1.8,2.0
2026-08-25T02:30:00Z,ok,ok,3.8,3.9,3.7,3.6,3.5,3.7,3.9,4.4,4.8,4.8,4.2,3.3,2.6,2.1,1.7,1.3,1.1,0.9,1.0,1.1,1.3,1.4,1.4,1.6
2026-08-25T03:00:00Z,ok,ok,3.9,3.9,3.5,3.4,3.5,4.1,4.6,4.8,4.6,4.0,3.3,2.6,2.2,1.7,1.3,1.0,0.8,0.7,0.7,0.8,1.1,1.1,1.2,1.3
2026-08-25T03:30:00Z,ok,ok,4.4,4.1,3.7,3.7,3.9,4.8,5.2,4.9,4.2,3.5,2.7,2.3,2.0,1.7,1.2,0.8,0.6,0.5,0.7,0.8,1.0,1.2,1.2,1.4
2026-08-25T04:00:00Z,ok,ok,3.7,3.7,3.6,3.9,4.3,4.8,4.8,4.1,3.2,2.5,2.1,1.9,1.7,1.3,0.9,0.6,0.5,0.5,0.7,0.9,1.1,1.2,1.2,1.4
2026-08-25T04:30:00Z,ok,ok,3.4,3.6,3.9,4.3,4.4,4.4,3.9,3.3,2.7,2.2,1.9,1.7,1.5,1.1,0.8,0.6,0.6,0.6,0.8,0.9,1.1,1.3,1.2,1.4
2026-08-25T05:00:00Z,ok,ok,3.9,4.3,4.6,4.9,4.4,4.1,3.2,2.7,2.2,1.9,1.7,1.4,1.1,0.9,0.6,0.5,0.5,0.6,0.8,0.9,1.1,1.2,1.2,1.3
2026-08-25T05:30:00Z,ok,ok,5.1,5.4,5.4,5.4,4.3,3.8,2.9,2.4,2.0,1.6,1.4,1.1,0.9,0.7,0.6,0.6,0.8,1.3,1.6,1.8,1.8,2.0,1.8,1.9
2026-08-25T06:00:00Z,ok,ok,5.8,5.9,5.4,5.0,3.8,3.3,2.5,2.1,1.7,1.3,1.1,0.9,0.7,0.7,0.7,0.8,1.2,1.8,2.3,2.4,2.4,2.6,2.4,2.4
2026-08-25T06:30:00Z,ok,ok,5.0,4.8,4.1,3.6,2.8,2.3,1.8,1.4,1.2,0.9,0.7,0.6,0.6,0.7,0.9,1.2,1.8,2.5,2.7,2.7,2.7,2.7,2.4,2.4
2026-08-25T07:00:00Z,ok,ok,5.0,4.4,3.5,2.9,2.3,1.9,1.5,1.2,1.0,0.8,0.7,0.7,0.8,1.0,1.3,1.6,1.9,2.3,2.4,2.4,2.4,2.4,2.2,2.2
2026-08-25T07:30:00Z,ok,ok,5.1,4.2,3.2,2.6,2.0,1.7,1.3,1.0,0.8,0.6,0.6,0.8,1.0,1.3,1.5,1.6,1.7,1.7,1.9,1.9,2.1,2.2,2.1,2.1
2026-08-25T08:00:00Z,ok,ok,4.7,3.8,2.8,2.2,1.7,1.4,1.0,0.9,0.7,0.7,0.8,1.1,1.4,1.7,2.0,2.1,2.4,2.6,2.7,2.7,2.9,2.8,2.6,2.5
2026-08-25T08:30:00Z,ok,ok,3.4,2.9,2.2,1.7,1.4,1.1,0.8,0.7,0.7,0.9,1.1,1.5,1.8,2.1,2.4,2.4,2.8,3.2,3.2,3.2,3.3,3.1,2.9,2.8
2026-08-25T09:00:00Z,ok,ok,2.8,2.4,1.8,1.4,1.1,0.9,0.7,0.7,0.8,1.1,1.4,1.8,2.1,2.4,2.6,2.8,3.2,3.6,3.5,3.4,3.3,3.2,2.9,2.9
2026-08-25T09:30:00Z,ok,ok,2.7,2.2,1.6,1.2,0.9,0.8,0.7,0.8,1.1,1.5,2.0,2.2,2.5,2.7,2.8,2.6,2.4,2.0,1.9,1.9,2.0,2.0,1.9,2.1
2026-08-25T10:00:00Z,ok,ok,2.5,2.0,1.5,1.2,0.9,0.9,1.0,1.2,1.7,2.1,2.6,2.8,3.0,3.1,2.8,2.3,2.0,1.8,1.7,1.8,1.9,1.9,1.8,2.0
2026-08-25T10:30:00Z,ok,ok,2.6,2.0,1.5,1.2,1.1,1.2,1.4,1.6,2.1,2.5,2.8,3.1,3.2,2.9,2.4,1.8,1.7,1.8,1.9,1.9,2.0,2.0,1.8,2.0
2026-08-25T11:00:00Z,ok,ok,2.3,1.8,1.5,1.4,1.3,1.6,2.0,2.2,2.6,2.7,3.0,3.1,2.9,2.3,1.9,1.5,1.5,1.8,1.9,1.9,2.0,1.9,1.8,1.9
2026-08-25T11:30:00Z,ok,ok,1.7,1.5,1.3,1.4,1.4,1.8,2.3,2.6,2.8,2.8,3.0,2.8,2.4,1.7,1.4,1.3,1.4,1.8,1.9,1.8,2.0,1.9,1.8,1.9
2026-08-25T12:00:00Z,ok,ok,1.9,1.8,1.7,1.9,2.0,2.3,2.8,3.0,3.3,3.2,3.1,2.8,2.4,1.9,1.9,2.0,2.6,3.4,3.3,3.1,3.1,2.9,2.8,2.6
2026-08-25T12:30:00Z,ok,ok,0.9,1.0,1.2,1.6,2.0,2.3,2.6,2.8,2.8,2.4,2.1,1.7,1.4,1.1,1.1,1.2,1.2,1.3,1.3,1.2,1.4,1.3,1.3,1.3
2026-08-25T13:00:00Z,ok,ok,1.9,2.0,2.1,2.4,2.8,3.1,3.2,3.1,3.0,2.5,2.1,1.7,1.6,1.5,1.6,1.7,1.9,2.1,2.1,2.0,2.1,2.0,1.9,1.8
2026-08-25T13:30:00Z,ok,ok,2.6,2.7,2.7,2.9,3.2,3.4,3.3,2.9,2.4,1.9,1.6,1.5,1.5,1.6,1.5,1.5,1.6,1.7,1.8,1.9,1.9,1.9,1.8,1.7
2026-08-25T14:00:00Z,ok,ok,3.8,3.8,3.6,3.7,3.8,3.9,3.5,2.9,2.3,1.9,1.9,2.0,2.3,2.3,2.1,1.8,1.9,2.1,2.4,2.4,2.3,2.3,2.1,2.0
2026-08-25T14:30:00Z,ok,ok,4.2,4.2,4.0,4.0,3.8,3.5,2.9,2.3,1.9,1.7,1.8,2.0,2.2,2.1,1.9,1.6,1.9,2.5,2.8,2.8,2.8,2.8,2.5,2.4
2026-08-25T15:00:00Z,ok,ok,3.2,3.4,3.6,3.8,3.5,2.7,2.0,1.6,1.6,1.6,1.8,1.9,1.8,1.6,1.6,1.7,2.3,3.0,3.1,2.9,3.0,2.8,2.4,2.3
2026-08-25T15:30:00Z,ok,ok,3.6,3.6,3.4,3.2,2.6,1.9,1.5,1.4,1.6,1.7,1.9,1.7,1.5,1.3,1.3,1.4,1.6,1.6,1.6,1.4,1.6,1.5,1.4,1.4
2026-08-25T16:00:00Z,ok,ok,4.4,4.0,3.3,2.8,2.2,1.7,1.4,1.4,1.6,1.6,1.6,1.5,1.4,1.4,1.5,1.6,1.7,1.7,1.7,1.6,1.7,1.6,1.6,1.6
2026-08-25T16:30:00Z,ok,ok,4.5,3.7,2.7,2.1,1.7,1.5,1.5,1.5,1.6,1.5,1.3,1.3,1.3,1.4,1.5,1.5,1.6,1.6,1.7,1.7,1.8,1.7,1.6,1.6
2026-08-25T17:00:00Z,ok,ok,3.3,2.5,1.8,1.5,1.4,1.4,1.5,1.4,1.4,1.3,1.2,1.3,1.5,1.5,1.6,1.5,1.8,1.9,1.9,1.8,1.9,1.8,1.6,1.6
2026-08-25T17:30:00Z,ok,ok,2.4,1.9,1.4,1.4,1.5,1.6,1.7,1.5,1.3,1.2,1.3,1.5,1.7,1.5,1.4,1.2,1.1,1.0,1.0,0.9,1.0,1.0,0.8,1.0
2026-08-25T18:00:00Z,ok,ok,1.1,1.0,0.9,1.1,1.4,1.4,1.5,1.2,1.1,1.0,1.3,1.5,1.6,1.3,1.1,0.8,0.7,0.7,0.7,0.7,0.9,0.8,0.8,0.8
2026-08-25T18:30:00Z,ok,ok,2.2,2.1,2.0,2.1,2.1,2.0,1.9,1.9,2.1,2.2,2.5,2.6,2.6,2.3,2.1,1.9,2.0,2.2,2.2,2.1,2.1,2.1,1.9,1.8
2026-08-25T19:00:00Z,ok,ok,2.7,2.6,2.4,2.3,2.2,2.0,1.9,2.0,2.4,2.6,2.8,2.8,2.7,2.5,2.3,2.2,2.5,2.8,2.8,2.7,2.6,2.5,2.2,2.2
2026-08-25T19:30:00Z,ok,ok,3.0,2.8,2.5,2.4,2.2,2.0,2.0,2.1,2.5,2.6,2.7,2.5,2.4,2.2,2.1,2.1,2.1,2.1,2.0,1.9,2.0,1.9,1.8,1.8
2026-08-25T20:00:00Z,ok,ok,3.0,2.8,2.4,2.2,2.1,2.1,2.3,2.4,2.5,2.4,2.4,2.2,2.2,2.0,2.0,1.8,1.7,1.6,1.6,1.5,1.7,1.6,1.6,1.6
2026-08-25T20:30:00Z,ok,ok,1.7,1.6,1.5,1.6,1.8,2.0,2.2,2.1,2.1,1.9,1.8,1.8,1.8,1.7,1.5,1.2,1.0,0.9,1.0,1.0,1.2,1.2,1.1,1.2
2026-08-25T21:00:00Z,ok,ok,1.9,1.9,1.8,1.9,2.2,2.4,2.4,2.2,2.0,1.8,1.7,1.8,1.8,1.7,1.4,1.0,0.9,0.9,1.0,1.0,1.2,1.2,1.1,1.1
2026-08-25T21:30:00Z,ok,ok,2.1,2.1,2.1,2.3,2.5,2.5,2.5,2.1,1.9,1.7,1.7,1.8,1.7,1.4,1.1,0.8,0.7,0.7,0.8,0.8,1.0,1.0,0.9,1.0
2026-08-25T22:00:00Z,ok,ok,2.2,2.3,2.4,2.6,2.6,2.5,2.4,2.2,2.0,1.9,2.0,2.0,1.8,1.4,1.1,0.9,1.0,1.2,1.3,1.3,1.4,1.4,1.3,1.3
2026-08-25T22:30:00Z,ok,ok,2.4,2.5,2.5,2.7,2.5,2.3,2.1,1.9,1.9,1.8,1.8,1.6,1.3,0.9,0.7,0.6,0.7,0.8,0.8,0.8,1.0,1.0,0.9,0.9
2026-08-25T23:00:00Z,ok,ok,3.2,3.2,3.0,2.9,2.6,2.4,2.1,2.1,2.3,2.1,1.9,1.5,1.2,1.0,0.8,0.7,0.8,0.9,0.9,0.9,1.1,1.1,1.0,1.1
2026-08-25T23:30:00Z,ok,ok,2.9,2.8,2.5,2.4,2.2,2.2,2.0,1.9,1.9,1.6,1.3,1.1,0.9,0.7,0.7,0.6,0.7,1.0,1.1,1.1,1.3,1.3,1.2,1.2
2026-08-26T00:00:00Z,ok,ok,3.3,3.1,2.6,2.5,2.3,2.3,2.3,2.0,1.7,1.4,1.1,1.0,0.9,0.8,0.8,0.8,1.0,1.3,1.5,1.5,1.7,1.6,1.5,1.5
2026-08-26T00:30:00Z,ok,ok,3.4,3.1,2.5,2.4,2.3,2.3,2.2,1.7,1.4,1.0,0.9,0.8,0.9,0.8,0.9,0.9,1.2,1.4,1.6,1.5,1.7,1.7,1.5,1.5
2026-08-26T01:00:00Z,ok,ok,2.1,2.0,1.9,2.0,2.1,1.9,1.6,1.2,1.0,0.7,0.7,0.7,0.8,0.9,1.0,1.1,1.4,1.7,1.8,1.7,1.9,1.9,1.6,1.5
2026-08-26T01:30:00Z,ok,ok,2.3,2.2,2.0,2.0,1.9,1.6,1.3,1.0,0.8,0.6,0.7,0.7,0.9,0.9,1.0,1.0,1.1,1.0,1.0,1.0,1.1,1.1,1.0,1.0
2026-08-26T02:00:00Z,ok,ok,2.1,2.2,2.1,2.1,1.9,1.4,1.0,0.8,0.7,0.7,0.8,0.9,1.1,1.3,1.5,1.7,2.1,2.4,2.5,2.4,2.6,2.4,2.1,2.0
2026-08-26T02:30:00Z,ok,ok,2.1,2.0,1.8,1.6,1.4,1.0,0.7,0.6,0.6,0.7,0.9,1.1,1.4,1.6,1.8,1.9,2.4,2.7,2.6,2.4,2.5,2.3,2.0,1.9
2026-08-26T03:00:00Z,ok,ok,2.5,2.2,1.7,1.4,1.1,0.9,0.7,0.7,0.8,1.0,1.3,1.6,1.9,2.1,2.4,2.6,3.0,2.9,2.7,2.4,2.4,2.2,2.0,1.9
2026-08-26T03:30:00Z,ok,ok,2.3,1.8,1.3,1.0,0.8,0.7,0.7,0.7,1.0,1.1,1.5,1.7,2.0,2.3,2.7,2.8,2.9,2.5,2.2,1.9,1.9,1.8,1.6,1.6
2026-08-26T04:00:00Z,ok,ok,2.0,1.4,0.9,0.7,0.6,0.6,0.7,0.8,1.1,1.3,1.6,1.9,2.3,2.5,2.7,2.6,2.3,1.7,1.4,1.1,1.1,1.1,1.0,1.1
2026-08-26T04:30:00Z,ok,ok,1.6,1.3,0.9,0.8,0.8,1.0,1.1,1.2,1.5,1.7,2.0,2.4,2.8,3.0,2.8,2.5,2.4,2.3,2.3,2.1,2.1,2.0,1.7,1.8
2026-08-26T05:00:00Z,ok,ok,1.6,1.2,1.0,0.9,1.0,1.3,1.5,1.6,1.8,1.9,2.3,2.8,3.1,2.8,2.5,2.1,2.1,2.2,2.2,2.0,2.1,1.9,1.6,1.7
2026-08-26T05:30:00Z,ok,ok,1.5,1.1,1.0,1.0,1.2,1.5,1.8,1.9,2.1,2.3,2.7,3.0,3.0,2.4,2.1,1.8,1.8,1.9,1.8,1.5,1.5,1.4,1.2,1.3
2026-08-26T06:00:00Z,ok,ok,1.1,1.0,1.0,1.3,1.5,1.8,2.2,2.4,2.7,2.7,3.0,3.0,2.8,2.2,2.2,2.2,2.5,2.8,2.6,2.2,2.1,2.0,1.7,1.7
2026-08-26T06:30:00Z,ok,ok,1.3,1.3,1.4,1.7,2.0,2.2,2.5,2.8,3.2,3.1,3.1,2.9,2.7,2.3,2.4,2.5,2.9,3.2,3.0,2.5,2.4,2.3,2.0,1.9
2026-08-26T07:00:00Z,ok,ok,2.0,2.1,2.0,2.2,2.5,2.7,2.9,3.1,3.4,3.3,3.1,2.8,2.7,2.5,2.7,2.8,3.3,3.4,3.1,2.7,2.5,2.3,2.1,2.0
2026-08-26T07:30:00Z,ok,ok,2.6,2.5,2.4,2.6,3.0,3.2,3.3,3.3,3.3,3.0,2.8,2.7,2.8,2.8,3.1,3.2,3.5,3.3,2.8,2.4,2.2,2.0,1.8,1.7
2026-08-26T08:00:00Z,ok,ok,2.9,2.8,2.7,2.9,3.4,3.5,3.5,3.3,3.0,2.6,2.5,2.7,3.0,3.2,3.3,3.2,3.5,3.2,3.0,2.7,2.5,2.3,2.2,2.0
2026-08-26T08:30:00Z,ok,ok,3.0,2.9,2.9,3.2,3.7,3.7,3.4,3.0,2.6,2.4,2.5,2.8,3.2,3.3,3.4,3.2,3.4,3.0,2.7,2.3,2.3,2.0,1.9,1.7
2026-08-26T09:00:00Z,ok,ok,2.6,2.7,2.8,3.0,3.5,3.4,3.0,2.7,2.4,2.4,2.5,3.0,3.4,3.4,3.4,2.9,3.0,2.7,2.6,2.4,2.3,2.1,1.9,1.7
2026-08-26T09:30:00Z,ok,ok,2.9,3.0,3.1,3.4,3.6,3.3,2.8,2.5,2.6,2.6,2.9,3.3,3.5,3.3,3.2,2.7,2.4,1.9,1.7,1.4,1.4,1.3,1.2,1.2
2026-08-26T10:00:00Z,ok,ok,3.4,3.5,3.4,3.3,3.2,2.8,2.5,2.4,2.6,2.8,3.1,3.3,3.3,3.0,2.8,2.2,1.7,1.2,1.0,0.8,0.9,0.9,0.8,0.9
2026-08-26T10:30:00Z,ok,ok,3.5,3.4,3.1,2.9,2.7,2.5,2.4,2.4,2.6,2.8,3.1,3.1,3.0,2.6,2.1,1.5,1.1,0.8,0.7,0.6,0.7,0.7,0.7,0.7
2026-08-26T11:00:00Z,ok,ok,3.1,3.0,2.7,2.5,2.5,2.5,2.6,2.6,2.8,2.9,3.0,2.9,2.6,2.0,1.5,0.9,0.7,0.5,0.5,0.5,0.6,0.6,0.6,0.7
2026-08-26T11:30:00Z,ok,ok,2.4,2.3,2.2,2.2,2.2,2.4,2.7,2.7,2.8,2.7,2.6,2.3,2.0,1.3,0.9,0.6,0.6,0.8,0.9,0.9,1.1,1.0,0.9,1.0
2026-08-26T12:00:00Z,ok,ok,2.2,2.2,2.2,2.4,2.5,2.7,2.9,3.0,3.0,2.7,2.5,2.1,1.6,1.1,0.7,0.5,0.5,0.7,0.8,0.8,1.0,0.9,0.9,0.9
2026-08-26T12:30:00Z,ok,ok,2.4,2.4,2.5,2.7,2.8,3.0,3.2,3.2,3.1,2.5,2.2,1.6,1.1,0.7,0.6,0.6,0.9,1.4,1.5,1.5,1.7,1.6,1.5,1.5
2026-08-26T13:00:00Z,ok,ok,1.8,2.0,2.2,2.7,2.8,3.0,3.0,2.8,2.6,2.0,1.7,1.2,0.9,0.6,0.5,0.5,0.6,0.8,0.9,0.8,1.0,1.0,0.9,0.9
2026-08-26T13:30:00Z,ok,ok,2.1,2.4,2.6,2.9,3.1,3.1,2.8,2.5,2.0,1.4,1.0,0.7,0.6,0.4,0.4,0.5,0.7,1.0,1.1,1.0,1.1,1.1,1.0,1.0
2026-08-26T14:00:00Z,ok,ok,3.6,3.7,3.6,3.6,3.6,3.5,2.9,2.4,1.8,1.1,0.8,0.6,0.6,0.5,0.6,0.6,0.8,1.0,1.1,1.1,1.2,1.2,1.1,1.2
2026-08-26T14:30:00Z,ok,ok,3.7,3.7,3.5,3.5,3.2,2.9,2.4,1.7,1.2,0.8,0.6,0.6,0.7,0.7,0.6,0.5,0.5,0.5,0.5,0.5,0.6,0.6,0.6,0.6
2026-08-26T15:00:00Z,,,0.0,0.0,0.0,0.0,0.0,0.0,0.0,0.0,0.0,0.0,0.0,0.0,0.0,0.0,0.0,0.0,0.0,0.0,0.0,0.0,0.0,0.0,0.0,0.0
2026-08-26T15:30:00Z,ok,ok,3.8,3.6,3.3,3.1,2.5,1.9,1.3,0.9,0.7,0.6,0.7,0.8,0.9,0.7,0.7,0.5,0.5,0.6,0.6,0.6,0.7,0.7,0.6,0.7
2026-08-26T16:00:00Z,ok,ok,2.5,2.4,2.2,2.0,1.6,1.1,0.7,0.5,0.5,0.5,0.6,0.7,0.7,0.5,0.5,0.4,0.5,0.6,0.7,0.7,0.8,0.8,0.7,0.7
2026-08-26T16:30:00Z,ok,ok,2.0,1.9,1.6,1.4,1.0,0.6,0.4,0.3,0.4,0.5,0.7,0.7,0.6,0.5,0.4,0.4,0.5,0.7,0.7,0.6,0.8,0.8,0.7,0.7
2026-08-26T17:00:00Z,,,0.0,0.0,0.0,0.0,0.0,0.0,0.0,0.0,0.0,0.0,0.0,0.0,0.0,0.0,0.0,0.0,0.0,0.0,0.0,0.0,0.0,0.0,0.0,0.0
2026-08-26T17:30:00Z,ok,ok,1.5,1.1,0.7,0.5,0.4,0.3,0.4,0.4,0.5,0.5,0.6,0.6,0.6,0.5,0.6,0.6,0.6,0.6,0.6,0.5,0.7,0.7,0.6,0.6
2026-08-26T18:00:00Z,ok,ok,0.9,0.6,0.4,0.3,0.3,0.4,0.5,0.5,0.6,0.5,0.5,0.5,0.6,0.5,0.6,0.5,0.6,0.6,0.6,0.5,0.7,0.6,0.5,0.6
2026-08-26T18:30:00Z,ok,ok,1.0,0.7,0.5,0.5,0.6,0.7,0.8,0.8,0.8,0.7,0.8,0.9,1.0,1.0,1.1,1.1,1.4,1.7,1.7,1.5,1.6,1.5,1.2,1.2
2026-08-26T19:00:00Z,ok,ok,0.6,0.5,0.5,0.6,0.7,0.8,0.9,0.8,0.8,0.8,0.9,1.1,1.2,1.2,1.4,1.4,1.7,1.9,2.0,1.7,1.7,1.7,1.4,1.3
2026-08-26T19:30:00Z,,,0.0,0.0,0.0,0.0,0.0,0.0,0.0,0.0,0.0,0.0,0.0,0.0,0.0,0.0,0.0,0.0,0.0,0.0,0.0,0.0,0.0,0.0,0.0,0.0
2026-08-26T20:00:00Z,ok,ok,0.5,0.6,0.7,0.9,1.0,1.0,0.9,0.9,1.0,1.0,1.1,1.2,1.4,1.5,1.6,1.6,1.8,1.9,1.9,1.7,1.7,1.7,1.4,1.3
2026-08-26T20:30:00Z,ok,ok,1.5,1.5,1.3,1.3,1.4,1.4,1.3,1.3,1.4,1.4,1.5,1.7,2.0,2.1,2.2,2.0,2.2,2.3,2.4,2.2,2.1,2.1,1.7,1.6
2026-08-26T21:00:00Z,,,0.0,0.0,0.0,0.0,0.0,0.0,0.0,0.0,0.0,0.0,0.0,0.0,0.0,0.0,0.0,0.0,0.0,0.0,0.0,0.0,0.0,0.0,0.0,0.0
2026-08-26T21:30:00Z,ok,ok,1.8,1.7,1.5,1.5,1.6,1.7,1.8,1.7,1.8,1.8,2.0,2.2,2.3,2.1,2.1,2.0,2.4,2.5,2.4,2.0,1.9,1.7,1.4,1.4
2026-08-26T22:00:00Z,,,0.0,0.0,0.0,0.0,0.0,0.0,0.0,0.0,0.0,0.0,0.0,0.0,0.0,0.0,0.0,0.0,0.0,0.0,0.0,0.0,0.0,0.0,0.0,0.0
2026-08-26T22:30:00Z,,,0.0,0.0,0.0,0.0,0.0,0.0,0.0,0.0,0.0,0.0,0.0,0.0,0.0,0.0,0.0,0.0,0.0,0.0,0.0,0.0,0.0,0.0,0.0,0.0
2026-08-26T23:00:00Z,ok,ok,2.1,2.0,1.9,1.9,2.1,2.2,2.2,2.3,2.5,2.4,2.5,2.6,2.7,2.6,2.6,2.4,2.6,2.7,2.6,2.2,2.1,2.0,1.7,1.6
2026-08-26T23:30:00Z,,,0.0,0.0,0.0,0.0,0.0,0.0,0.0,0.0,0.0,0.0,0.0,0.0,0.0,0.0,0.0,0.0,0.0,0.0,0.0,0.0,0.0,0.0,0.0,0.0
2026-08-27T00:00:00Z,ok,ok,2.3,2.3,2.1,2.2,2.4,2.5,2.6,2.5,2.6,2.5,2.7,2.8,3.0,2.7,2.8,2.6,2.8,2.8,2.6,2.3,2.2,2.0,1.7,1.6
2026-08-27T00:30:00Z,,,0.0,0.0,0.0,0.0,0.0,0.0,0.0,0.0,0.0,0.0,0.0,0.0,0.0,0.0,0.0,0.0,0.0,0.0,0.0,0.0,0.0,0.0,0.0,0.0
2026-08-27T01:00:00Z,,,0.0,0.0,0.0,0.0,0.0,0.0,0.0,0.0,0.0,0.0,0.0,0.0,0.0,0.0,0.0,0.0,0.0,0.0,0.0,0.0,0.0,0.0,0.0,0.0
2026-08-27T01:30:00Z,,,0.0,0.0,0.0,0.0,0.0,0.0,0.0,0.0,0.0,0.0,0.0,0.0,0.0,0.0,0.0,0.0,0.0,0.0,0.0,0.0,0.0,0.0,0.0,0.0
2026-08-27T02:00:00Z,ok,ok,2.9,3.0,3.0,3.1,3.1,3.0,2.9,2.8,2.7,2.6,2.7,2.6,2.4,1.9,1.6,1.3,1.3,1.4,1.4,1.4,1.5,1.4,1.3,1.2
2026-08-27T02:30:00Z,,,0.0,0.0,0.0,0.0,0.0,0.0,0.0,0.0,0.0,0.0,0.0,0.0,0.0,0.0,0.0,0.0,0.0,0.0,0.0,0.0,0.0,0.0,0.0,0.0
2026-08-27T03:00:00Z,,,0.0,0.0,0.0,0.0,0.0,0.0,0.0,0.0,0.0,0.0,0.0,0.0,0.0,0.0,0.0,0.0,0.0,0.0,0.0,0.0,0.0,0.0,0.0,0.0
2026-08-27T03:30:00Z,ok,ok,2.8,2.8,2.7,2.7,3.0,2.9,2.9,2.9,3.0,2.7,2.2,1.9,1.7,1.6,1.8,2.0,2.5,2.7,2.5,2.3,2.3,2.2,2.0,1.9
2026-08-27T04:00:00Z,,,0.0,0.0,0.0,0.0,0.0,0.0,0.0,0.0,0.0,0.0,0.0,0.0,0.0,0.0,0.0,0.0,0.0,0.0,0.0,0.0,0.0,0.0,0.0,0.0
2026-08-27T04:30:00Z,,,0.0,0.0,0.0,0.0,0.0,0.0,0.0,0.0,0.0,0.0,0.0,0.0,0.0,0.0,0.0,0.0,0.0,0.0,0.0,0.0,0.0,0.0,0.0,0.0
2026-08-27T05:00:00Z,,,0.0,0.0,0.0,0.0,0.0,0.0,0.0,0.0,0.0,0.0,0.0,0.0,0.0,0.0,0.0,0.0,0.0,0.0,0.0,0.0,0.0,0.0,0.0,0.0
2026-08-27T05:30:00Z,,,0.0,0.0,0.0,0.0,0.0,0.0,0.0,0.0,0.0,0.0,0.0,0.0,0.0,0.0,0.0,0.0,0.0,0.0,0.0,0.0,0.0,0.0,0.0,0.0
2026-08-27T06:00:00Z,ok,ok,3.3,3.2,3.1,3.0,2.8,2.2,1.8,1.5,1.5,1.7,2.1,2.4,2.5,2.2,2.1,1.7,1.7,1.4,1.3,1.2,1.2,1.1,1.0,1.0
2026-08-27T06:30:00Z,,,0.0,0.0,0.0,0.0,0.0,0.0,0.0,0.0,0.0,0.0,0.0,0.0,0.0,0.0,0.0,0.0,0.0,0.0,0.0,0.0,0.0,0.0,0.0,0.0
2026-08-27T07:00:00Z,,,0.0,0.0,0.0,0.0,0.0,0.0,0.0,0.0,0.0,0.0,0.0,0.0,0.0,0.0,0.0,0.0,0.0,0.0,0.0,0.0,0.0,0.0,0.0,0.0
2026-08-27T07:30:00Z,,,0.0,0.0,0.0,0.0,0.0,0.0,0.0,0.0,0.0,0.0,0.0,0.0,0.0,0.0,0.0,0.0,0.0,0.0,0.0,0.0,0.0,0.0,0.0,0.0
2026-08-27T08:00:00Z,,,0.0,0.0,0.0,0.0,0.0,0.0,0.0,0.0,0.0,0.0,0.0,0.0,0.0,0.0,0.0,0.0,0.0,0.0,0.0,0.0,0.0,0.0,0.0,0.0
2026-08-27T08:30:00Z,,,0.0,0.0,0.0,0.0,0.0,0.0,0.0,0.0,0.0,0.0,0.0,0.0,0.0,0.0,0.0,0.0,0.0,0.0,0.0,0.0,0.0,0.0,0.0,0.0
2026-08-27T09:00:00Z,ok,ok,1.6,1.5,1.5,1.8,2.4,2.7,3.0,2.7,2.3,2.0,2.0,1.9,2.0,1.7,1.6,1.4,1.5,1.3,1.1,0.9,0.9,0.8,0.7,0.7
2026-08-27T09:30:00Z,,,0.0,0.0,0.0,0.0,0.0,0.0,0.0,0.0,0.0,0.0,0.0,0.0,0.0,0.0,0.0,0.0,0.0,0.0,0.0,0.0,0.0,0.0,0.0,0.0
2026-08-27T10:00:00Z,,,0.0,0.0,0.0,0.0,0.0,0.0,0.0,0.0,0.0,0.0,0.0,0.0,0.0,0.0,0.0,0.0,0.0,0.0,0.0,0.0,0.0,0.0,0.0,0.0
2026-08-27T10:30:00Z,,,0.0,0.0,0.0,0.0,0.0,0.0,0.0,0.0,0.0,0.0,0.0,0.0,0.0,0.0,0.0,0.0,0.0,0.0,0.0,0.0,0.0,0.0,0.0,0.0
2026-08-27T11:00:00Z,,,0.0,0.0,0.0,0.0,0.0,0.0,0.0,0.0,0.0,0.0,0.0,0.0,0.0,0.0,0.0,0.0,0.0,0.0,0.0,0.0,0.0,0.0,0.0,0.0
2026-08-27T11:30:00Z,,,0.0,0.0,0.0,0.0,0.0,0.0,0.0,0.0,0.0,0.0,0.0,0.0,0.0,0.0,0.0,0.0,0.0,0.0,0.0,0.0,0.0,0.0,0.0,0.0
2026-08-27T12:00:00Z,,,0.0,0.0,0.0,0.0,0.0,0.0,0.0,0.0,0.0,0.0,0.0,0.0,0.0,0.0,0.0,0.0,0.0,0.0,0.0,0.0,0.0,0.0,0.0,0.0
2026-08-27T12:30:00Z,ok,ok,2.8,2.7,2.4,2.4,2.3,2.2,2.1,1.9,1.8,1.6,1.4,1.4,1.3,1.0,0.9,0.8,1.0,1.2,1.2,1.1,1.2,1.0,0.9,0.9
2026-08-27T13:00:00Z,,,0.0,0.0,0.0,0.0,0.0,0.0,0.0,0.0,0.0,0.0,0.0,0.0,0.0,0.0,0.0,0.0,0.0,0.0,0.0,0.0,0.0,0.0,0.0,0.0
2026-08-27T13:30:00Z,,,0.0,0.0,0.0,0.0,0.0,0.0,0.0,0.0,0.0,0.0,0.0,0.0,0.0,0.0,0.0,0.0,0.0,0.0,0.0,0.0,0.0,0.0,0.0,0.0
2026-08-27T14:00:00Z,,,0.0,0.0,0.0,0.0,0.0,0.0,0.0,0.0,0.0,0.0,0.0,0.0,0.0,0.0,0.0,0.0,0.0,0.0,0.0,0.0,0.0,0.0,0.0,0.0
2026-08-27T14:30:00Z,,,0.0,0.0,0.0,0.0,0.0,0.0,0.0,0.0,0.0,0.0,0.0,0.0,0.0,0.0,0.0,0.0,0.0,0.0,0.0,0.0,0.0,0.0,0.0,0.0
2026-08-27T15:00:00Z,,,0.0,0.0,0.0,0.0,0.0,0.0,0.0,0.0,0.0,0.0,0.0,0.0,0.0,0.0,0.0,0.0,0.0,0.0,0.0,0.0,0.0,0.0,0.0,0.0
2026-08-27T15:30:00Z,,,0.0,0.0,0.0,0.0,0.0,0.0,0.0,0.0,0.0,0.0,0.0,0.0,0.0,0.0,0.0,0.0,0.0,0.0,0.0,0.0,0.0,0.0,0.0,0.0
2026-08-27T16:00:00Z,,,0.0,0.0,0.0,0.0,0.0,0.0,0.0,0.0,0.0,0.0,0.0,0.0,0.0,0.0,0.0,0.0,0.0,0.0,0.0,0.0,0.0,0.0,0.0,0.0
2026-08-27T16:30:00Z,ok,ok,1.2,1.1,1.0,1.1,1.0,0.9,0.8,0.7,0.8,0.7,0.7,0.6,0.6,0.4,0.3,0.3,0.4,0.6,0.5,0.4,0.6,0.5,0.4,0.4
2026-08-27T17:00:00Z,,,0.0,0.0,0.0,0.0,0.0,0.0,0.0,0.0,0.0,0.0,0.0,0.0,0.0,0.0,0.0,0.0,0.0,0.0,0.0,0.0,0.0,0.0,0.0,0.0
2026-08-27T17:30:00Z,,,0.0,0.0,0.0,0.0,0.0,0.0,0.0,0.0,0.0,0.0,0.0,0.0,0.0,0.0,0.0,0.0,0.0,0.0,0.0,0.0,0.0,0.0,0.0,0.0
2026-08-27T18:00:00Z,,,0.0,0.0,0.0,0.0,0.0,0.0,0.0,0.0,0.0,0.0,0.0,0.0,0.0,0.0,0.0,0.0,0.0,0.0,0.0,0.0,0.0,0.0,0.0,0.0
2026-08-27T18:30:00Z,,,0.0,0.0,0.0,0.0,0.0,0.0,0.0,0.0,0.0,0.0,0.0,0.0,0.0,0.0,0.0,0.0,0.0,0.0,0.0,0.0,0.0,0.0,0.0,0.0
2026-08-27T19:00:00Z,,,0.0,0.0,0.0,0.0,0.0,0.0,0.0,0.0,0.0,0.0,0.0,0.0,0.0,0.0,0.0,0.0,0.0,0.0,0.0,0.0,0.0,0.0,0.0,0.0
2026-08-27T19:30:00Z,,,0.0,0.0,0.0,0.0,0.0,0.0,0.0,0.0,0.0,0.0,0.0,0.0,0.0,0.0,0.0,0.0,0.0,0.0,0.0,0.0,0.0,0.0,0.0,0.0
2026-08-27T20:00:00Z,imputed,ok,1.0,1.0,1.0,1.1,1.0,0.8,0.7,0.7,0.8,0.7,0.9,0.8,0.7,0.4,0.2,0.1,0.1,0.2,0.3,0.2,0.4,0.4,0.3,0.3
2026-08-27T20:30:00Z,,,0.0,0.0,0.0,0.0,0.0,0.0,0.0,0.0,0.0,0.0,0.0,0.0,0.0,0.0,0.0,0.0,0.0,0.0,0.0,0.0,0.0,0.0,0.0,0.0
2026-08-27T21:00:00Z,,,0.0,0.0,0.0,0.0,0.0,0.0,0.0,0.0,0.0,0.0,0.0,0.0,0.0,0.0,0.0,0.0,0.0,0.0,0.0,0.0,0.0,0.0,0.0,0.0
2026-08-27T21:30:00Z,,,0.0,0.0,0.0,0.0,0.0,0.0,0.0,0.0,0.0,0.0,0.0,0.0,0.0,0.0,0.0,0.0,0.0,0.0,0.0,0.0,0.0,0.0,0.0,0.0
2026-08-27T22:00:00Z,,,0.0,0.0,0.0,0.0,0.0,0.0,0.0,0.0,0.0,0.0,0.0,0.0,0.0,0.0,0.0,0.0,0.0,0.0,0.0,0.0,0.0,0.0,0.0,0.0
2026-08-27T22:30:00Z,,,0.0,0.0,0.0,0.0,0.0,0.0,0.0,0.0,0.0,0.0,0.0,0.0,0.0,0.0,0.0,0.0,0.0,0.0,0.0,0.0,0.0,0.0,0.0,0.0
2026-08-27T23:00:00Z,imputed,ok,2.5,2.3,2.0,2.0,2.1,1.7,1.5,1.1,0.9,0.7,0.6,0.6,0.8,1.1,1.7,2.2,3.0,3.1,2.9,2.5,2.5,2.4,2.1,2.0
2026-08-27T23:30:00Z,,,0.0,0.0,0.0,0.0,0.0,0.0,0.0,0.0,0.0,0.0,0.0,0.0,0.0,0.0,0.0,0.0,0.0,0.0,0.0,0.0,0.0,0.0,0.0,0.0
2026-08-28T00:00:00Z,,,0.0,0.0,0.0,0.0,0.0,0.0,0.0,0.0,0.0,0.0,0.0,0.0,0.0,0.0,0.0,0.0,0.0,0.0,0.0,0.0,0.0,0.0,0.0,0.0
2026-08-28T00:30:00Z,,,0.0,0.0,0.0,0.0,0.0,0.0,0.0,0.0,0.0,0.0,0.0,0.0,0.0,0.0,0.0,0.0,0.0,0.0,0.0,0.0,0.0,0.0,0.0,0.0
2026-08-28T01:00:00Z,,,0.0,0.0,0.0,0.0,0.0,0.0,0.0,0.0,0.0,0.0,0.0,0.0,0.0,0.0,0.0,0.0,0.0,0.0,0.0,0.0,0.0,0.0,0.0,0.0
2026-08-28T01:30:00Z,,,0.0,0.0,0.0,0.0,0.0,0.0,0.0,0.0,0.0,0.0,0.0,0.0,0.0,0.0,0.0,0.0,0.0,0.0,0.0,0.0,0.0,0.0,0.0,0.0
2026-08-28T02:00:00Z,imputed,ok,1.9,1.5,1.1,1.0,0.8,0.7,0.9,1.2,1.8,2.3,2.7,2.5,2.0,1.4,1.0,0.8,0.7,0.7,0.6,0.6,0.8,0.8,0.7,0.9
2026-08-28T02:30:00Z,,,0.0,0.0,0.0,0.0,0.0,0.0,0.0,0.0,0.0,0.0,0.0,0.0,0.0,0.0,0.0,0.0,0.0,0.0,0.0,0.0,0.0,0.0,0.0,0.0
2026-08-28T03:00:00Z,,,0.0,0.0,0.0,0.0,0.0,0.0,0.0,0.0,0.0,0.0,0.0,0.0,0.0,0.0,0.0,0.0,0.0,0.0,0.0,0.0,0.0,0.0,0.0,0.0
2026-08-28T03:30:00Z,,,0.0,0.0,0.0,0.0,0.0,0.0,0.0,0.0,0.0,0.0,0.0,0.0,0.0,0.0,0.0,0.0,0.0,0.0,0.0,0.0,0.0,0.0,0.0,0.0
2026-08-28T04:00:00Z,,,0.0,0.0,0.0,0.0,0.0,0.0,0.0,0.0,0.0,0.0,0.0,0.0,0.0,0.0,0.0,0.0,0.0,0.0,0.0,0.0,0.0,0.0,0.0,0.0
2026-08-28T04:30:00Z,imputed,ok,1.8,1.8,2.1,2.6,3.7,3.8,3.8,3.1,2.3,1.6,1.5,1.3,1.4,1.3,1.5,1.8,2.8,3.7,4.0,3.9,3.8,3.8,3.6,3.3
2026-08-28T05:00:00Z,,,0.0,0.0,0.0,0.0,0.0,0.0,0.0,0.0,0.0,0.0,0.0,0.0,0.0,0.0,0.0,0.0,0.0,0.0,0.0,0.0,0.0,0.0,0.0,0.0
2026-08-28T05:30:00Z,,,0.0,0.0,0.0,0.0,0.0,0.0,0.0,0.0,0.0,0.0,0.0,0.0,0.0,0.0,0.0,0.0,0.0,0.0,0.0,0.0,0.0,0.0,0.0,0.0
2026-08-28T06:00:00Z,,,0.0,0.0,0.0,0.0,0.0,0.0,0.0,0.0,0.0,0.0,0.0,0.0,0.0,0.0,0.0,0.0,0.0,0.0,0.0,0.0,0.0,0.0,0.0,0.0
2026-08-28T06:30:00Z,,,0.0,0.0,0.0,0.0,0.0,0.0,0.0,0.0,0.0,0.0,0.0,0.0,0.0,0.0,0.0,0.0,0.0,0.0,0.0,0.0,0.0,0.0,0.0,0.0
2026-08-28T07:00:00Z,,,0.0,0.0,0.0,0.0,0.0,0.0,0.0,0.0,0.0,0.0,0.0,0.0,0.0,0.0,0.0,0.0,0.0,0.0,0.0,0.0,0.0,0.0,0.0,0.0
2026-08-28T07:30:00Z,ok,ok,2.4,2.0,1.6,1.4,1.1,1.1,1.0,1.1,1.4,1.7,2.2,2.9,3.4,3.9,4.5,5.4,6.4,6.7,6.5,5.8,5.4,4.9,4.4,4.5
2026-08-28T08:00:00Z,,,0.0,0.0,0.0,0.0,0.0,0.0,0.0,0.0,0.0,0.0,0.0,0.0,0.0,0.0,0.0,0.0,0.0,0.0,0.0,0.0,0.0,0.0,0.0,0.0
2026-08-28T08:30:00Z,,,0.0,0.0,0.0,0.0,0.0,0.0,0.0,0.0,0.0,0.0,0.0,0.0,0.0,0.0,0.0,0.0,0.0,0.0,0.0,0.0,0.0,0.0,0.0,0.0
2026-08-28T09:00:00Z,,,0.0,0.0,0.0,0.0,0.0,0.0,0.0,0.0,0.0,0.0,0.0,0.0,0.0,0.0,0.0,0.0,0.0,0.0,0.0,0.0,0.0,0.0,0.0,0.0
2026-08-28T09:30:00Z,,,0.0,0.0,0.0,0.0,0.0,0.0,0.0,0.0,0.0,0.0,0.0,0.0,0.0,0.0,0.0,0.0,0.0,0.0,0.0,0.0,0.0,0.0,0.0,0.0
2026-08-28T10:00:00Z,,,0.0,0.0,0.0,0.0,0.0,0.0,0.0,0.0,0.0,0.0,0.0,0.0,0.0,0.0,0.0,0.0,0.0,0.0,0.0,0.0,0.0,0.0,0.0,0.0
2026-08-28T10:30:00Z,,,0.0,0.0,0.0,0.0,0.0,0.0,0.0,0.0,0.0,0.0,0.0,0.0,0.0,0.0,0.0,0.0,0.0,0.0,0.0,0.0,0.0,0.0,0.0,0.0
2026-08-28T11:00:00Z,ok,ok,2.3,2.5,2.7,3.2,4.0,4.7,5.2,6.6,7.5,8.0,8.0,7.8,7.9,8.1,8.6,9.7,11.0,11.8,12.3,12.0,11.1,10.5,10.6,9.5
2026-08-28T11:30:00Z,,,0.0,0.0,0.0,0.0,0.0,0.0,0.0,0.0,0.0,0.0,0.0,0.0,0.0,0.0,0.0,0.0,0.0,0.0,0.0,0.0,0.0,0.0,0.0,0.0
2026-08-28T12:00:00Z,,,0.0,0.0,0.0,0.0,0.0,0.0,0.0,0.0,0.0,0.0,0.0,0.0,0.0,0.0,0.0,0.0,0.0,0.0,0.0,0.0,0.0,0.0,0.0,0.0
2026-08-28T12:30:00Z,,,0.0,0.0,0.0,0.0,0.0,0.0,0.0,0.0,0.0,0.0,0.0,0.0,0.0,0.0,0.0,0.0,0.0,0.0,0.0,0.0,0.0,0.0,0.0,0.0
2026-08-28T13:00:00Z,,,0.0,0.0,0.0,0.0,0.0,0.0,0.0,0.0,0.0,0.0,0.0,0.0,0.0,0.0,0.0,0.0,0.0,0.0,0.0,0.0,0.0,0.0,0.0,0.0
2026-08-28T13:30:00Z,,,0.0,0.0,0.0,0.0,0.0,0.0,0.0,0.0,0.0,0.0,0.0,0.0,0.0,0.0,0.0,0.0,0.0,0.0,0.0,0.0,0.0,0.0,0.0,0.0
2026-08-28T14:00:00Z,,,0.0,0.0,0.0,0.0,0.0,0.0,0.0,0.0,0.0,0.0,0.0,0.0,0.0,0.0,0.0,0.0,0.0,0.0,0.0,0.0,0.0,0.0,0.0,0.0
2026-08-28T14:30:00Z,,,0.0,0.0,0.0,0.0,0.0,0.0,0.0,0.0,0.0,0.0,0.0,0.0,0.0,0.0,0.0,0.0,0.0,0.0,0.0,0.0,0.0,0.0,0.0,0.0
2026-08-28T15:00:00Z,,,0.0,0.0,0.0,0.0,0.0,0.0,0.0,0.0,0.0,0.0,0.0,0.0,0.0,0.0,0.0,0.0,0.0,0.0,0.0,0.0,0.0,0.0,0.0,0.0
2026-08-28T15:30:00Z,ok,ok,9.3,9.4,9.2,8.9,9.0,9.6,10.4,10.8,12.8,15.6,18.3,20.3,19.2,17.0,16.7,15.5,14.4,13.7,12.2,11.1,10.3,11.6,10.8,10.6
2026-08-28T16:00:00Z,,,0.0,0.0,0.0,0.0,0.0,0.0,0.0,0.0,0.0,0.0,0.0,0.0,0.0,0.0,0.0,0.0,0.0,0.0,0.0,0.0,0.0,0.0,0.0,0.0
2026-08-28T16:30:00Z,,,0.0,0.0,0.0,0.0,0.0,0.0,0.0,0.0,0.0,0.0,0.0,0.0,0.0,0.0,0.0,0.0,0.0,0.0,0.0,0.0,0.0,0.0,0.0,0.0
2026-08-28T17:00:00Z,,,0.0,0.0,0.0,0.0,0.0,0.0,0.0,0.0,0.0,0.0,0.0,0.0,0.0,0.0,0.0,0.0,0.0,0.0,0.0,0.0,0.0,0.0,0.0,0.0
2026-08-28T17:30:00Z,,,0.0,0.0,0.0,0.0,0.0,0.0,0.0,0.0,0.0,0.0,0.0,0.0,0.0,0.0,0.0,0.0,0.0,0.0,0.0,0.0,0.0,0.0,0.0,0.0
2026-08-28T18:00:00Z,,,0.0,0.0,0.0,0.0,0.0,0.0,0.0,0.0,0.0,0.0,0.0,0.0,0.0,0.0,0.0,0.0,0.0,0.0,0.0,0.0,0.0,0.0,0.0,0.0
2026-08-28T18:30:00Z,,,0.0,0.0,0.0,0.0,0.0,0.0,0.0,0.0,0.0,0.0,0.0,0.0,0.0,0.0,0.0,0.0,0.0,0.0,0.0,0.0,0.0,0.0,0.0,0.0
2026-08-28T19:00:00Z,,,0.0,0.0,0.0,0.0,0.0,0.0,0.0,0.0,0.0,0.0,0.0,0.0,0.0,0.0,0.0,0.0,0.0,0.0,0.0,0.0,0.0,0.0,0.0,0.0
2026-08-28T19:30:00Z,ok,ok,16.7,19.7,22.2,25.3,24.1,20.0,20.8,21.0,21.4,19.4,15.8,14.3,15.4,20.4,32.0,38.1,33.2,24.8,18.8,16.6,18.6,20.2,22.2,21.4
2026-08-28T20:00:00Z,,,0.0,0.0,0.0,0.0,0.0,0.0,0.0,0.0,0.0,0.0,0.0,0.0,0.0,0.0,0.0,0.0,0.0,0.0,0.0,0.0,0.0,0.0,0.0,0.0
2026-08-28T20:30:00Z,,,0.0,0.0,0.0,0.0,0.0,0.0,0.0,0.0,0.0,0.0,0.0,0.0,0.0,0.0,0.0,0.0,0.0,0.0,0.0,0.0,0.0,0.0,0.0,0.0
2026-08-28T21:00:00Z,,,0.0,0.0,0.0,0.0,0.0,0.0,0.0,0.0,0.0,0.0,0.0,0.0,0.0,0.0,0.0,0.0,0.0,0.0,0.0,0.0,0.0,0.0,0.0,0.0
2026-08-28T21:30:00Z,ok,ok,19.4,20.8,23.4,24.4,22.6,18.3,16.8,14.8,17.2,22.4,31.0,35.4,34.7,31.6,32.0,33.8,33.9,33.8,30.2,30.5,30.8,31.7,33.5,33.1
2026-08-28T22:00:00Z,ok,ok,18.1,19.2,21.5,20.7,19.6,15.3,15.2,17.4,22.6,31.6,36.6,35.7,33.3,31.1,32.0,32.0,34.0,34.6,36.2,38.5,41.7,42.3,42.0,42.0
2026-08-28T22:30:00Z,ok,ok,22.3,21.0,20.3,17.8,17.3,14.6,17.1,22.9,31.1,38.1,35.6,32.2,31.1,31.4,33.2,31.9,31.4,27.8,27.1,27.0,28.4,29.9,30.2,28.7
2026-08-28T23:00:00Z,ok,ok,23.2,21.0,18.1,16.2,17.0,16.8,22.9,32.0,37.5,36.3,30.6,30.1,30.3,32.5,31.9,28.7,27.0,27.0,31.0,30.8,33.4,33.1,33.4,31.4
2026-08-28T23:30:00Z,ok,ok,21.9,18.9,16.1,15.7,17.5,22.1,30.7,35.0,33.5,29.9,30.1,32.3,30.8,29.4,28.1,26.9,29.1,36.3,41.9,39.6,39.4,35.5,35.6,33.1
2026-08-29T00:00:00Z,,,0.0,0.0,0.0,0.0,0.0,0.0,0.0,0.0,0.0,0.0,0.0,0.0,0.0,0.0,0.0,0.0,0.0,0.0,0.0,0.0,0.0,0.0,0.0,0.0
2026-08-29T00:30:00Z,ok,ok,15.3,16.2,20.1,25.2,30.7,31.5,32.1,28.7,30.4,31.6,31.6,30.0,28.4,28.1,32.3,34.1,33.9,30.2,25.2,23.8,23.9,25.3,26.1,25.5
2026-08-29T01:00:00Z,ok,ok,17.3,19.9,25.7,33.9,38.8,31.1,30.1,30.9,33.8,36.0,32.7,29.4,28.8,30.0,32.5,32.4,29.9,25.9,23.1,23.5,25.5,26.3,27.2,26.7
2026-08-29T01:30:00Z,ok,ok,21.4,24.2,28.5,34.2,37.7,31.4,32.8,36.1,35.1,34.7,30.6,29.7,31.3,33.0,32.1,28.6,26.7,29.3,35.3,39.1,44.4,44.3,43.2,43.9
2026-08-29T02:00:00Z,ok,ok,32.3,33.5,33.8,33.7,34.8,34.8,36.3,36.5,34.2,32.1,31.0,33.1,33.4,32.7,30.5,28.3,29.3,35.2,42.1,44.4,45.5,44.4,43.0,41.2
2026-08-29T02:30:00Z,ok,ok,40.6,40.2,37.9,35.6,35.5,37.9,38.1,34.2,32.7,31.1,32.2,35.0,32.0,28.2,27.2,28.8,34.0,42.1,43.5,42.2,39.8,37.8,37.5,34.4
2026-08-29T03:00:00Z,ok,ok,31.2,31.9,33.9,34.4,35.0,31.6,31.6,30.0,32.1,32.2,31.4,29.8,27.0,25.4,27.9,30.8,33.2,33.9,31.8,31.7,31.3,32.3,32.5,30.7
2026-08-29T03:30:00Z,ok,ok,26.0,27.3,30.7,32.4,32.8,27.6,28.5,29.8,31.4,32.0,28.2,25.4,24.4,26.2,30.8,32.8,33.7,33.0,31.6,32.3,33.9,34.9,34.2,33.6
2026-08-29T04:00:00Z,ok,ok,28.3,28.6,28.8,28.6,29.6,27.8,29.6,32.7,31.1,28.9,24.3,23.8,24.5,27.9,31.2,31.9,34.6,39.7,45.3,46.2,47.4,45.5,43.7,41.9
2026-08-29T04:30:00Z,ok,ok,27.8,28.4,27.6,27.9,28.6,27.1,28.8,30.0,27.8,25.1,23.0,24.7,27.3,30.6,32.4,31.3,31.4,34.4,38.1,38.7,40.2,38.9,39.2,37.2
2026-08-29T05:00:00Z,ok,ok,26.5,26.8,25.9,26.0,26.7,26.4,27.2,26.1,23.5,22.0,23.1,27.0,29.5,30.7,30.8,30.7,33.1,41.0,47.6,49.0,49.7,46.2,46.7,44.1
2026-08-29T05:30:00Z,ok,ok,24.3,24.7,26.5,27.4,28.8,28.3,27.2,23.7,23.0,24.7,27.8,31.1,30.9,29.9,31.0,34.8,41.7,50.0,49.3,48.0,44.7,41.2,41.0,38.4
2026-08-29T06:00:00Z,ok,ok,20.5,21.2,23.9,25.6,26.6,24.5,23.1,21.2,22.9,26.3,27.8,28.8,27.8,27.8,32.0,39.0,47.9,52.6,47.6,44.5,41.0,38.9,38.4,36.1
2026-08-29T06:30:00Z,ok,ok,21.2,22.0,24.4,26.4,25.5,21.7,22.2,22.9,26.8,29.5,28.0,27.5,27.1,30.0,38.2,46.6,51.2,47.5,38.4,35.1,34.0,33.7,34.0,31.9
2026-08-29T07:00:00Z,ok,ok,24.9,24.8,24.6,24.2,22.9,20.6,23.4,26.6,28.6,28.9,26.8,27.7,30.9,36.7,45.9,49.9,48.9,45.2,38.6,36.0,37.0,35.9,36.4,34.2
2026-08-29T07:30:00Z,ok,ok,27.1,25.3,23.2,21.8,21.4,22.9,27.3,29.0,29.2,28.1,29.0,33.2,38.1,43.4,50.6,50.9,48.0,45.3,39.6,36.7,36.9,35.9,36.5,34.1
2026-08-29T08:00:00Z,ok,ok,24.2,22.7,21.5,21.0,22.3,25.2,29.1,28.9,29.0,28.7,32.7,39.7,44.9,46.8,49.2,46.7,43.4,42.3,37.5,35.1,34.4,33.5,34.3,32.0
2026-08-29T08:30:00Z,ok,ok,17.6,17.7,19.4,21.9,25.0,26.5,28.1,26.7,28.1,30.8,37.1,43.8,46.9,44.9,43.0,38.9,35.5,33.2,29.1,27.8,27.1,27.5,28.3,27.0
2026-08-29T09:00:00Z,ok,ok,16.4,17.9,21.7,26.6,29.9,27.6,27.6,27.4,30.9,37.4,43.6,47.1,45.8,42.0,39.0,34.5,31.2,28.7,26.7,27.0,28.2,29.5,29.9,29.4
2026-08-29T09:30:00Z,ok,ok,16.4,18.9,22.4,26.8,29.2,26.4,26.7,28.4,34.1,42.0,45.3,43.8,38.9,34.4,32.7,29.0,26.1,23.1,21.5,21.6,23.5,25.6,25.2,24.8
2026-08-29T10:00:00Z,ok,ok,17.7,19.7,21.3,23.5,25.5,24.7,27.4,31.3,38.4,43.9,42.6,38.7,33.5,29.5,27.5,23.5,20.2,17.5,16.9,17.1,19.1,21.6,20.9,20.7
2026-08-29T10:30:00Z,ok,ok,26.4,26.5,25.0,25.2,26.6,28.5,34.2,38.3,40.2,40.7,38.1,36.0,31.3,27.0,23.9,21.1,20.7,22.0,22.9,22.6,23.6,23.6,23.4,22.2
2026-08-29T11:00:00Z,ok,ok,21.2,21.3,21.6,23.5,26.5,30.7,36.8,38.1,36.7,33.8,32.4,30.5,26.5,22.7,19.9,17.0,15.8,16.3,16.8,17.3,18.7,19.2,19.1,19.1
2026-08-29T11:30:00Z,ok,ok,18.5,19.3,21.2,24.7,29.0,33.8,37.8,36.2,34.2,30.4,28.5,26.1,22.2,18.8,17.1,15.6,15.1,15.8,16.1,17.0,18.2,19.1,19.4,19.6
2026-08-29T12:00:00Z,ok,ok,20.0,22.6,26.3,31.3,36.0,37.3,36.6,33.8,32.6,28.8,25.3,22.0,18.2,15.9,15.1,14.6,13.9,13.7,13.3,14.1,15.2,16.1,16.5,16.9
2026-08-29T12:30:00Z,ok,ok,19.6,24.0,29.0,34.8,38.0,35.2,31.4,28.7,27.0,24.1,20.2,17.4,15.0,13.9,13.7,13.7,13.2,13.2,13.7,14.8,16.5,17.4,17.3,18.1
2026-08-29T13:00:00Z,ok,ok,25.7,30.0,34.1,37.0,37.4,33.8,29.5,26.0,23.3,20.5,17.2,15.3,13.7,13.6,13.7,13.8,13.5,14.1,15.3,16.5,17.8,18.9,18.4,18.8
2026-08-29T13:30:00Z,ok,ok,27.4,31.6,34.2,34.3,33.2,30.2,25.7,21.6,18.5,16.0,13.8,13.1,12.2,12.4,12.6,13.1,13.7,15.3,17.0,18.3,19.2,19.8,19.0,18.8
2026-08-29T14:00:00Z,ok,ok,33.0,35.8,36.1,34.2,31.0,28.1,24.4,20.0,16.7,14.2,12.7,12.4,11.6,11.4,12.0,13.8,16.7,20.6,22.2,22.1,21.9,20.9,19.8,19.1
2026-08-29T14:30:00Z,ok,ok,31.0,33.8,34.3,32.1,27.9,22.4,19.3,16.6,15.2,14.1,12.5,12.0,11.3,11.7,13.3,14.9,16.4,17.6,17.7,17.6,18.0,18.2,17.9,17.4
2026-08-29T15:00:00Z,ok,ok,29.4,30.1,27.9,24.7,20.6,17.4,15.5,13.9,13.0,12.4,11.1,11.4,11.2,12.3,14.5,16.4,18.2,18.9,18.2,17.2,17.5,17.1,16.9,16.1
2026-08-29T15:30:00Z,ok,ok,25.3,25.3,22.8,19.7,16.4,13.6,12.6,11.9,11.5,11.4,10.5,11.3,11.8,13.9,16.4,17.7,17.8,16.7,15.3,14.5,14.9,14.7,15.2,14.4
2026-08-29T16:00:00Z,ok,ok,22.0,21.2,18.5,15.7,13.1,11.3,10.8,10.7,10.3,10.6,10.4,11.7,13.1,15.3,16.9,17.6,17.1,16.6,16.1,15.7,15.9,15.5,16.1,15.3
2026-08-29T16:30:00Z,ok,ok,18.5,17.5,15.0,13.0,11.6,11.0,10.4,10.5,10.0,10.7,11.4,13.7,15.4,17.4,17.5,17.4,18.6,22.3,25.4,26.1,26.0,24.3,24.2,23.1
2026-08-29T17:00:00Z,ok,ok,15.8,14.6,13.0,11.5,10.7,10.7,10.4,10.2,10.4,12.0,13.5,15.4,16.1,16.9,17.1,18.7,21.9,25.4,25.5,24.8,22.6,20.5,20.4,19.4
2026-08-29T17:30:00Z,ok,ok,12.9,11.5,10.7,9.9,9.2,9.8,9.9,9.7,10.7,12.2,13.8,14.9,14.0,14.6,16.1,20.4,26.6,29.5,26.2,23.0,19.7,17.8,16.8,16.2
2026-08-29T18:00:00Z,,,0.0,0.0,0.0,0.0,0.0,0.0,0.0,0.0,0.0,0.0,0.0,0.0,0.0,0.0,0.0,0.0,0.0,0.0,0.0,0.0,0.0,0.0,0.0,0.0
2026-08-29T18:30:00Z,ok,ok,15.4,12.8,11.9,10.9,10.9,11.9,13.0,14.3,15.8,16.6,17.0,17.0,16.5,18.9,22.8,29.8,40.8,45.5,40.8,36.3,30.6,26.5,25.2,23.3
2026-08-29T19:00:00Z,ok,ok,16.5,13.5,12.6,11.9,12.1,14.7,16.7,17.3,18.7,17.9,18.2,18.9,18.2,22.5,30.5,42.5,52.3,47.2,33.0,26.0,21.0,19.0,18.5,17.0
2026-08-29T19:30:00Z,ok,ok,14.5,12.8,12.3,12.3,12.4,15.2,18.1,18.5,19.5,17.9,18.8,20.8,23.1,30.4,44.2,55.5,55.8,44.0,29.7,23.5,21.1,20.7,21.1,19.8
2026-08-29T20:00:00Z,ok,ok,15.0,14.0,14.1,14.2,14.7,17.1,20.8,21.8,21.3,19.6,21.9,26.1,35.5,45.8,59.5,53.7,40.2,29.2,21.7,19.5,20.1,22.0,22.5,22.4
2026-08-29T20:30:00Z,ok,ok,13.5,13.8,14.8,16.4,17.5,19.0,21.7,23.1,22.5,23.2,29.5,37.6,50.4,57.5,56.0,40.8,28.9,23.1,20.4,20.4,21.9,22.7,23.3,23.4
2026-08-29T21:00:00Z,ok,ok,12.2,13.4,14.9,17.4,19.2,20.1,20.9,22.5,23.0,27.8,36.5,49.7,58.7,55.2,42.8,30.0,24.2,24.4,25.9,27.1,27.4,27.7,28.1,27.3
2026-08-29T21:30:00Z,ok,ok,12.8,13.4,14.9,17.0,18.4,18.1,19.9,22.4,25.8,33.7,45.5,54.7,50.8,37.4,27.4,21.8,21.1,25.6,28.2,29.0,30.8,29.8,30.8,30.0
2026-08-29T22:00:00Z,ok,ok,13.9,13.8,15.2,16.6,17.3,18.7,21.4,26.1,32.5,42.3,52.2,51.0,37.8,25.8,21.7,21.2,24.5,29.2,29.6,28.7,29.4,27.7,27.4,26.0
2026-08-29T22:30:00Z,ok,ok,11.8,12.1,14.1,15.4,17.0,19.2,22.8,30.9,40.3,47.0,44.2,33.4,23.5,19.0,19.4,23.5,30.1,35.3,35.5,33.9,32.0,30.3,28.9,27.7
2026-08-29T23:00:00Z,ok,ok,12.2,13.1,14.4,16.6,19.3,22.6,28.3,39.6,49.4,46.7,33.0,22.5,17.1,17.0,20.2,24.6,28.7,28.8,26.7,25.1,22.7,23.4,22.9,21.6
2026-08-29T23:30:00Z,ok,ok,13.0,13.2,14.1,17.2,21.8,26.9,35.2,44.1,40.3,30.8,22.0,18.2,17.2,20.7,25.7,28.7,31.7,33.3,38.2,37.7,38.3,37.8,38.6,36.8
2026-08-30T00:00:00Z,,,0.0,0.0,0.0,0.0,0.0,0.0,0.0,0.0,0.0,0.0,0.0,0.0,0.0,0.0,0.0,0.0,0.0,0.0,0.0,0.0,0.0,0.0,0.0,0.0
2026-08-30T00:30:00Z,ok,ok,18.4,19.9,23.9,31.4,41.4,50.7,47.6,32.3,23.0,18.5,18.7,21.8,24.5,27.2,32.3,34.6,37.9,37.2,33.6,30.5,28.9,28.6,29.3,28.6
2026-08-30T01:00:00Z,ok,ok,20.7,25.5,34.6,47.2,54.1,47.5,37.7,26.0,21.8,21.2,23.0,27.4,32.8,34.8,40.3,40.8,38.4,35.3,30.5,29.1,30.6,32.1,33.3,33.7
2026-08-30T01:30:00Z,ok,ok,27.8,34.5,46.2,55.6,52.3,33.5,26.0,23.0,23.2,27.8,31.6,34.4,38.4,39.2,40.0,37.2,34.0,32.0,30.2,32.8,37.4,38.4,38.2,40.4
2026-08-30T02:00:00Z,ok,ok,35.0,42.0,49.3,49.2,40.9,24.4,19.9,20.5,23.2,30.3,35.6,36.9,39.1,39.0,39.1,35.6,32.0,28.6,26.0,27.8,31.5,33.0,33.1,34.0
2026-08-30T02:30:00Z,ok,ok,46.3,48.1,42.0,32.5,25.2,19.0,17.8,22.1,26.8,32.6,35.6,38.1,38.3,36.9,34.0,30.7,29.9,29.4,31.7,32.0,33.7,33.8,33.6,31.1
2026-08-30T03:00:00Z,ok,ok,45.2,40.0,29.8,21.5,18.0,17.5,19.8,25.3,29.1,31.6,32.1,34.9,32.8,30.5,27.5,26.8,30.5,36.2,43.0,41.5,40.0,37.1,37.0,32.6
2026-08-30T03:30:00Z,ok,ok,27.8,22.5,18.0,14.7,15.1,17.3,23.2,28.9,32.6,32.6,32.0,32.0,29.2,27.2,26.9,27.7,32.3,39.5,44.3,42.3,40.5,37.4,36.9,33.7
2026-08-30T04:00:00Z,ok,ok,18.9,15.5,14.6,14.1,16.1,20.0,24.8,26.8,28.3,28.4,28.4,26.7,22.9,22.4,25.0,31.5,42.0,48.7,42.6,36.6,30.2,26.5,26.2,23.7
2026-08-30T04:30:00Z,ok,ok,14.5,14.4,16.0,18.6,21.6,23.5,27.9,29.2,31.0,29.6,26.0,23.6,23.3,25.5,32.4,35.7,35.7,32.2,27.5,25.2,25.1,26.1,26.7,25.7
2026-08-30T05:00:00Z,ok,ok,17.5,18.2,21.1,25.5,29.5,28.6,32.0,32.8,33.2,30.9,26.9,25.4,28.0,32.1,38.4,37.1,31.6,25.7,21.8,21.0,22.5,24.0,25.1,24.6
2026-08-30T05:30:00Z,ok,ok,21.9,23.5,26.6,30.8,34.5,32.0,33.4,32.6,30.4,29.9,28.9,31.4,37.9,42.0,41.4,33.4,27.4,24.6,24.8,26.7,29.2,30.8,31.6,31.2
2026-08-30T06:00:00Z,,,0.0,0.0,0.0,0.0,0.0,0.0,0.0,0.0,0.0,0.0,0.0,0.0,0.0,0.0,0.0,0.0,0.0,0.0,0.0,0.0,0.0,0.0,0.0,0.0
2026-08-30T06:30:00Z,ok,ok,27.2,28.4,30.8,32.5,33.2,31.9,30.1,27.9,27.4,29.8,35.3,40.0,37.8,31.1,26.2,24.7,27.1,33.8,38.1,38.9,39.2,36.7,36.3,34.8
2026-08-30T07:00:00Z,ok,ok,26.4,27.5,30.7,31.3,30.9,27.8,25.9,25.7,29.3,35.6,38.9,37.1,29.5,23.8,22.7,25.8,33.4,38.9,37.3,35.0,33.0,30.4,29.6,27.6
2026-08-30T07:30:00Z,ok,ok,25.8,27.6,29.6,28.3,27.7,24.6,24.4,27.1,32.0,35.9,31.9,26.8,21.7,20.1,22.3,27.0,34.2,37.4,35.8,35.0,33.2,32.1,31.3,29.1
2026-08-30T08:00:00Z,ok,ok,27.9,28.3,27.3,24.6,24.1,24.2,27.3,31.7,35.7,33.5,26.2,21.8,19.4,20.8,26.9,33.2,38.1,37.2,30.1,26.9,24.4,24.0,24.1,21.8
2026-08-30T08:30:00Z,ok,ok,27.9,26.9,24.8,23.0,23.3,24.6,29.2,32.2,32.6,26.6,21.3,19.7,20.9,25.6,33.9,36.4,34.1,28.2,22.0,19.6,18.9,19.2,20.5,18.4
2026-08-30T09:00:00Z,ok,ok,26.9,24.4,23.4,22.9,25.2,28.7,32.7,31.5,26.8,21.2,20.0,22.1,26.0,31.6,34.5,31.7,27.5,22.5,19.2,18.0,17.8,17.2,18.4,17.0
2026-08-30T09:30:00Z,ok,ok,22.8,21.9,22.9,25.2,28.4,33.2,34.2,28.7,23.2,19.2,21.1,27.5,33.0,35.9,34.0,27.6,22.6,18.7,16.7,16.1,16.3,15.9,17.4,16.1
2026-08-30T10:00:00Z,ok,ok,22.7,23.0,26.2,30.6,33.8,33.6,29.8,23.9,20.9,21.6,27.0,35.0,37.3,32.7,26.4,20.6,18.3,17.5,16.8,16.8,17.2,16.8,17.4,16.7
2026-08-30T10:30:00Z,ok,ok,21.2,23.1,27.4,30.7,32.8,27.3,22.7,19.3,20.7,26.0,32.8,37.2,33.8,25.8,21.2,17.9,18.1,18.1,16.3,15.9,16.0,16.5,16.0,15.6
2026-08-30T11:00:00Z,ok,ok,21.9,24.7,26.5,26.5,24.5,20.2,17.9,18.0,23.6,30.7,32.6,30.7,24.0,18.5,17.0,17.1,19.2,18.7,16.4,14.9,15.0,15.7,14.7,14.1
2026-08-30T11:30:00Z,ok,ok,21.5,23.4,22.8,20.7,19.6,17.2,17.6,21.3,28.2,34.1,29.5,23.1,18.1,15.8,16.2,17.1,17.8,16.3,14.5,13.6,13.8,14.6,13.9,13.3
2026-08-30T12:00:00Z,ok,ok,21.2,20.3,18.4,16.3,16.5,16.5,19.7,24.5,27.5,27.6,21.4,16.8,15.0,14.9,16.2,17.1,17.7,17.8,16.2,15.1,14.1,14.1,13.8,13.1
2026-08-30T12:30:00Z,ok,ok,17.4,15.2,14.6,14.2,16.3,19.6,24.2,26.7,24.9,21.2,16.3,14.4,14.3,15.7,17.1,16.7,17.0,15.3,14.1,13.3,12.0,12.0,12.0,11.7
2026-08-30T13:00:00Z,ok,ok,14.3,13.0,13.7,14.7,18.8,24.1,27.4,24.8,20.1,16.6,14.2,14.5,15.3,16.5,16.6,15.3,15.1,13.4,12.5,12.3,11.5,11.4,11.9,11.4
2026-08-30T13:30:00Z,ok,ok,12.0,12.5,14.5,18.1,23.4,27.2,27.1,21.4,16.6,14.4,14.3,16.6,17.6,16.9,16.0,14.0,13.7,12.8,13.0,12.7,13.1,12.9,13.3,13.2
2026-08-30T14:00:00Z,ok,ok,11.9,14.0,18.6,23.7,27.3,25.1,20.1,16.0,14.2,14.0,14.6,17.0,17.6,16.5,14.7,12.7,12.1,12.5,13.2,14.0,15.3,15.5,15.1,15.6
2026-08-30T14:30:00Z,ok,ok,13.1,15.9,21.3,25.0,25.8,19.6,15.0,13.1,13.3,15.6,16.1,16.9,16.5,14.7,13.1,12.4,13.1,14.0,14.4,15.0,15.9,15.8,14.8,15.5
2026-08-30T15:00:00Z,ok,ok,17.9,21.2,24.2,24.3,21.2,15.7,13.0,12.7,13.8,16.7,16.4,16.4,14.7,12.9,12.2,12.4,13.8,14.1,14.3,13.7,14.3,14.1,13.2,13.4
2026-08-30T15:30:00Z,ok,ok,19.5,21.1,20.7,18.3,15.7,13.6,13.1,14.3,14.9,15.9,14.7,13.8,12.5,11.8,11.9,12.9,14.6,15.8,16.7,15.9,15.7,15.0,14.2,13.7
2026-08-30T16:00:00Z,ok,ok,22.7,21.0,19.1,15.5,13.9,12.9,13.6,14.6,14.7,14.7,13.0,11.7,11.2,11.6,13.0,14.5,16.4,17.5,16.6,15.6,14.7,13.8,13.4,12.9
2026-08-30T16:30:00Z,ok,ok,27.7,22.5,18.6,14.7,14.1,14.4,15.7,16.7,15.9,14.6,12.7,12.3,12.1,13.2,15.0,16.5,19.1,20.3,18.9,17.5,15.9,14.5,14.3,13.4
2026-08-30T17:00:00Z,ok,ok,16.6,14.3,13.2,12.4,13.6,14.4,15.7,15.2,13.8,12.6,11.4,12.1,12.6,14.7,16.9,18.1,20.0,19.2,16.6,15.2,13.8,12.6,12.9,11.9
2026-08-30T17:30:00Z,ok,ok,11.1,10.7,11.7,12.7,14.5,15.1,15.2,13.5,11.8,11.5,11.3,12.9,14.2,16.0,17.8,17.9,17.6,16.1,14.5,13.4,12.8,12.5,12.6,12.3
2026-08-30T18:00:00Z,ok,ok,10.9,11.2,12.6,13.7,15.3,15.9,14.5,12.4,11.2,11.9,12.7,14.8,15.9,16.4,16.9,16.7,16.7,16.2,15.1,14.0,13.2,12.8,12.4,12.2
2026-08-30T18:30:00Z,ok,ok,12.1,13.1,14.4,15.3,16.1,15.1,13.3,12.2,12.6,14.5,15.3,16.8,17.1,17.1,17.3,16.7,16.6,15.2,13.5,12.4,11.6,11.9,11.4,10.9
2026-08-30T19:00:00Z,ok,ok,13.0,13.9,14.9,15.3,15.5,12.9,12.0,11.9,13.3,15.6,16.1,16.5,16.6,16.5,16.9,16.4,15.8,14.2,12.5,11.7,11.1,11.7,11.1,10.8
2026-08-30T19:30:00Z,ok,ok,12.1,12.6,12.7,12.2,12.3,11.0,11.2,12.0,13.8,15.9,15.7,15.6,15.5,15.3,16.0,15.3,13.9,12.5,11.0,10.1,9.5,10.3,9.5,9.2
2026-08-30T20:00:00Z,ok,ok,11.6,11.7,11.2,10.5,10.8,11.2,12.2,13.3,14.6,16.4,16.2,16.1,15.7,14.8,15.0,14.1,13.1,12.4,11.0,9.9,9.4,9.8,9.0,8.9
2026-08-30T20:30:00Z,ok,ok,13.9,12.6,11.9,11.2,11.9,12.9,14.4,15.5,17.1,17.9,17.7,16.6,16.0,15.1,15.5,15.2,14.7,13.8,11.6,9.8,8.7,8.9,8.5,8.1
2026-08-30T21:00:00Z,ok,ok,14.3,12.9,12.5,12.1,13.2,14.6,16.6,17.8,18.5,18.6,17.4,16.6,16.2,15.9,16.2,15.9,15.3,14.3,12.2,10.6,9.4,9.4,9.1,8.8
2026-08-30T21:30:00Z,ok,ok,13.9,12.8,12.6,12.7,14.3,16.2,17.7,18.1,16.9,17.2,16.2,16.7,16.0,15.6,14.8,14.6,15.7,16.2,15.4,14.1,12.8,11.7,11.7,11.1
2026-08-30T22:00:00Z,ok,ok,11.3,11.0,11.8,12.8,14.5,16.4,16.4,15.7,14.6,15.4,15.1,15.8,14.9,14.4,13.9,14.5,16.6,17.1,15.7,13.9,12.4,11.2,11.0,10.4
2026-08-30T22:30:00Z,ok,ok,13.2,13.2,14.4,15.6,16.7,18.1,17.0,15.8,15.3,15.7,15.2,15.8,14.6,14.3,14.4,16.5,19.9,19.9,17.7,15.1,13.2,12.0,11.7,10.9
2026-08-30T23:00:00Z,ok,ok,13.2,13.8,15.4,16.8,17.1,17.8,16.6,15.2,15.1,15.3,14.5,14.9,13.7,14.3,16.4,20.7,25.4,24.7,20.7,17.4,15.3,14.1,13.6,12.8
2026-08-30T23:30:00Z,ok,ok,13.7,14.4,15.5,16.2,16.2,16.4,15.6,15.1,14.6,14.8,13.6,14.3,14.1,16.1,19.2,22.8,25.3,23.0,19.1,16.5,15.1,14.0,13.6,12.9
2026-08-31T00:00:00Z,,,0.0,0.0,0.0,0.0,0.0,0.0,0.0,0.0,0.0,0.0,0.0,0.0,0.0,0.0,0.0,0.0,0.0,0.0,0.0,0.0,0.0,0.0,0.0,0.0
2026-08-31T00:30:00Z,ok,ok,18.7,17.4,16.7,15.7,15.4,16.7,16.2,15.6,14.8,14.4,15.1,17.9,18.5,20.4,22.0,24.0,25.7,24.3,20.8,17.7,16.0,14.3,14.0,12.8
2026-08-31T01:00:00Z,,,0.0,0.0,0.0,0.0,0.0,0.0,0.0,0.0,0.0,0.0,0.0,0.0,0.0,0.0,0.0,0.0,0.0,0.0,0.0,0.0,0.0,0.0,0.0,0.0
2026-08-31T01:30:00Z,ok,ok,16.8,15.4,15.3,14.7,14.7,16.6,16.3,15.8,16.1,17.4,19.1,22.2,22.0,22.4,23.5,25.9,28.4,27.9,24.1,20.7,17.6,16.7,15.6,14.6
2026-08-31T02:00:00Z,,,0.0,0.0,0.0,0.0,0.0,0.0,0.0,0.0,0.0,0.0,0.0,0.0,0.0,0.0,0.0,0.0,0.0,0.0,0.0,0.0,0.0,0.0,0.0,0.0
2026-08-31T02:30:00Z,ok,ok,15.8,14.3,14.2,13.9,14.2,16.3,16.9,17.4,19.6,20.5,21.1,22.5,21.0,21.4,23.9,28.4,32.2,30.4,24.1,19.3,15.9,15.0,14.1,12.9
2026-08-31T03:00:00Z,ok,ok,13.9,13.3,13.0,13.5,13.8,15.8,18.3,19.9,23.7,23.8,22.3,22.4,22.0,23.8,29.0,32.2,30.3,25.5,18.5,14.4,11.9,12.7,11.9,11.1
2026-08-31T03:30:00Z,ok,ok,13.6,13.4,13.6,14.3,15.2,17.5,21.5,23.2,25.4,23.8,22.8,23.4,25.7,28.7,34.0,32.2,25.6,19.7,15.0,12.1,11.2,12.5,11.6,11.5
2026-08-31T04:00:00Z,ok,ok,13.3,13.3,13.9,15.2,17.2,20.8,24.0,24.7,24.0,23.3,24.8,27.9,29.9,30.5,29.9,25.3,21.1,17.7,15.6,13.2,12.6,12.8,11.8,11.8
2026-08-31T04:30:00Z,ok,ok,13.1,14.0,15.3,18.8,22.0,26.0,28.2,26.7,25.1,24.4,28.8,34.3,36.3,32.0,26.0,19.3,15.0,12.8,11.5,10.1,10.1,10.2,9.6,9.6
2026-08-31T05:00:00Z,ok,ok,12.4,14.0,16.4,20.8,25.2,27.7,28.1,25.9,26.0,26.1,31.7,36.4,35.0,26.4,19.7,14.9,11.9,10.6,9.2,8.4,8.5,8.7,8.3,8.3
2026-08-31T05:30:00Z,ok,ok,11.8,13.7,17.0,21.7,26.5,27.0,26.5,25.2,27.9,29.8,34.8,35.0,28.5,19.7,15.3,12.6,10.8,9.9,8.3,8.1,8.6,9.0,8.5,8.7
2026-08-31T06:00:00Z,,,0.0,0.0,0.0,0.0,0.0,0.0,0.0,0.0,0.0,0.0,0.0,0.0,0.0,0.0,0.0,0.0,0.0,0.0,0.0,0.0,0.0,0.0,0.0,0.0
2026-08-31T06:30:00Z,ok,ok,16.8,19.5,22.1,23.9,26.6,25.2,25.5,29.5,33.0,32.1,25.8,19.1,14.4,11.6,10.4,9.8,9.1,8.7,8.2,8.4,9.2,9.6,8.8,9.3
2026-08-31T07:00:00Z,ok,ok,22.6,22.3,23.2,24.0,26.8,27.3,30.5,32.2,30.1,25.5,19.2,14.9,11.6,9.7,9.3,9.3,10.2,11.4,11.3,11.7,11.2,11.3,10.8,11.0
2026-08-31T07:30:00Z,ok,ok,21.7,21.2,22.4,23.8,28.5,31.4,33.9,30.9,24.6,19.9,14.8,12.2,10.2,9.3,9.6,9.5,10.7,11.2,11.2,11.7,11.2,11.2,11.1,11.3
2026-08-31T08:00:00Z,,,0.0,0.0,0.0,0.0,0.0,0.0,0.0,0.0,0.0,0.0,0.0,0.0,0.0,0.0,0.0,0.0,0.0,0.0,0.0,0.0,0.0,0.0,0.0,0.0
2026-08-31T08:30:00Z,ok,ok,19.9,23.5,27.9,31.1,35.9,33.1,25.7,19.1,15.1,11.9,9.6,9.2,9.4,9.9,11.1,10.6,10.0,9.2,9.1,9.5,10.5,11.4,11.0,11.7
2026-08-31T09:00:00Z,ok,ok,24.7,28.8,34.0,37.4,37.3,26.6,18.9,14.8,12.7,11.2,9.7,9.7,10.3,11.1,11.0,9.8,8.9,8.4,8.5,8.9,10.0,11.0,10.1,11.0
2026-08-31T09:30:00Z,ok,ok,28.2,32.6,36.5,37.9,33.0,21.2,15.1,12.4,10.8,10.4,10.2,10.7,11.7,12.5,11.7,10.2,8.7,8.3,8.8,9.5,10.7,11.5,11.0,11.5
2026-08-31T10:00:00Z,ok,ok,33.2,36.3,34.5,29.4,22.4,15.4,11.2,9.9,9.6,9.6,10.2,10.8,11.0,10.8,11.0,9.6,8.4,7.0,7.1,7.1,7.6,8.6,8.5,8.3
2026-08-31T10:30:00Z,ok,ok,38.4,37.1,29.7,21.7,15.3,12.0,9.5,9.7,9.9,11.3,12.1,12.7,12.8,11.6,11.0,9.3,8.7,8.5,10.4,10.3,10.4,12.1,11.5,10.9
2026-08-31T11:00:00Z,ok,ok,30.3,25.8,20.1,14.4,11.1,9.2,8.4,9.2,10.2,12.0,11.9,11.8,11.0,9.7,9.5,8.6,8.9,8.9,10.2,9.5,9.4,10.2,9.7,9.5
2026-08-31T11:30:00Z,ok,ok,18.9,16.2,13.2,10.0,8.9,7.9,8.2,9.3,10.5,11.7,10.6,9.8,9.0,8.4,8.1,7.6,7.7,7.6,8.4,8.6,8.5,9.2,9.2,9.1
2026-08-31T12:00:00Z,,,0.0,0.0,0.0,0.0,0.0,0.0,0.0,0.0,0.0,0.0,0.0,0.0,0.0,0.0,0.0,0.0,0.0,0.0,0.0,0.0,0.0,0.0,0.0,0.0
2026-08-31T12:30:00Z,ok,ok,9.7,8.6,7.8,7.0,7.8,8.5,9.6,10.0,9.7,9.7,8.9,8.3,7.8,7.2,7.1,6.8,7.3,7.5,7.7,8.4,8.5,8.3,8.4,8.3
2026-08-31T13:00:00Z,ok,ok,10.7,9.8,9.2,8.4,9.4,9.9,10.0,9.3,8.7,8.4,7.6,7.4,7.4,7.2,7.4,7.1,7.5,8.4,9.1,10.3,10.0,10.5,10.3,9.8
2026-08-31T13:30:00Z,ok,ok,10.6,9.7,10.0,9.8,10.2,9.9,9.6,9.1,8.7,8.6,7.9,7.8,7.6,7.6,7.6,8.1,9.5,11.4,12.2,12.8,11.8,11.6,11.2,10.6
2026-08-31T14:00:00Z,ok,ok,6.9,7.6,8.8,9.3,10.1,9.5,8.4,7.8,7.6,7.7,6.9,6.9,6.7,6.8,7.4,8.3,9.2,9.0,8.6,8.7,8.5,8.5,8.4,8.2
2026-08-31T14:30:00Z,ok,ok,8.0,8.8,9.9,10.0,10.1,9.2,8.2,7.7,7.5,7.9,7.3,7.4,7.2,7.6,8.2,9.2,9.9,9.3,8.8,8.7,8.6,8.3,8.4,8.2
2026-08-31T15:00:00Z,ok,ok,10.6,10.9,11.0,9.9,9.4,8.5,7.7,7.6,7.3,7.8,6.9,7.2,7.5,8.0,8.9,9.4,9.8,9.1,8.5,8.4,8.4,8.1,8.2,8.1
2026-08-31T15:30:00Z,ok,ok,11.5,11.2,10.5,9.0,8.4,7.7,7.0,7.1,7.0,7.3,6.7,7.4,8.0,8.8,9.2,9.5,9.8,9.4,9.1,8.9,9.0,8.5,8.5,8.2
2026-08-31T16:00:00Z,ok,ok,9.8,9.6,9.1,8.0,7.8,7.4,6.8,6.9,6.9,7.5,7.1,8.0,8.7,9.4,9.6,9.7,9.8,9.2,8.8,8.8,8.7,8.3,8.4,8.1
2026-08-31T16:30:00Z,ok,ok,9.2,9.0,8.5,7.5,7.3,7.2,6.7,6.9,7.1,7.9,7.8,8.7,9.3,9.6,9.7,9.6,9.6,9.1,8.8,8.8,8.6,8.3,8.5,8.2
2026-08-31T17:00:00Z,ok,ok,7.7,7.6,7.4,6.7,6.8,6.9,6.6,6.9,7.2,8.3,8.3,8.9,9.3,9.4,9.4,9.2,9.3,8.8,8.3,8.4,8.2,7.9,8.0,7.8
2026-08-31T17:30:00Z,ok,ok,7.0,7.0,6.8,6.3,6.5,6.7,6.5,7.0,7.9,8.9,8.7,8.9,9.0,9.0,9.1,8.9,8.7,8.1,7.5,7.4,7.2,7.1,7.0,6.8
2026-08-31T18:00:00Z,ok,ok,7.1,7.2,7.2,6.8,7.1,7.0,7.0,7.6,8.6,9.5,9.1,9.0,9.0,9.0,9.1,8.7,8.1,7.5,6.7,6.6,6.5,6.6,6.5,6.4
2026-08-31T18:30:00Z,ok,ok,7.0,7.3,7.4,7.0,7.1,7.5,8.0,8.9,9.6,10.4,9.5,9.4,9.1,8.9,8.6,7.7,6.9,6.2,5.9,6.2,6.3,6.6,6.5,6.7
2026-08-31T19:00:00Z,ok,ok,6.2,6.7,6.9,7.0,7.4,8.2,8.6,9.0,9.0,9.7,9.0,9.0,8.8,8.2,7.5,6.5,6.1,5.7,5.6,5.8,5.8,5.9,5.9,6.0
2026-08-31T19:30:00Z,ok,ok,6.0,6.5,6.9,7.1,7.8,8.5,8.7,9.0,8.9,9.5,8.6,8.5,8.2,7.4,6.8,6.2,6.2,6.4,6.5,6.8,6.7,6.8,6.9,6.8
2026-08-31T20:00:00Z,ok,ok,6.7,7.2,7.6,7.8,8.6,9.2,9.2,9.4,9.3,9.7,8.6,8.3,7.7,6.9,6.4,6.1,6.4,6.6,6.6,6.9,6.8,6.8,6.9,6.8
2026-08-31T20:30:00Z,ok,ok,6.6,7.4,8.1,8.6,9.1,9.0,8.5,8.8,9.2,9.7,8.4,7.6,6.6,6.1,6.2,6.2,6.2,5.8,5.6,5.7,5.9,5.9,6.1,6.0
2026-08-31T21:00:00Z,ok,ok,7.1,7.9,8.5,8.7,8.6,8.9,8.8,9.2,9.0,9.0,7.4,6.6,6.1,6.2,6.4,6.2,5.5,4.8,4.6,5.0,5.1,5.4,5.6,5.7
2026-08-31T21:30:00Z,ok,ok,6.9,7.6,8.1,8.2,8.1,9.1,9.0,9.1,8.3,7.8,6.3,6.0,5.9,6.2,5.9,5.2,4.6,4.2,4.6,5.1,5.3,5.8,5.8,5.9
2026-08-31T22:00:00Z,ok,ok,8.2,8.4,8.2,7.6,7.6,8.1,7.7,7.2,6.5,6.2,5.4,5.5,5.5,5.4,5.0,4.6,5.0,5.9,6.5,7.2,7.0,7.2,7.0,6.6
2026-08-31T22:30:00Z,ok,ok,8.3,8.2,8.0,7.6,7.5,7.5,7.2,6.5,5.7,5.7,5.2,5.5,5.4,5.0,4.6,4.5,5.1,5.9,6.2,6.6,6.5,6.4,6.2,6.0
2026-08-31T23:00:00Z,ok,ok,7.9,8.1,8.2,7.8,7.5,6.9,6.3,5.8,5.5,5.8,5.5,5.5,5.2,4.8,4.8,5.0,5.8,6.2,6.2,6.3,6.4,6.2,6.2,6.2
2026-08-31T23:30:00Z,ok,ok,6.0,6.6,6.8,6.9,6.1,5.7,5.1,4.8,4.7,4.7,4.6,4.4,4.3,4.6,5.2,6.7,8.6,11.2,12.7,13.0,12.8,12.5,11.8,11.4
2026-09-01T00:00:00Z,,,0.0,0.0,0.0,0.0,0.0,0.0,0.0,0.0,0.0,0.0,0.0,0.0,0.0,0.0,0.0,0.0,0.0,0.0,0.0,0.0,0.0,0.0,0.0,0.0
2026-09-01T00:30:00Z,,,0.0,0.0,0.0,0.0,0.0,0.0,0.0,0.0,0.0,0.0,0.0,0.0,0.0,0.0,0.0,0.0,0.0,0.0,0.0,0.0,0.0,0.0,0.0,0.0
2026-09-01T01:00:00Z,ok,ok,7.1,6.6,5.9,5.1,5.0,5.0,5.1,5.2,4.7,4.5,4.4,4.9,6.0,7.4,8.9,9.0,8.0,6.5,5.4,5.3,5.5,5.3,5.5,5.5
2026-09-01T01:30:00Z,ok,ok,6.7,6.3,5.9,5.1,5.1,5.4,5.1,5.1,4.7,4.8,5.3,6.2,7.6,9.0,8.9,8.2,7.0,5.7,5.4,5.5,5.5,5.2,5.3,5.3
2026-09-01T02:00:00Z,,,0.0,0.0,0.0,0.0,0.0,0.0,0.0,0.0,0.0,0.0,0.0,0.0,0.0,0.0,0.0,0.0,0.0,0.0,0.0,0.0,0.0,0.0,0.0,0.0
2026-09-01T02:30:00Z,ok,ok,5.2,5.3,5.3,5.1,5.1,5.0,4.7,4.9,5.4,6.6,7.5,8.5,8.5,7.6,6.8,6.1,6.2,6.5,6.5,6.6,6.3,6.2,6.2,5.8
2026-09-01T03:00:00Z,failed,feed_unreachable,0.0,0.0,0.0,0.0,0.0,0.0,0.0,0.0,0.0,0.0,0.0,0.0,0.0,0.0,0.0,0.0,0.0,0.0,0.0,0.0,0.0,0.0,0.0,0.0
2026-09-01T03:30:00Z,imputed,ok,4.5,4.5,4.3,4.4,4.4,4.6,5.2,6.1,7.4,8.4,8.5,7.7,6.7,5.8,5.7,5.9,6.3,6.7,6.1,5.9,5.8,5.6,5.5,5.2
2026-09-01T04:00:00Z,imputed,ok,4.4,4.5,4.4,4.3,4.5,5.2,5.8,6.8,7.8,8.1,7.1,6.3,5.8,5.5,5.6,5.8,6.2,6.5,6.0,5.8,5.6,5.4,5.3,5.1
2026-09-01T04:30:00Z,imputed,ok,4.8,4.7,4.7,4.8,5.5,6.4,7.4,8.2,8.2,7.9,6.8,6.2,6.0,6.2,6.2,6.2,6.6,6.4,6.0,6.0,5.6,5.4,5.3,5.1
2026-09-01T05:00:00Z,imputed,ok,5.4,5.2,5.2,5.4,6.5,7.6,8.6,8.5,7.7,7.2,6.3,6.2,6.3,6.4,6.3,6.0,6.8,6.6,6.3,6.3,6.0,5.7,5.8,5.5
2026-09-01T05:30:00Z,imputed,ok,4.8,5.0,5.5,5.9,7.2,8.2,8.0,7.6,6.7,6.5,5.8,6.2,6.3,6.4,6.0,5.7,6.3,6.1,6.2,6.2,6.0,5.8,5.8,5.4
2026-09-01T06:00:00Z,,,0.0,0.0,0.0,0.0,0.0,0.0,0.0,0.0,0.0,0.0,0.0,0.0,0.0,0.0,0.0,0.0,0.0,0.0,0.0,0.0,0.0,0.0,0.0,0.0
2026-09-01T06:30:00Z,imputed,ok,6.2,7.3,8.5,9.0,9.4,8.3,7.0,6.5,6.5,7.0,6.6,7.0,6.8,6.8,6.6,6.7,7.1,7.1,7.0,7.0,7.1,6.7,6.6,6.3
2026-09-01T07:00:00Z,imputed,ok,7.4,8.3,9.2,8.8,8.4,7.2,6.1,6.0,6.2,6.8,6.5,6.7,6.6,6.5,6.3,6.4,6.8,7.1,6.9,6.9,6.8,6.6,6.5,6.3
2026-09-01T07:30:00Z,imputed,ok,8.3,8.7,8.7,7.7,7.1,6.4,5.9,6.1,6.3,6.9,6.4,6.4,6.3,6.3,6.4,6.5,6.8,7.0,6.7,6.8,6.5,6.4,6.4,6.1
2026-09-01T08:00:00Z,imputed,ok,8.3,8.3,7.8,6.7,6.3,6.1,5.9,6.2,6.3,6.7,6.2,6.2,6.3,6.2,6.4,6.4,6.8,7.0,6.8,6.7,6.5,6.3,6.3,5.9
2026-09-01T08:30:00Z,imputed,ok,7.7,7.4,6.8,6.1,6.1,6.2,6.2,6.4,6.4,6.7,6.2,6.3,6.4,6.3,6.3,6.3,6.7,6.9,6.7,6.7,6.6,6.2,6.2,5.9
2026-09-01T09:00:00Z,imputed,ok,6.7,6.6,6.3,5.8,6.1,6.4,6.5,6.7,6.6,6.9,6.3,6.5,6.5,6.4,6.3,6.2,6.7,7.0,6.7,6.9,6.6,6.3,6.3,6.0
2026-09-01T09:30:00Z,imputed,ok,6.4,6.4,6.3,5.9,6.3,6.6,6.6,6.7,6.7,7.1,6.4,6.6,6.7,6.6,6.4,6.2,6.7,7.0,6.7,6.9,6.6,6.4,6.3,6.0
2026-09-01T10:00:00Z,imputed,ok,6.7,6.8,6.7,6.4,6.8,6.9,6.8,6.9,6.9,7.4,6.6,6.8,6.8,6.8,6.7,6.5,7.0,7.1,6.8,7.0,6.8,6.5,6.5,6.2
2026-09-01T10:30:00Z,imputed,ok,7.7,7.8,7.5,6.9,7.1,7.1,6.8,7.0,7.0,7.4,6.7,6.8,6.8,6.8,6.8,6.8,7.1,7.2,6.8,7.0,6.7,6.6,6.7,6.4
2026-09-01T11:00:00Z,imputed,ok,7.2,7.4,7.3,6.7,6.9,6.9,6.7,6.8,6.9,7.2,6.5,6.6,6.7,6.7,6.7,6.6,6.8,7.0,6.7,6.9,6.6,6.5,6.5,6.2
2026-09-01T11:30:00Z,imputed,ok,8.1,8.2,7.9,7.2,7.3,7.3,7.1,7.1,7.1,7.4,6.6,6.7,6.8,6.8,6.8,6.7,7.0,7.1,6.8,7.0,6.7,6.6,6.7,6.4
2026-09-01T12:00:00Z,,,0.0,0.0,0.0,0.0,0.0,0.0,0.0,0.0,0.0,0.0,0.0,0.0,0.0,0.0,0.0,0.0,0.0,0.0,0.0,0.0,0.0,0.0,0.0,0.0
2026-09-01T12:30:00Z,imputed,ok,7.2,7.4,7.3,6.8,7.1,7.0,6.8,6.9,6.9,7.3,6.5,6.7,6.7,6.7,6.6,6.5,6.8,6.9,6.7,6.8,6.6,6.4,6.5,6.2
2026-09-01T13:00:00Z,imputed,ok,7.5,7.7,7.5,6.9,7.1,7.0,6.8,6.9,6.9,7.3,6.5,6.7,6.7,6.7,6.6,6.5,6.8,7.0,6.7,6.9,6.7,6.5,6.5,6.2
2026-09-01T13:30:00Z,imputed,ok,7.3,7.5,7.3,6.8,7.0,7.0,6.8,6.9,6.9,7.3,6.6,6.7,6.8,6.7,6.6,6.4,6.8,7.0,6.7,6.8,6.6,6.5,6.5,6.2
2026-09-01T14:00:00Z,,,0.0,0.0,0.0,0.0,0.0,0.0,0.0,0.0,0.0,0.0,0.0,0.0,0.0,0.0,0.0,0.0,0.0,0.0,0.0,0.0,0.0,0.0,0.0,0.0
2026-09-01T14:30:00Z,,,0.0,0.0,0.0,0.0,0.0,0.0,0.0,0.0,0.0,0.0,0.0,0.0,0.0,0.0,0.0,0.0,0.0,0.0,0.0,0.0,0.0,0.0,0.0,0.0
2026-09-01T15:00:00Z,,,0.0,0.0,0.0,0.0,0.0,0.0,0.0,0.0,0.0,0.0,0.0,0.0,0.0,0.0,0.0,0.0,0.0,0.0,0.0,0.0,0.0,0.0,0.0,0.0
2026-09-01T15:30:00Z,ok,ok,6.2,7.6,9.1,11.0,12.3,11.5,10.5,10.5,11.6,12.6,11.2,10.7,9.7,9.9,9.9,9.6,9.5,8.2,7.2,6.7,6.9,6.8,6.6,6.5
2026-09-01T16:00:00Z,ok,ok,8.1,9.6,10.8,11.3,11.8,10.8,10.3,10.9,11.6,12.6,10.6,10.3,9.8,10.0,10.1,9.5,9.1,8.5,7.8,7.8,7.9,8.0,7.6,7.6
2026-09-01T16:30:00Z,ok,ok,9.3,10.6,11.2,10.9,11.1,11.0,10.7,11.1,11.3,11.9,10.5,10.4,10.1,9.7,8.8,7.6,6.9,6.4,6.3,6.6,6.5,6.9,6.6,6.6
2026-09-01T17:00:00Z,ok,ok,10.8,11.0,11.0,10.2,10.6,11.2,11.2,11.1,10.3,10.6,10.3,10.5,10.3,8.9,7.8,6.8,6.9,7.3,7.5,7.7,7.4,7.4,7.1,7.0
2026-09-01T17:30:00Z,ok,ok,10.5,10.2,10.4,9.9,10.5,11.0,11.0,10.6,10.0,10.2,10.0,10.0,9.5,7.8,7.0,6.4,7.0,7.6,7.5,7.5,7.4,7.0,6.8,6.6
2026-09-01T18:00:00Z,ok,ok,8.4,8.8,9.5,9.8,10.5,10.0,9.5,9.3,9.5,10.1,9.2,8.8,7.7,6.7,6.6,6.6,7.5,7.7,7.2,7.1,7.1,6.7,6.7,6.4
2026-09-01T18:30:00Z,ok,ok,11.5,11.9,12.5,11.9,11.7,10.4,9.6,9.6,10.2,10.5,8.7,7.5,6.8,6.7,7.5,7.9,8.3,7.6,7.0,6.8,6.8,6.8,6.8,6.7
2026-09-01T19:00:00Z,ok,ok,10.4,11.0,11.2,10.6,10.5,9.7,9.3,9.7,9.9,9.6,7.5,6.7,6.5,7.0,8.3,8.3,7.8,6.6,5.9,5.7,6.1,6.1,6.0,6.1
2026-09-01T19:30:00Z,ok,ok,12.3,12.4,12.1,10.9,10.5,9.9,9.7,9.7,8.9,8.0,6.7,6.5,7.1,8.0,8.9,8.1,6.6,5.1,4.6,4.7,4.7,5.1,5.0,5.0
2026-09-01T20:00:00Z,ok,ok,11.0,11.3,10.8,10.0,9.6,9.9,9.1,8.5,7.3,6.9,6.6,7.5,8.4,8.8,7.7,6.5,5.5,5.4,5.9,6.5,6.4,6.7,6.6,6.4
2026-09-01T20:30:00Z,ok,ok,8.2,8.4,8.3,8.1,8.0,8.3,7.5,6.7,5.9,6.1,6.6,8.0,8.3,7.3,6.2,4.9,4.9,5.4,5.8,6.0,6.2,6.0,5.8,5.4
2026-09-01T21:00:00Z,ok,ok,7.7,7.8,8.2,8.0,7.9,7.2,6.5,6.1,6.2,7.1,7.8,8.4,7.8,6.2,5.8,5.4,6.4,7.1,7.0,6.6,6.7,6.2,6.1,5.7
2026-09-01T21:30:00Z,ok,ok,7.2,7.6,8.1,8.3,7.8,6.5,5.7,5.7,6.9,7.9,7.9,7.4,6.0,5.1,5.4,5.8,6.7,6.7,6.0,5.4,5.6,5.2,5.3,5.0
2026-09-01T22:00:00Z,ok,ok,7.2,7.4,7.5,7.0,6.7,5.7,5.5,6.3,7.7,7.9,7.1,5.8,5.0,5.0,6.3,6.9,6.8,5.9,4.8,4.4,4.6,4.6,4.6,4.6
2026-09-01T22:30:00Z,ok,ok,8.1,8.1,7.5,6.4,6.2,6.2,7.0,8.1,8.3,7.9,6.2,5.1,5.3,6.3,7.3,7.0,6.0,4.6,4.3,4.3,4.8,4.9,4.8,5.0
2026-09-01T23:00:00Z,ok,ok,7.5,7.2,6.6,6.0,6.1,7.2,7.8,7.8,7.0,6.2,5.1,5.2,5.9,6.9,6.5,5.3,4.6,4.0,4.2,4.6,5.0,5.2,5.0,5.1
2026-09-01T23:30:00Z,ok,ok,8.1,7.3,6.8,6.5,7.1,8.2,8.3,7.4,5.9,5.3,5.5,6.4,6.9,6.5,5.3,4.2,4.2,4.3,4.6,4.8,4.9,4.7,4.5,4.4
2026-09-02T00:00:00Z,,,0.0,0.0,0.0,0.0,0.0,0.0,0.0,0.0,0.0,0.0,0.0,0.0,0.0,0.0,0.0,0.0,0.0,0.0,0.0,0.0,0.0,0.0,0.0,0.0
2026-09-02T00:30:00Z,ok,ok,4.4,5.3,6.4,7.3,7.3,6.1,5.2,5.0,5.5,6.4,7.1,6.8,5.7,4.5,4.2,4.1,4.4,4.3,4.1,4.1,4.5,4.4,4.5,4.4
2026-09-02T01:00:00Z,ok,ok,5.3,6.4,7.3,7.4,7.0,5.7,4.7,5.1,6.4,7.3,6.9,5.5,4.4,3.9,4.1,4.3,4.2,3.9,3.7,3.7,3.9,4.0,4.0,4.0
2026-09-02T01:30:00Z,ok,ok,6.1,6.8,6.9,6.1,5.8,5.5,5.1,6.0,6.7,6.6,5.5,4.2,3.9,3.9,4.2,4.0,3.7,3.4,3.6,3.7,3.8,4.2,4.0,4.1
2026-09-02T02:00:00Z,ok,ok,6.9,6.7,6.0,5.2,5.1,5.6,5.9,6.0,5.6,5.1,4.3,3.9,3.8,3.8,3.5,3.2,3.4,3.7,4.0,4.3,4.2,4.4,4.3,4.2
2026-09-02T02:30:00Z,ok,ok,8.4,6.6,5.6,5.0,5.5,6.0,7.0,6.6,5.2,4.6,4.9,4.7,4.6,4.3,3.8,3.8,5.2,6.5,6.7,6.9,6.5,5.6,5.5,5.1
2026-09-02T03:00:00Z,ok,ok,6.6,5.6,5.3,5.2,6.1,6.2,6.6,5.9,4.9,4.7,4.8,5.0,4.8,4.4,4.4,4.6,6.4,7.1,6.7,6.3,5.9,5.1,5.1,4.8
2026-09-02T03:30:00Z,ok,ok,5.1,5.3,5.8,6.4,6.7,5.9,5.2,4.7,4.5,4.6,4.3,4.6,4.3,4.5,5.5,6.5,8.0,7.6,7.0,6.1,6.0,5.5,5.3,5.1
2026-09-02T04:00:00Z,ok,ok,4.8,5.4,6.0,6.2,5.9,5.3,4.4,4.3,4.1,4.2,4.0,4.0,4.5,5.5,7.2,9.9,12.0,12.6,12.5,11.9,11.8,11.4,11.1,10.8
2026-09-02T04:30:00Z,ok,ok,7.2,7.2,7.0,6.2,5.6,5.0,4.4,4.5,4.3,4.4,4.3,4.9,5.6,6.9,8.5,9.9,10.7,9.5,8.4,7.9,8.2,7.4,7.4,7.2
2026-09-02T05:00:00Z,ok,ok,8.0,7.3,6.1,4.9,4.6,4.6,4.3,4.6,4.5,4.4,4.7,5.8,7.2,8.8,9.7,10.2,10.0,8.4,7.5,7.1,7.2,6.4,6.5,6.3
2026-09-02T05:30:00Z,ok,ok,7.3,6.8,5.9,4.9,4.6,4.8,4.5,4.6,4.6,4.8,5.7,7.2,9.1,10.4,10.4,10.3,9.4,8.1,7.7,7.4,7.0,6.6,6.6,6.5
2026-09-02T06:00:00Z,,,0.0,0.0,0.0,0.0,0.0,0.0,0.0,0.0,0.0,0.0,0.0,0.0,0.0,0.0,0.0,0.0,0.0,0.0,0.0,0.0,0.0,0.0,0.0,0.0
2026-09-02T06:30:00Z,ok,ok,5.1,5.2,5.0,4.8,4.9,5.0,4.8,5.2,6.4,7.9,9.2,9.9,9.9,9.1,8.4,8.2,8.3,7.8,7.4,7.0,6.5,6.2,6.2,5.8
2026-09-02T07:00:00Z,ok,ok,4.3,4.5,4.4,4.4,4.7,4.8,4.9,5.7,7.4,8.8,9.3,9.0,8.1,7.3,7.0,6.8,6.7,6.4,5.7,5.3,5.2,5.2,4.9,4.8
2026-09-02T07:30:00Z,ok,ok,4.2,4.3,4.1,4.2,4.6,5.1,5.8,6.8,8.2,8.9,8.8,8.1,7.6,6.9,6.7,6.7,6.9,7.3,6.6,6.0,5.7,5.5,5.2,4.9
2026-09-02T08:00:00Z,ok,ok,4.0,3.9,3.8,4.0,4.8,5.8,7.1,8.6,9.9,10.2,9.5,8.4,7.8,7.5,7.3,7.0,7.1,7.1,6.3,5.8,5.6,5.4,5.0,5.0
2026-09-02T08:30:00Z,ok,ok,5.2,4.9,5.0,5.3,6.3,7.6,8.8,9.7,9.9,9.9,8.8,8.0,7.8,7.6,7.4,6.9,7.3,7.2,6.4,6.0,5.6,5.5,5.1,5.1
2026-09-02T09:00:00Z,ok,ok,5.5,5.3,5.8,6.5,7.8,9.0,9.8,10.1,9.6,9.2,8.2,8.2,7.8,7.6,7.3,6.8,7.5,7.3,7.0,6.7,6.3,6.0,5.8,5.6
2026-09-02T09:30:00Z,ok,ok,5.6,5.8,6.7,7.9,9.5,10.2,10.1,9.5,9.0,8.9,7.7,7.9,7.5,7.5,7.7,7.7,9.2,8.5,7.8,7.0,6.5,6.2,6.0,5.7
2026-09-02T10:00:00Z,ok,ok,5.3,6.1,7.3,8.7,9.9,10.1,9.1,8.6,8.3,8.6,7.3,7.4,7.2,7.6,8.1,8.5,9.5,8.6,8.1,7.3,7.0,6.9,6.8,6.5
2026-09-02T10:30:00Z,ok,ok,6.9,7.9,9.0,10.0,10.4,9.8,8.7,8.2,7.9,8.3,7.1,7.3,7.2,7.9,9.0,9.7,10.5,9.5,8.5,7.6,7.5,7.2,7.0,6.7
2026-09-02T11:00:00Z,ok,ok,10.9,11.8,12.2,11.4,10.9,9.9,8.9,8.7,8.0,8.3,7.1,7.8,8.2,9.4,10.2,10.3,10.4,10.4,9.9,10.0,10.2,9.6,9.4,9.1
2026-09-02T11:30:00Z,ok,ok,9.6,9.8,10.1,9.3,9.1,8.8,7.8,7.7,7.4,7.8,7.5,8.3,8.9,9.3,9.5,9.4,9.5,9.0,8.6,8.1,8.0,7.3,7.1,6.7
2026-09-02T12:00:00Z,,,0.0,0.0,0.0,0.0,0.0,0.0,0.0,0.0,0.0,0.0,0.0,0.0,0.0,0.0,0.0,0.0,0.0,0.0,0.0,0.0,0.0,0.0,0.0,0.0
2026-09-02T12:30:00Z,ok,ok,10.6,10.2,9.7,8.3,8.0,7.5,7.0,7.3,7.8,8.4,8.9,9.4,10.0,9.9,9.8,9.0,7.8,6.4,6.0,5.7,5.6,5.8,5.8,5.6
2026-09-02T13:00:00Z,ok,ok,8.6,8.7,8.5,7.7,7.6,7.1,6.9,7.3,8.0,9.0,9.2,9.5,9.9,9.5,8.9,7.6,6.3,5.3,5.1,4.9,4.9,5.1,5.0,5.0
2026-09-02T13:30:00Z,ok,ok,8.0,8.0,7.8,7.1,7.2,7.1,7.0,7.5,8.3,9.2,9.4,9.3,9.4,8.5,7.4,6.1,4.9,4.2,4.0,3.8,3.8,4.0,3.9,3.9
2026-09-02T14:00:00Z,ok,ok,8.2,8.0,7.6,7.0,7.3,7.7,7.9,8.2,8.6,9.2,9.5,9.1,8.8,7.3,6.1,5.1,4.6,4.5,4.4,4.1,4.0,4.1,3.9,4.0
2026-09-02T14:30:00Z,ok,ok,7.5,7.0,6.7,6.5,7.1,7.9,8.7,8.9,8.7,8.9,8.8,8.0,7.3,5.7,5.0,4.3,4.5,4.6,4.5,4.2,4.2,4.0,4.0,4.0
2026-09-02T15:00:00Z,ok,ok,6.6,6.7,6.7,7.0,7.7,8.5,8.8,8.7,8.7,8.8,8.0,6.9,5.9,4.6,3.9,3.2,3.0,2.6,2.5,2.5,2.7,2.8,2.8,2.9
2026-09-02T15:30:00Z,ok,ok,5.0,5.4,5.8,6.6,7.4,8.1,8.1,7.9,7.7,7.3,6.2,5.2,4.4,3.6,3.1,2.5,2.2,1.8,1.7,1.7,1.8,2.0,1.9,2.0
2026-09-02T16:00:00Z,ok,ok,5.9,6.5,7.0,7.8,8.3,9.1,8.7,8.3,7.7,6.8,5.4,4.4,3.7,3.1,2.7,2.3,2.0,1.8,1.8,1.9,2.0,2.2,2.1,2.2
2026-09-02T16:30:00Z,ok,ok,6.5,7.2,7.8,8.0,8.0,8.8,8.1,7.7,6.7,5.7,4.5,3.9,3.4,3.0,2.6,2.4,2.5,2.9,3.2,3.6,3.7,4.0,3.8,3.7
2026-09-02T17:00:00Z,ok,ok,8.0,8.4,8.8,8.6,8.4,8.5,7.8,6.8,5.7,4.8,4.0,3.5,3.1,2.7,2.5,2.4,3.0,3.6,4.0,4.2,4.3,4.3,4.1,4.1
2026-09-02T17:30:00Z,ok,ok,7.5,8.0,8.5,8.7,8.3,7.2,6.1,5.1,4.6,4.0,3.5,3.2,2.7,2.4,2.5,2.8,3.7,4.2,4.2,3.8,4.1,3.7,3.5,3.5
2026-09-02T18:00:00Z,failed,feed_unreachable,0.0,0.0,0.0,0.0,0.0,0.0,0.0,0.0,0.0,0.0,0.0,0.0,0.0,0.0,0.0,0.0,0.0,0.0,0.0,0.0,0.0,0.0,0.0,0.0
2026-09-02T18:30:00Z,ok,ok,8.7,9.3,8.9,8.1,6.6,5.3,4.2,3.8,3.3,3.1,2.8,2.8,2.8,3.1,3.8,4.5,5.1,5.4,5.4,5.1,5.3,5.0,4.7,4.7
2026-09-02T19:00:00Z,ok,ok,8.5,8.2,7.2,6.2,5.1,4.5,3.7,3.3,2.8,2.6,2.4,2.6,2.9,3.6,4.1,4.5,4.9,5.4,5.9,5.8,6.2,5.8,5.4,5.2
2026-09-02T19:30:00Z,ok,ok,10.1,8.7,6.8,5.8,4.7,4.2,3.6,3.1,2.8,2.7,2.7,3.2,3.7,4.3,4.4,4.7,5.1,5.6,6.0,5.9,6.0,5.6,5.2,5.1
2026-09-02T20:00:00Z,ok,ok,8.4,7.2,5.7,4.8,4.0,3.4,2.9,2.7,2.6,2.8,3.1,3.6,4.0,4.1,4.6,5.0,5.7,5.5,5.2,4.8,4.8,4.3,4.2,4.2
2026-09-02T20:30:00Z,ok,ok,5.6,5.0,4.1,3.5,2.8,2.4,2.1,2.2,2.5,3.2,3.6,4.1,4.3,4.6,5.3,5.9,6.3,5.6,4.9,4.7,4.5,4.4,4.4,4.5
2026-09-02T21:00:00Z,ok,ok,5.4,4.8,3.9,3.3,2.8,2.5,2.5,2.8,3.4,4.1,4.4,4.7,4.8,5.1,5.8,6.2,6.4,6.1,5.4,5.1,5.0,4.9,4.7,4.8
2026-09-02T21:30:00Z,ok,ok,4.4,3.9,3.3,2.8,2.5,2.6,2.8,3.3,4.0,4.6,4.6,4.8,5.1,5.6,6.0,6.2,6.3,6.3,5.8,5.7,5.7,5.5,5.2,5.2
2026-09-02T22:00:00Z,ok,ok,4.2,3.6,3.1,2.7,2.7,3.1,3.6,4.3,5.0,5.1,5.1,5.2,5.7,6.2,6.4,6.3,5.9,5.2,4.5,4.3,4.1,4.1,3.8,4.0
2026-09-02T22:30:00Z,ok,ok,4.1,3.5,3.2,2.9,3.2,3.8,4.5,5.0,5.3,5.5,6.0,6.3,6.8,6.7,6.4,6.0,5.4,4.9,4.4,4.2,4.1,3.9,3.8,4.1
2026-09-02T23:00:00Z,ok,ok,3.5,3.3,3.2,3.2,3.6,4.4,5.2,5.5,5.8,6.2,6.6,7.0,7.5,7.1,6.4,5.5,4.7,3.8,3.6,3.4,3.6,3.5,3.6,3.8
2026-09-02T23:30:00Z,ok,ok,3.5,3.7,4.0,4.3,4.9,5.3,5.5,5.9,6.5,7.3,6.9,7.0,6.7,6.4,5.9,5.2,4.8,4.4,4.2,4.3,4.5,4.6,4.6,4.6
2026-09-03T00:00:00Z,,,0.0,0.0,0.0,0.0,0.0,0.0,0.0,0.0,0.0,0.0,0.0,0.0,0.0,0.0,0.0,0.0,0.0,0.0,0.0,0.0,0.0,0.0,0.0,0.0
2026-09-03T00:30:00Z,ok,ok,5.0,5.3,5.5,5.5,5.9,6.2,6.5,7.1,7.6,7.8,7.1,6.7,6.4,6.0,6.0,6.3,6.9,7.2,6.8,6.8,6.3,6.1,6.2,5.8
2026-09-03T01:00:00Z,ok,ok,6.0,5.8,5.8,5.5,6.0,6.6,7.3,7.8,7.6,7.4,6.6,6.2,6.2,6.2,6.4,6.7,7.4,7.7,7.4,7.7,7.0,6.7,7.0,6.4
2026-09-03T01:30:00Z,ok,ok,6.1,6.2,6.1,6.0,6.6,7.3,7.7,7.8,7.2,7.0,5.9,6.0,6.3,6.9,7.4,7.3,7.4,7.1,7.1,7.3,7.2,7.2,7.4,7.1
2026-09-03T02:00:00Z,ok,ok,6.6,6.6,6.8,6.7,7.5,7.6,7.2,7.0,6.6,6.5,6.0,6.4,6.7,7.3,7.5,7.4,8.2,8.1,8.0,7.9,7.7,7.2,7.2,6.6
2026-09-03T02:30:00Z,,,0.0,0.0,0.0,0.0,0.0,0.0,0.0,0.0,0.0,0.0,0.0,0.0,0.0,0.0,0.0,0.0,0.0,0.0,0.0,0.0,0.0,0.0,0.0,0.0
2026-09-03T03:00:00Z,ok,ok,6.6,7.3,7.9,7.8,7.9,7.3,6.7,6.5,6.3,6.6,6.7,7.2,7.8,8.1,8.3,7.6,6.4,5.4,5.1,5.3,5.5,5.6,5.8,5.8
2026-09-03T03:30:00Z,,,0.0,0.0,0.0,0.0,0.0,0.0,0.0,0.0,0.0,0.0,0.0,0.0,0.0,0.0,0.0,0.0,0.0,0.0,0.0,0.0,0.0,0.0,0.0,0.0
2026-09-03T04:00:00Z,,,0.0,0.0,0.0,0.0,0.0,0.0,0.0,0.0,0.0,0.0,0.0,0.0,0.0,0.0,0.0,0.0,0.0,0.0,0.0,0.0,0.0,0.0,0.0,0.0
2026-09-03T04:30:00Z,ok,ok,7.7,7.7,7.3,6.5,6.2,5.7,5.5,5.9,6.7,7.6,7.3,7.2,7.0,6.7,6.9,6.7,6.4,5.9,5.4,5.3,5.4,5.4,5.5,5.5
2026-09-03T05:00:00Z,,,0.0,0.0,0.0,0.0,0.0,0.0,0.0,0.0,0.0,0.0,0.0,0.0,0.0,0.0,0.0,0.0,0.0,0.0,0.0,0.0,0.0,0.0,0.0,0.0
2026-09-03T05:30:00Z,ok,ok,7.2,7.0,6.7,6.1,6.0,6.4,7.1,8.0,8.4,8.5,7.4,7.1,7.0,7.6,8.0,7.4,6.5,5.2,4.9,5.0,5.5,5.6,5.6,5.9
2026-09-03T06:00:00Z,ok,ok,6.6,6.7,6.7,6.5,6.4,7.4,8.0,8.3,8.2,7.8,6.7,6.9,7.0,7.7,7.2,5.9,4.7,3.5,3.5,3.8,4.2,4.7,4.5,4.9
2026-09-03T06:30:00Z,ok,ok,6.0,6.3,6.6,6.8,7.1,8.0,7.9,7.6,7.1,7.0,6.6,6.9,6.8,6.6,5.6,4.3,3.5,2.9,2.9,3.3,3.6,3.9,3.8,4.1
2026-09-03T07:00:00Z,ok,ok,6.1,6.5,7.2,7.5,7.8,8.0,7.7,7.3,6.9,7.3,7.1,7.4,6.9,6.0,5.2,4.5,4.4,5.0,5.2,5.8,5.9,6.1,6.1,6.0
